feature,category,n_active,active_path,active_ben,inactive_path,inactive_ben,odds_ratio,log2_or,p_value,path_rate_active,ben_rate_active,q_value
0,dna-private,20,17,3,8051,760,0.5349231979464248,-0.9025963246739215,0.24653007314042663,0.85,0.15,6.137591276259506e-74
2,dna-private,13,9,4,8059,759,0.21190594366546717,-2.2385040410308137,0.021001542276485385,0.6923076923076923,0.3076923076923077,6.137591276259506e-74
3,prot-private,36,35,1,8033,762,3.3200547740570148,1.731207043261528,0.3656725407212863,0.9722222222222222,0.027777777777777776,1.3486175434808079e-64
4,dna-private,43,41,2,8027,761,1.943503176778373,0.9586594658549641,0.582055335925062,0.9534883720930233,0.046511627906976744,6.388400221161359e-26
5,dna-private,202,186,16,7882,747,1.1017349657447348,0.13977720975943483,0.8006242662609397,0.9207920792079208,0.07920792079207921,1.499676973186056e-14
6,dna-private,28,22,6,8046,757,0.34497472864363243,-1.5354374147237575,0.02960893992727668,0.7857142857142857,0.21428571428571427,6.137591276259506e-74
7,dead,21,13,8,8055,755,0.15231222842954686,-2.714896321240398,0.0002198507948276116,0.6190476190476191,0.38095238095238093,6.137591276259506e-74
8,prot-private,74,73,1,7995,762,6.9575984990619135,2.798589428005645,0.019867849931234537,0.9864864864864865,0.013513513513513514,6.137591276259506e-74
9,dna-private,41,40,1,8028,762,3.796711509715994,1.9247503810180673,0.2578854518887244,0.975609756097561,0.024390243902439025,6.137591276259506e-74
10,dna-private,31,30,1,8038,762,2.8439910425478976,1.5079169210430954,0.5158143009548789,0.967741935483871,0.03225806451612903,1.3486175434808079e-64
11,prot-private,124,120,4,7948,759,2.864871665827881,1.5184705137743146,0.024151466397186686,0.967741935483871,0.03225806451612903,6.137591276259506e-74
13,dna-private,21,20,1,8048,762,1.893638170974155,0.9211606925751572,1.0,0.9523809523809523,0.047619047619047616,1.499676973186056e-14
14,prot-private,35,34,1,8034,762,3.224794622852875,1.6892072826981948,0.3624586490896934,0.9714285714285714,0.02857142857142857,1.3486175434808079e-64
15,prot-private,31,30,1,8038,762,2.8439910425478976,1.5079169210430954,0.5158143009548789,0.967741935483871,0.03225806451612903,1.3486175434808079e-64
16,shared,33,32,1,8036,762,3.0343454454952714,1.60138533876003,0.35982551827944353,0.9696969696969697,0.030303030303030304,1.3486175434808079e-64
17,prot-private,222,209,13,7859,750,1.5342527430579345,0.6175361628415901,0.14701917839990708,0.9414414414414415,0.05855855855855856,6.137591276259506e-74
18,dna-private,121,107,14,7961,749,0.7190679562868987,-0.4757999743406431,0.25192935128809624,0.8842975206611571,0.11570247933884298,6.137591276259506e-74
19,dna-private,48,38,10,8030,753,0.3563387297633873,-1.4886787991765253,0.006957300717321127,0.7916666666666666,0.20833333333333334,6.137591276259506e-74
20,dna-private,60,52,8,8016,755,0.6122130738522954,-0.7078942408416751,0.2418554906702558,0.8666666666666667,0.13333333333333333,6.137591276259506e-74
21,dna-private,25,23,2,8045,761,1.0878185208203854,0.12143789394974983,1.0,0.92,0.08,1.499676973186056e-14
22,shared,11,10,1,8058,762,0.9456440804169769,-0.08063080776791416,1.0,0.9090909090909091,0.09090909090909091,1.499676973186056e-14
23,prot-private,18,18,0,8050,763,3.509036705794671,1.8110750389315806,0.39580838671128105,1.0,0.0,1.3486175434808079e-64
24,dna-private,55,51,4,8017,759,1.2070911812398653,0.271534658490667,1.0,0.9272727272727272,0.07272727272727272,1.499676973186056e-14
25,dna-private,83,79,4,7989,759,1.876361246714232,0.9079376096607988,0.322085067854452,0.9518072289156626,0.04819277108433735,1.3486175434808079e-64
26,shared,18,17,1,8051,762,1.6089926717177991,0.6861577552096091,1.0,0.9444444444444444,0.05555555555555555,1.499676973186056e-14
27,prot-private,22,20,2,8048,761,0.9455765407554672,-0.08073385141461938,0.7149840631017713,0.9090909090909091,0.09090909090909091,6.388400221161359e-26
28,prot-private,14,12,2,8056,761,0.5667825223435948,-0.8191328237820831,0.3441645340324851,0.8571428571428571,0.14285714285714285,1.3486175434808079e-64
29,dna-private,26,24,2,8044,761,1.1352560914967678,0.1830177779193497,1.0,0.9230769230769231,0.07692307692307693,1.499676973186056e-14
30,dna-private,11,10,1,8058,762,0.9456440804169769,-0.08063080776791416,1.0,0.9090909090909091,0.09090909090909091,1.499676973186056e-14
31,shared,32,30,2,8038,761,1.4201293854192585,0.5060223770533188,1.0,0.9375,0.0625,1.499676973186056e-14
32,dead,24,20,4,8048,759,0.47154572564612324,-1.0845304195026986,0.14800296197823892,0.8333333333333334,0.16666666666666666,6.137591276259506e-74
33,prot-private,218,210,8,7858,755,2.522111224230084,1.3346318994198771,0.006693086583546233,0.963302752293578,0.03669724770642202,6.137591276259506e-74
34,dna-private,15,14,1,8054,762,1.3245592252296996,0.40551235260517215,1.0,0.9333333333333333,0.06666666666666667,1.499676973186056e-14
35,dna-private,41,40,1,8028,762,3.796711509715994,1.9247503810180673,0.2578854518887244,0.975609756097561,0.024390243902439025,6.137591276259506e-74
36,dna-private,81,72,9,7996,754,0.7543771885942971,-0.40664204347596333,0.42360441141677685,0.8888888888888888,0.1111111111111111,1.3486175434808079e-64
37,dna-private,30,29,1,8039,762,2.7488493593730565,1.4588278473964156,0.5123772522077924,0.9666666666666667,0.03333333333333333,1.3486175434808079e-64
38,dna-private,20,17,3,8051,760,0.5349231979464248,-0.9025963246739215,0.24653007314042663,0.85,0.15,6.137591276259506e-74
39,dna-private,24,22,2,8046,761,1.0403927417350236,0.05712823951521257,1.0,0.9166666666666666,0.08333333333333333,1.499676973186056e-14
41,dna-private,37,36,1,8032,762,3.4153386454183265,1.7720286349848624,0.37004759409297505,0.972972972972973,0.02702702702702703,1.3486175434808079e-64
42,shared,13,13,0,8055,763,2.5590590279932965,1.3556134253808918,0.6199739488311733,1.0,0.0,6.388400221161359e-26
43,dna-private,126,117,9,7951,754,1.2328009055464721,0.30193982668866887,0.6342948553923802,0.9285714285714286,0.07142857142857142,6.388400221161359e-26
44,dna-private,120,100,20,7968,743,0.46623995983935745,-1.1008554366421224,0.0045278270625065484,0.8333333333333334,0.16666666666666666,6.137591276259506e-74
45,dna-private,203,193,10,7875,753,1.845447619047619,0.8839707888906427,0.057528973585597734,0.9507389162561576,0.04926108374384237,6.137591276259506e-74
47,dna-private,58,58,0,8010,763,11.151551089195431,3.479172486024581,0.008648732175632357,1.0,0.0,6.137591276259506e-74
48,dna-private,63,60,3,8008,760,1.898101898101898,0.9245574443823166,0.3685680573327895,0.9523809523809523,0.047619047619047616,1.3486175434808079e-64
49,dna-private,411,398,13,7670,750,2.993681676862902,1.581920825395504,8.59170384290234e-06,0.9683698296836983,0.031630170316301706,6.137591276259506e-74
50,dna-private,367,333,34,7735,729,0.9230655157990798,-0.11549504618853822,0.6354259044654715,0.9073569482288828,0.09264305177111716,6.388400221161359e-26
51,dead,19,16,3,8052,760,0.5033946017552575,-0.990238349311548,0.22277766157339868,0.8421052631578947,0.15789473684210525,6.137591276259506e-74
53,prot-private,13,13,0,8055,763,2.5590590279932965,1.3556134253808918,0.6199739488311733,1.0,0.0,6.388400221161359e-26
54,dna-private,49,43,6,8025,757,0.6760332294911734,-0.5648339329303544,0.31277567193929934,0.8775510204081632,0.12244897959183673,1.3486175434808079e-64
55,dna-private,36,35,1,8033,762,3.3200547740570148,1.731207043261528,0.3656725407212863,0.9722222222222222,0.027777777777777776,1.3486175434808079e-64
56,dna-private,16,11,5,8057,758,0.20697530098051384,-2.2724694782688077,0.0092674991092931,0.6875,0.3125,6.137591276259506e-74
57,prot-private,109,104,5,7964,758,1.9797086891009543,0.9852881557043189,0.16743359554501375,0.9541284403669725,0.045871559633027525,6.137591276259506e-74
58,dna-private,64,63,1,8005,762,5.997001873828857,2.5842414235896194,0.04147743821197437,0.984375,0.015625,6.137591276259506e-74
59,dna-private,20,16,4,8052,759,0.3770491803278688,-1.4071753815058734,0.08818066269357304,0.8,0.2,6.137591276259506e-74
60,prot-private,41,40,1,8028,762,3.796711509715994,1.9247503810180673,0.2578854518887244,0.975609756097561,0.024390243902439025,6.137591276259506e-74
61,shared,19,17,2,8051,761,0.8034405663892684,-0.3157367887801676,0.677113499984792,0.8947368421052632,0.10526315789473684,6.388400221161359e-26
62,dna-private,29,24,5,8044,758,0.45231228244654403,-1.1446089223004663,0.09997958225541735,0.8275862068965517,0.1724137931034483,6.137591276259506e-74
63,prot-private,168,167,1,7901,762,16.106062523731172,4.009531933947346,9.187397985611127e-06,0.9940476190476191,0.005952380952380952,6.137591276259506e-74
65,prot-private,172,168,4,7900,759,4.035189873417721,2.012636560242399,0.0013594652237971854,0.9767441860465116,0.023255813953488372,6.137591276259506e-74
66,dna-private,49,34,15,8034,748,0.21103642851215668,-2.244436040516009,9.37546854426044e-06,0.6938775510204082,0.30612244897959184,6.137591276259506e-74
67,dna-private,510,501,9,7567,754,5.546804105546011,2.471656775229306,3.3699636241637474e-11,0.9823529411764705,0.01764705882352941,6.137591276259506e-74
68,prot-private,44,40,4,8028,759,0.945440956651719,-0.0809407310597884,0.7895081975499975,0.9090909090909091,0.09090909090909091,6.388400221161359e-26
69,dna-private,15,15,0,8053,763,2.9389085490780404,1.5552804669020328,0.6340216938892271,1.0,0.0,6.388400221161359e-26
70,dna-private,161,152,9,7916,754,1.6086688001796643,0.6858673282224254,0.20142350503876044,0.9440993788819876,0.055900621118012424,6.137591276259506e-74
71,shared,10,9,1,8059,762,0.8509740662613228,-0.2328129289529579,0.59509736615207,0.9,0.1,6.388400221161359e-26
72,dna-private,25,23,2,8045,761,1.0878185208203854,0.12143789394974983,1.0,0.92,0.08,0.521264801956407
73,dna-private,239,225,14,7843,749,1.53480810914191,0.6180582925369986,0.12958796402233408,0.9414225941422594,0.058577405857740586,6.137591276259506e-74
74,prot-private,100,98,2,7970,761,4.678670012547052,2.2260984787409197,0.01132113105065627,0.98,0.02,6.137591276259506e-74
75,prot-private,28,27,1,8041,762,2.5586369854495707,1.355375475067056,0.5093441065762562,0.9642857142857143,0.03571428571428571,1.3486175434808079e-64
76,dna-private,47,46,1,8022,762,4.369483919222139,2.127462892735826,0.18434086421492807,0.9787234042553191,0.02127659574468085,6.137591276259506e-74
77,dna-private,21,16,5,8052,758,0.3012419274714357,-1.7310055136376103,0.03013179244691118,0.7619047619047619,0.23809523809523808,6.137591276259506e-74
78,dna-private,24,22,2,8046,761,1.0403927417350236,0.05712823951521257,1.0,0.9166666666666666,0.08333333333333333,1.499676973186056e-14
79,prot-private,309,264,45,7804,718,0.5397573893729711,-0.8896170057571963,0.0004198050268352133,0.8543689320388349,0.14563106796116504,6.137591276259506e-74
80,dna-private,11,11,0,8057,763,2.179398076326404,1.1239297349069568,0.6147434751291604,1.0,0.0,6.388400221161359e-26
81,dna-private,17,9,8,8059,755,0.10539458989949126,-3.2461272822338385,3.59173565397958e-05,0.5294117647058824,0.47058823529411764,6.137591276259506e-74
82,dna-private,238,226,12,7842,751,1.8036002720394457,0.850879632691714,0.046074538339222856,0.9495798319327731,0.05042016806722689,6.137591276259506e-74
83,dna-private,45,42,3,8026,760,1.3256915026164964,0.40674508960855665,1.0,0.9333333333333333,0.06666666666666667,1.499676973186056e-14
84,prot-private,134,80,54,7988,709,0.13149353660119809,-2.926936207480563,1.0209181321332863e-23,0.5970149253731343,0.40298507462686567,6.137591276259506e-74
85,dna-private,43,36,7,8032,756,0.48406374501992033,-1.0467310503449911,0.09378022069229547,0.8372093023255814,0.16279069767441862,6.137591276259506e-74
86,dna-private,27,23,4,8045,759,0.5424798011187073,-0.8823586741383294,0.28746707582594033,0.8518518518518519,0.14814814814814814,1.3486175434808079e-64
87,dna-private,37,37,0,8031,763,7.129739152088651,2.8338492953406753,0.07162832242165393,1.0,0.0,6.137591276259506e-74
88,prot-private,36,29,7,8039,756,0.3896006966040552,-1.3599318379334382,0.03193812350325204,0.8055555555555556,0.19444444444444445,6.137591276259506e-74
89,dna-private,122,116,6,7952,757,1.8404594232059022,0.8800659428298615,0.19120304368361346,0.9508196721311475,0.04918032786885246,6.137591276259506e-74
91,shared,23,22,1,8046,762,2.08351976137211,1.059022783504989,0.716472396975913,0.9565217391304348,0.043478260869565216,6.388400221161359e-26
92,dna-private,13,10,3,8058,760,0.31438735831885495,-1.6693848876514445,0.09567651131280328,0.7692307692307693,0.23076923076923078,6.137591276259506e-74
93,dna-private,116,106,10,7962,753,1.0024868123587038,0.0035832582564154763,1.0,0.9137931034482759,0.08620689655172414,1.499676973186056e-14
94,prot-private,42,38,4,8030,759,0.897945205479452,-0.15530068354562512,0.7813655501740419,0.9047619047619048,0.09523809523809523,6.388400221161359e-26
95,prot-private,37,33,4,8035,759,0.7793092719352831,-0.3597321137885364,0.5570142951867847,0.8918918918918919,0.10810810810810811,6.388400221161359e-26
96,dna-private,82,80,2,7988,761,3.8107160741111668,1.9300621209469353,0.045655111458199615,0.975609756097561,0.024390243902439025,6.137591276259506e-74
97,dna-private,82,80,2,7988,761,3.8107160741111668,1.9300621209469353,0.045655111458199615,0.975609756097561,0.024390243902439025,6.137591276259506e-74
98,dna-private,39,36,3,8032,760,1.1354581673306774,0.18327455510133217,1.0,0.9230769230769231,0.07692307692307693,1.499676973186056e-14
99,dna-private,21,21,0,8047,763,4.079589934762349,2.028424145133909,0.25142759190310204,1.0,0.0,6.137591276259506e-74
100,prot-private,12,11,1,8057,762,1.0403375946382027,0.05705176594078467,1.0,0.9166666666666666,0.08333333333333333,1.499676973186056e-14
101,dna-private,48,47,1,8021,762,4.4650292980925075,2.1586696418804494,0.12332252487605919,0.9791666666666666,0.020833333333333332,6.137591276259506e-74
102,prot-private,10,10,0,8058,763,1.9896382701495317,0.9925061627800148,1.0,1.0,0.0,1.499676973186056e-14
103,dna-private,46,41,5,8027,758,0.774336613927993,-0.36896723436485207,0.5937279062956088,0.8913043478260869,0.10869565217391304,6.388400221161359e-26
104,dna-private,422,388,34,7680,729,1.0832261029411765,0.11533440965520686,0.7228307577981317,0.919431279620853,0.08056872037914692,6.388400221161359e-26
105,dna-private,12,12,0,8056,763,2.369204989759821,1.2444030296948858,0.6160300460842021,1.0,0.0,6.388400221161359e-26
106,dna-private,51,46,5,8022,758,0.8693093991523311,-0.20205835147376677,0.8002634787141999,0.9019607843137255,0.09803921568627451,6.388400221161359e-26
107,dna-private,38,32,6,8036,757,0.5024058403849344,-0.9930748594687165,0.13725715750041734,0.8421052631578947,0.15789473684210525,6.137591276259506e-74
108,dna-private,16,9,7,8059,756,0.12061049758034495,-3.0515726142828115,0.00019955026977496804,0.5625,0.4375,6.137591276259506e-74
109,dna-private,25,21,4,8047,759,0.49518454082266683,-1.0139618191611302,0.2690266390706343,0.84,0.16,6.137591276259506e-74
110,dna-private,230,216,14,7852,749,1.4717269485481406,0.5575100310984444,0.1902071325021109,0.9391304347826087,0.06086956521739131,6.137591276259506e-74
111,dna-private,47,40,7,8028,756,0.5381165919282511,-0.8940093043117862,0.12112503700560127,0.851063829787234,0.14893617021276595,6.137591276259506e-74
112,dead,15,15,0,8053,763,2.9389085490780404,1.5552804669020328,0.6340216938892271,1.0,0.0,6.388400221161359e-26
113,dna-private,58,53,5,8015,758,1.0024703680598877,0.003559592805018051,1.0,0.9137931034482759,0.08620689655172414,1.499676973186056e-14
114,shared,16,14,2,8054,761,0.6614104792649615,-0.5963821913846045,0.6433648787155277,0.875,0.125,6.388400221161359e-26
115,dna-private,10,8,2,8060,761,0.37766749379652603,-1.4048114799117843,0.21174867571160536,0.8,0.2,6.137591276259506e-74
116,shared,23,23,0,8045,763,4.460195140140451,2.157106831570286,0.2566084918038831,1.0,0.0,6.137591276259506e-74
117,dna-private,15,13,2,8055,761,0.614090626939789,-0.7034765119492934,0.37647785138890716,0.8666666666666667,0.13333333333333333,1.3486175434808079e-64
118,dead,23,20,3,8048,760,0.629555997349238,-0.667593387308373,0.4442764268572269,0.8695652173913043,0.13043478260869565,1.3486175434808079e-64
120,prot-private,119,115,4,7953,759,2.7437759336099585,1.4561626707714266,0.04603497849739198,0.9663865546218487,0.03361344537815126,6.137591276259506e-74
122,dna-private,83,65,18,8003,745,0.3361586627237008,-1.5727857669526122,0.00020353092616544493,0.7831325301204819,0.21686746987951808,6.137591276259506e-74
123,dna-private,119,87,32,7981,731,0.2490171970930961,-2.0056827168341083,3.413244588597389e-09,0.7310924369747899,0.2689075630252101,6.137591276259506e-74
124,dna-private,50,48,2,8020,761,2.2773067331670824,1.1873286228824191,0.3179051122649078,0.96,0.04,1.3486175434808079e-64
125,dna-private,65,45,20,8023,743,0.20836968714944534,-2.262782679938961,2.825710597783721e-07,0.6923076923076923,0.3076923076923077,6.137591276259506e-74
126,shared,12,6,6,8062,757,0.09389729595633838,-3.412772577865348,0.0002392009954698319,0.5,0.5,6.137591276259506e-74
127,dna-private,44,40,4,8028,759,0.945440956651719,-0.0809407310597884,0.7895081975499975,0.9090909090909091,0.09090909090909091,6.388400221161359e-26
128,dna-private,21,19,2,8049,761,0.8981861100757859,-0.15491368303454628,0.7021801097644735,0.9047619047619048,0.09523809523809523,6.388400221161359e-26
129,dna-private,151,141,10,7927,753,1.3393843824902232,0.4215700511265213,0.46463221998315984,0.9337748344370861,0.06622516556291391,1.3486175434808079e-64
130,prot-private,74,43,31,8025,732,0.12652396744045824,-2.9825173942977625,1.097513304782782e-14,0.581081081081081,0.4189189189189189,6.137591276259506e-74
131,dna-private,28,23,5,8045,758,0.43341205717837167,-1.2061888062700663,0.08872434228178167,0.8214285714285714,0.17857142857142858,6.137591276259506e-74
132,dna-private,32,29,3,8039,760,0.9138781772193888,-0.12992623248711502,0.7536237834637938,0.90625,0.09375,6.388400221161359e-26
133,shared,28,23,5,8045,758,0.43341205717837167,-1.2061888062700663,0.08872434228178167,0.8214285714285714,0.17857142857142858,6.137591276259506e-74
134,dead,15,14,1,8054,762,1.3245592252296996,0.40551235260517215,1.0,0.9333333333333333,0.06666666666666667,0.003801376386235594
135,dna-private,52,49,3,8019,760,1.5479901899654986,0.6303963287607656,0.6227523848035943,0.9423076923076923,0.057692307692307696,6.388400221161359e-26
136,dna-private,25,21,4,8047,759,0.49518454082266683,-1.0139618191611302,0.2690266390706343,0.84,0.16,6.137591276259506e-74
137,dna-private,272,264,8,7804,755,3.1925935417734497,1.6747288909618685,0.00024862331864228325,0.9705882352941176,0.029411764705882353,6.137591276259506e-74
138,dna-private,23,19,4,8049,759,0.44791278419679464,-1.1587102511226255,0.13180999755492595,0.8260869565217391,0.17391304347826086,6.137591276259506e-74
139,dna-private,28,25,3,8043,760,0.787434207799743,-0.344768707319201,0.7304102003319707,0.8928571428571429,0.10714285714285714,6.388400221161359e-26
140,dna-private,31,24,7,8044,756,0.32222774738935855,-1.6338473634207271,0.014629950189399336,0.7741935483870968,0.22580645161290322,6.137591276259506e-74
141,dna-private,69,64,5,8004,758,1.2121939030484759,0.2776204913779883,0.8312801261172446,0.927536231884058,0.07246376811594203,1.499676973186056e-14
143,dna-private,23,16,7,8052,756,0.21460506706408347,-2.220243954757871,0.002500366431321196,0.6956521739130435,0.30434782608695654,6.137591276259506e-74
144,dna-private,41,36,5,8032,758,0.6794820717131475,-0.5574926092247302,0.39759452388256966,0.8780487804878049,0.12195121951219512,1.3486175434808079e-64
145,dna-private,119,103,16,7965,747,0.6037429378531074,-0.7279936864402166,0.06926391054414587,0.865546218487395,0.13445378151260504,6.137591276259506e-74
147,dna-private,11,10,1,8058,762,0.9456440804169769,-0.08063080776791416,1.0,0.9090909090909091,0.09090909090909091,0.00470690484633421
149,dna-private,48,43,5,8025,758,0.8123115264797508,-0.2998949789112005,0.6046146557937583,0.8958333333333334,0.10416666666666667,6.388400221161359e-26
152,dna-private,24,21,3,8047,760,0.6611159438299987,-0.5970247869668049,0.45796208248726505,0.875,0.125,1.3486175434808079e-64
153,dna-private,64,60,4,8008,759,1.4217032967032968,0.5076204121879914,0.6561070459326518,0.9375,0.0625,6.388400221161359e-26
154,dna-private,15,12,3,8056,760,0.37735849056603776,-1.4059923596758368,0.13412797121574013,0.8,0.2,6.137591276259506e-74
155,dna-private,120,114,6,7954,757,1.808272567261755,0.8546121566241057,0.18935754718941392,0.95,0.05,6.137591276259506e-74
156,dna-private,60,58,2,8010,761,2.7551810237203496,1.462147111335045,0.16955229586736598,0.9666666666666667,0.03333333333333333,6.137591276259506e-74
157,dna-private,30,28,2,8040,761,1.3251243781094528,0.4061277794948587,1.0,0.9333333333333333,0.06666666666666667,0.00470690484633421
158,prot-private,86,82,4,7986,759,1.9483471074380165,0.9622507234005021,0.24548627420549432,0.9534883720930233,0.046511627906976744,6.137591276259506e-74
159,dna-private,70,65,5,8003,758,1.2312882668999126,0.30016856242390577,0.8314058909741602,0.9285714285714286,0.07142857142857142,1.499676973186056e-14
160,dead,23,18,5,8050,758,0.33898136645962734,-1.5607221231633,0.043210400933891426,0.782608695652174,0.21739130434782608,6.137591276259506e-74
161,dna-private,72,65,7,8003,756,0.8771710608521804,-0.18906987869635503,0.6738013167272671,0.9027777777777778,0.09722222222222222,6.388400221161359e-26
162,dna-private,50,43,7,8025,756,0.5786915887850468,-0.7891334200314613,0.1986707155330188,0.86,0.14,6.137591276259506e-74
163,dead,32,32,0,8036,763,6.175262863186711,2.626500549384666,0.10839836940242864,1.0,0.0,6.137591276259506e-74
164,dna-private,38,33,5,8035,758,0.6226260112009957,-0.6835622459202733,0.3755053214500226,0.868421052631579,0.13157894736842105,1.3486175434808079e-64
166,dna-private,67,58,9,8010,754,0.6066306006380913,-0.7211098203421484,0.18415982902515599,0.8656716417910447,0.13432835820895522,6.137591276259506e-74
167,dna-private,26,23,3,8045,760,0.7242593743525999,-0.4654216419440042,0.48773304782795196,0.8846153846153846,0.11538461538461539,1.3486175434808079e-64
168,dna-private,38,35,3,8033,760,1.1037802398439769,0.14245296337799762,1.0,0.9210526315789473,0.07894736842105263,0.003801376386235594
169,prot-private,25,22,3,8046,760,0.692683735189328,-0.5297312963785412,0.4725039628434682,0.88,0.12,1.3486175434808079e-64
170,dna-private,43,41,2,8027,761,1.943503176778373,0.9586594658549641,0.582055335925062,0.9534883720930233,0.046511627906976744,6.388400221161359e-26
171,shared,31,31,0,8037,763,5.984510108864697,2.581233153194096,0.10691894429686633,1.0,0.0,6.137591276259506e-74
172,dna-private,239,221,18,7847,745,1.165661328462399,0.22114868843561222,0.6401985307853175,0.9246861924686193,0.07531380753138076,6.388400221161359e-26
173,dna-private,22,20,2,8048,761,0.9455765407554672,-0.08073385141461938,0.7149840631017713,0.9090909090909091,0.09090909090909091,6.388400221161359e-26
174,dna-private,17,17,0,8051,763,3.3189467801030865,1.7307254957322895,0.3917859073460155,1.0,0.0,1.3486175434808079e-64
175,dna-private,15,15,0,8053,763,2.9389085490780404,1.5552804669020328,0.6340216938892271,1.0,0.0,6.388400221161359e-26
177,dna-private,56,43,13,8025,750,0.30913012221423436,-1.6937138549527788,0.0007719393309454938,0.7678571428571429,0.23214285714285715,6.137591276259506e-74
178,dna-private,16,13,3,8055,760,0.40885578315745913,-1.2903360478430472,0.15504769204284768,0.8125,0.1875,6.137591276259506e-74
179,dna-private,74,66,8,8002,755,0.7783991502124469,-0.3614179597747072,0.5292741107930962,0.8918918918918919,0.10810810810810811,6.388400221161359e-26
180,dna-private,48,39,9,8029,754,0.40694150371569726,-1.2971066673848288,0.03298403421956733,0.8125,0.1875,6.137591276259506e-74
181,shared,15,15,0,8053,763,2.9389085490780404,1.5552804669020328,0.6340216938892271,1.0,0.0,6.388400221161359e-26
182,dna-private,33,23,10,8045,753,0.21527656929770045,-2.2157367897692297,0.0003215758942950651,0.696969696969697,0.30303030303030304,6.137591276259506e-74
183,prot-private,29,26,3,8042,760,0.8190334079416397,-0.2880057950494767,0.7354723604369783,0.896551724137931,0.10344827586206896,6.388400221161359e-26
184,dna-private,90,83,7,7985,756,1.1226048841577958,0.16685024121179826,1.0,0.9222222222222223,0.07777777777777778,8.510575869671689e-13
185,dna-private,51,48,3,8020,760,1.5162094763092269,0.6004690869886651,0.6226219697680933,0.9411764705882353,0.058823529411764705,6.388400221161359e-26
186,prot-private,67,62,5,8006,758,1.1740194853859605,0.23145635328306602,1.0,0.9253731343283582,0.07462686567164178,8.510575869671689e-13
187,dna-private,19,12,7,8056,756,0.1608738828202582,-2.63599796512216,0.0006978628484707713,0.631578947368421,0.3684210526315789,6.137591276259506e-74
188,dead,19,18,1,8050,762,1.7038509316770187,0.7687991210462928,1.0,0.9473684210526315,0.05263157894736842,8.510575869671689e-13
189,dna-private,21,19,2,8049,761,0.8981861100757859,-0.15491368303454628,0.7021801097644735,0.9047619047619048,0.09523809523809523,6.388400221161359e-26
190,prot-private,211,201,10,7867,753,1.9238972924876065,0.9440317826973992,0.04588204349373719,0.95260663507109,0.04739336492890995,6.137591276259506e-74
191,dna-private,25,21,4,8047,759,0.49518454082266683,-1.0139618191611302,0.2690266390706343,0.84,0.16,6.137591276259506e-74
192,dead,42,36,6,8032,757,0.5654880478087649,-0.8224315632438842,0.17278394087249122,0.8571428571428571,0.14285714285714285,6.137591276259506e-74
193,prot-private,326,316,10,7752,753,3.069504643962848,1.6180058525465877,7.378675250363929e-05,0.9693251533742331,0.03067484662576687,6.137591276259506e-74
194,dna-private,55,43,12,8025,751,0.33533748701973,-1.5763143254018144,0.002154740851301108,0.7818181818181819,0.21818181818181817,6.137591276259506e-74
196,dna-private,48,46,2,8022,761,2.181874844178509,1.1255683487460493,0.43485333151682726,0.9583333333333334,0.041666666666666664,1.3486175434808079e-64
197,dna-private,77,68,9,8000,754,0.7121111111111111,-0.48982573158539566,0.30903889636341764,0.8831168831168831,0.11688311688311688,1.3486175434808079e-64
198,prot-private,33,30,3,8038,760,0.9455088330430456,-0.08083715884043495,0.7604116415681585,0.9090909090909091,0.09090909090909091,6.388400221161359e-26
199,shared,48,45,3,8023,760,1.4209148697494702,0.5068201220195966,0.7960332633665161,0.9375,0.0625,6.388400221161359e-26
201,prot-private,306,246,60,7822,703,0.3684863206341089,-1.4403170319296887,1.0916294991786305e-09,0.803921568627451,0.19607843137254902,6.137591276259506e-74
202,dna-private,307,293,14,7775,749,2.0161414790996783,1.0115968809180675,0.0070123400229186485,0.9543973941368078,0.04560260586319218,6.137591276259506e-74
203,dna-private,32,31,1,8037,762,2.939156401642404,1.555402131316662,0.5203953958732317,0.96875,0.03125,6.388400221161359e-26
204,prot-private,34,34,0,8034,763,6.556910822079781,2.7130162734774426,0.11435924573523856,1.0,0.0,6.137591276259506e-74
205,dna-private,17,15,2,8053,761,0.7087420836955172,-0.49666737894466767,0.6538307945337098,0.8823529411764706,0.11764705882352941,6.388400221161359e-26
206,dna-private,36,36,0,8032,763,6.93874883286648,2.7946755453180945,0.07033340726884621,1.0,0.0,6.137591276259506e-74
207,dna-private,66,59,7,8009,756,0.7956049444375078,-0.3298758527864611,0.509823235608082,0.8939393939393939,0.10606060606060606,1.3486175434808079e-64
208,dna-private,22,18,4,8050,759,0.42428571428571427,-1.236891991031563,0.11640137205561549,0.8181818181818182,0.18181818181818182,6.137591276259506e-74
210,shared,14,14,0,8054,763,2.748960208579055,1.4588860238748205,0.6261069302735234,1.0,0.0,6.388400221161359e-26
212,dna-private,16,16,0,8052,763,3.1289040670599193,1.6456574258851278,0.3903018394628883,1.0,0.0,1.3486175434808079e-64
213,dna-private,376,351,25,7717,738,1.34268757289102,0.4251236461821695,0.18831521319463332,0.9335106382978723,0.06648936170212766,6.137591276259506e-74
214,dna-private,152,150,2,7918,761,7.20825966153069,2.8496509819693294,0.00020818576731329575,0.9868421052631579,0.013157894736842105,6.137591276259506e-74
215,dna-private,59,39,20,8029,743,0.18045211109727238,-2.470312073559947,4.592067753476637e-08,0.6610169491525424,0.3389830508474576,6.137591276259506e-74
216,dna-private,29,24,5,8044,758,0.45231228244654403,-1.1446089223004663,0.09997958225541735,0.8275862068965517,0.1724137931034483,6.137591276259506e-74
217,dna-private,40,36,4,8032,759,0.8504731075697212,-0.23366247709299323,0.7745368167164695,0.9,0.1,6.388400221161359e-26
218,dna-private,28,22,6,8046,757,0.34497472864363243,-1.5354374147237575,0.02960893992727668,0.7857142857142857,0.21428571428571427,6.137591276259506e-74
219,dna-private,139,134,5,7934,758,2.5604234938240484,1.3563824515962213,0.03176961983286383,0.9640287769784173,0.03597122302158273,6.137591276259506e-74
220,prot-private,18,16,2,8052,761,0.7560854446100348,-0.40337881341779425,0.6651558352122813,0.8888888888888888,0.1111111111111111,6.388400221161359e-26
221,shared,36,34,2,8034,761,1.6102813044560618,0.6873127387084181,0.7660921570241743,0.9444444444444444,0.05555555555555555,6.388400221161359e-26
222,dna-private,90,73,17,7995,746,0.4006768936467645,-1.3194887804827788,0.0018720085382113584,0.8111111111111111,0.18888888888888888,6.137591276259506e-74
223,prot-private,52,45,7,8023,756,0.6057584444721426,-0.7231854834267266,0.2118898369389518,0.8653846153846154,0.1346153846153846,6.137591276259506e-74
224,prot-private,10,10,0,8058,763,1.9896382701495317,0.9925061627800148,1.0,1.0,0.0,1.499676973186056e-14
225,prot-private,657,577,80,7491,683,0.657607462288079,-0.6047014246011579,0.0014319933346169024,0.878234398782344,0.121765601217656,6.137591276259506e-74
226,dead,26,24,2,8044,761,1.1352560914967678,0.1830177779193497,1.0,0.9230769230769231,0.07692307692307693,1.499676973186056e-14
227,dna-private,15,13,2,8055,761,0.614090626939789,-0.7034765119492934,0.37647785138890716,0.8666666666666667,0.13333333333333333,1.3486175434808079e-64
228,dna-private,80,64,16,8004,747,0.3733133433283358,-1.421541019116504,0.0018536829422002828,0.8,0.2,6.137591276259506e-74
229,prot-private,56,55,1,8013,762,5.230250842381131,2.3868801396617156,0.08869038644278064,0.9821428571428571,0.017857142857142856,6.137591276259506e-74
231,prot-private,198,188,10,7880,753,1.796497461928934,0.8451868971184646,0.0727414770135581,0.9494949494949495,0.050505050505050504,6.137591276259506e-74
232,dna-private,11,10,1,8058,762,0.9456440804169769,-0.08063080776791416,1.0,0.9090909090909091,0.09090909090909091,1.499676973186056e-14
233,prot-private,129,119,10,7949,753,1.1272738709271606,0.17283806052198714,0.8744120077207449,0.9224806201550387,0.07751937984496124,1.499676973186056e-14
235,dna-private,31,26,5,8042,758,0.49012683412086544,-1.028772959375539,0.18492513850854314,0.8387096774193549,0.16129032258064516,6.137591276259506e-74
236,prot-private,680,601,79,7467,684,0.6968789255000483,-0.5210200682822117,0.005493121574493806,0.8838235294117647,0.1161764705882353,6.137591276259506e-74
237,prot-private,37,36,1,8032,762,3.4153386454183265,1.7720286349848624,0.37004759409297505,0.972972972972973,0.02702702702702703,1.3486175434808079e-64
238,dna-private,38,30,8,8038,755,0.3522331425727793,-1.5053974322377852,0.014215028816340472,0.7894736842105263,0.21052631578947367,6.137591276259506e-74
239,dna-private,44,39,5,8029,758,0.736380620251588,-0.44147643592745134,0.42666670038808,0.8863636363636364,0.11363636363636363,1.3486175434808079e-64
240,dna-private,37,32,5,8036,758,0.603683424589348,-0.7281359054495624,0.24680288050724591,0.8648648648648649,0.13513513513513514,6.137591276259506e-74
241,prot-private,114,112,2,7956,761,5.356460532931121,2.4212800047274055,0.0038904345166088893,0.9824561403508771,0.017543859649122806,6.137591276259506e-74
243,prot-private,145,141,4,7927,759,3.375141920020184,1.7549481667574218,0.006817717857193658,0.9724137931034482,0.027586206896551724,6.137591276259506e-74
244,dna-private,52,46,6,8022,757,0.7234687941494224,-0.46699730549292057,0.4524666468682556,0.8846153846153846,0.11538461538461539,1.3486175434808079e-64
245,shared,38,35,3,8033,760,1.1037802398439769,0.14245296337799762,1.0,0.9210526315789473,0.07894736842105263,1.499676973186056e-14
246,prot-private,28,16,12,8052,751,0.12435833747309157,-3.007424860128224,1.3179087740235568e-06,0.5714285714285714,0.42857142857142855,6.137591276259506e-74
247,prot-private,422,385,37,7683,726,0.9832518969574807,-0.024367030369559978,0.9291802506572135,0.9123222748815166,0.08767772511848342,1.499676973186056e-14
248,dna-private,370,344,26,7724,737,1.2624387523403577,0.33621339670542516,0.29813438506535744,0.9297297297297298,0.07027027027027027,1.3486175434808079e-64
249,prot-private,64,50,14,8018,749,0.3336243452232477,-1.583703525974899,0.0009241918251751524,0.78125,0.21875,6.137591276259506e-74
250,prot-private,19,15,4,8053,759,0.3534397119086055,-1.5004639470327465,0.0754765246969675,0.7894736842105263,0.21052631578947367,6.137591276259506e-74
251,dna-private,273,247,26,7821,737,0.8952180028129395,-0.1596890457180574,0.5839800188361888,0.9047619047619048,0.09523809523809523,6.388400221161359e-26
252,dna-private,239,224,15,7844,748,1.4240353561108279,0.5099849661445733,0.24154836861076046,0.9372384937238494,0.06276150627615062,6.137591276259506e-74
253,dna-private,105,79,26,7989,737,0.2803036868001194,-1.8349373748006899,5.967947380150497e-07,0.7523809523809524,0.24761904761904763,6.137591276259506e-74
254,dna-private,14,14,0,8054,763,2.748960208579055,1.4588860238748205,0.6261069302735234,1.0,0.0,6.388400221161359e-26
255,dna-private,60,50,10,8018,753,0.4695684709403841,-1.0905925525914801,0.03587021885625463,0.8333333333333334,0.16666666666666666,6.137591276259506e-74
256,prot-private,74,65,9,8003,754,0.6804392797145515,-0.5554616690334716,0.29396711636224404,0.8783783783783784,0.12162162162162163,1.3486175434808079e-64
258,shared,26,26,0,8042,763,5.031457880012434,2.3309764858199498,0.16341990288205965,1.0,0.0,6.137591276259506e-74
259,dna-private,93,88,5,7980,758,1.6717794486215538,0.7413845308113184,0.3517650196080462,0.946236559139785,0.053763440860215055,1.3486175434808079e-64
260,dna-private,89,73,16,7995,747,0.42628986866791746,-1.23009332669844,0.003940442337940812,0.8202247191011236,0.1797752808988764,6.137591276259506e-74
261,dna-private,142,116,26,7952,737,0.413500232162204,-1.2740399554807365,0.00021366075968397706,0.8169014084507042,0.18309859154929578,6.137591276259506e-74
262,dna-private,57,49,8,8019,755,0.5766772664920813,-0.7941639446365849,0.15191813745282973,0.8596491228070176,0.14035087719298245,6.137591276259506e-74
263,prot-private,43,38,5,8030,758,0.7174097135740971,-0.47913081567736204,0.41632227297583635,0.8837209302325582,0.11627906976744186,1.3486175434808079e-64
264,dna-private,116,108,8,7960,755,1.280464824120603,0.3566676209448985,0.6182242752641944,0.9310344827586207,0.06896551724137931,6.388400221161359e-26
265,shared,27,27,0,8041,763,5.221973512404402,2.384595139837708,0.16501930565629472,1.0,0.0,6.137591276259506e-74
266,dna-private,27,25,2,8043,761,1.1827054581623773,0.2420908285745528,1.0,0.9259259259259259,0.07407407407407407,1.499676973186056e-14
267,dna-private,51,51,0,8017,763,9.808606173994388,3.2940481406510607,0.02058082553585023,1.0,0.0,6.137591276259506e-74
268,dna-private,58,48,10,8020,753,0.4506733167082294,-1.1498460608365606,0.03067575211940938,0.8275862068965517,0.1724137931034483,6.137591276259506e-74
269,dna-private,47,39,8,8029,755,0.45841636567443017,-1.1252695449987395,0.06036088249400229,0.8297872340425532,0.1702127659574468,6.137591276259506e-74
270,dna-private,35,32,3,8036,760,1.0087937614070017,0.012631258876499603,1.0,0.9142857142857143,0.08571428571428572,1.499676973186056e-14
271,dna-private,32,27,5,8041,758,0.5090411640343241,-0.9741457691425367,0.1928866945001127,0.84375,0.15625,6.137591276259506e-74
272,dna-private,17,13,4,8055,759,0.3062383612662942,-1.7072730800373728,0.053095201205350134,0.7647058823529411,0.23529411764705882,6.137591276259506e-74
273,dead,19,19,0,8049,763,3.699173861730542,1.8872031089403754,0.4020724346383381,1.0,0.0,1.3486175434808079e-64
274,dna-private,18,14,4,8054,759,0.3298361062825925,-1.6001787594726835,0.06376998954225302,0.7777777777777778,0.2222222222222222,6.137591276259506e-74
275,dna-private,21,14,7,8054,756,0.18773280357586292,-2.4132473327246813,0.0013816706228640778,0.6666666666666666,0.3333333333333333,6.137591276259506e-74
276,dna-private,69,67,2,8001,761,3.186289213848269,1.6718772236892354,0.1264792391938525,0.9710144927536232,0.028985507246376812,6.137591276259506e-74
277,dna-private,67,65,2,8003,761,3.090403598650506,1.6277952626437218,0.12352215180401091,0.9701492537313433,0.029850746268656716,6.137591276259506e-74
278,prot-private,81,78,3,7990,760,2.4730913642052568,1.306315538656701,0.1596382426517964,0.9629629629629629,0.037037037037037035,6.137591276259506e-74
279,dna-private,31,27,4,8041,759,0.637140902872777,-0.6503156370107998,0.33798369846811566,0.8709677419354839,0.12903225806451613,1.3486175434808079e-64
280,dna-private,55,50,5,8018,758,0.9453729109503617,-0.08104456909231658,0.810144336619018,0.9090909090909091,0.09090909090909091,1.499676973186056e-14
281,prot-private,80,69,11,7999,752,0.5897100773960381,-0.7619222466914726,0.10814529647794789,0.8625,0.1375,6.137591276259506e-74
282,dna-private,12,12,0,8056,763,2.369204989759821,1.2444030296948858,0.6160300460842021,1.0,0.0,6.388400221161359e-26
283,prot-private,79,56,23,8012,740,0.2248800711975515,-2.1527722792958044,1.1388756326193125e-07,0.7088607594936709,0.2911392405063291,6.137591276259506e-74
284,prot-private,231,228,3,7840,760,7.36734693877551,2.881145182771963,2.341206002699201e-06,0.987012987012987,0.012987012987012988,6.137591276259506e-74
285,dna-private,60,57,3,8011,760,1.802521532892273,0.8500164939800197,0.48531791239479105,0.95,0.05,1.3486175434808079e-64
286,dna-private,11,9,2,8059,761,0.424928651197419,-1.2347074729427345,0.24486416172403402,0.8181818181818182,0.18181818181818182,6.137591276259506e-74
287,dna-private,27,27,0,8041,763,5.221973512404402,2.384595139837708,0.16501930565629472,1.0,0.0,6.137591276259506e-74
288,dna-private,15,10,5,8058,758,0.18813601389923057,-2.410152051977507,0.006850581845258427,0.6666666666666666,0.3333333333333333,6.137591276259506e-74
289,shared,35,33,2,8035,761,1.5627255756067207,0.6440644542995428,0.7653062546149721,0.9428571428571428,0.05714285714285714,6.388400221161359e-26
290,dead,10,9,1,8059,762,0.8509740662613228,-0.2328129289529579,0.59509736615207,0.9,0.1,6.388400221161359e-26
291,dna-private,11,10,1,8058,762,0.9456440804169769,-0.08063080776791416,1.0,0.9090909090909091,0.09090909090909091,1.499676973186056e-14
292,dna-private,16,12,4,8056,759,0.2826464746772592,-1.8229293918701623,0.04347584763160735,0.75,0.25,6.137591276259506e-74
294,dna-private,22,18,4,8050,759,0.42428571428571427,-1.236891991031563,0.11640137205561549,0.8181818181818182,0.18181818181818182,6.137591276259506e-74
295,dna-private,70,62,8,8006,755,0.7308581064201849,-0.4523367557882219,0.3900415976286582,0.8857142857142857,0.11428571428571428,1.3486175434808079e-64
297,shared,28,25,3,8043,760,0.787434207799743,-0.344768707319201,0.7304102003319707,0.8928571428571429,0.10714285714285714,6.388400221161359e-26
298,shared,21,19,2,8049,761,0.8981861100757859,-0.15491368303454628,0.7021801097644735,0.9047619047619048,0.09523809523809523,6.388400221161359e-26
299,prot-private,29,27,2,8041,761,1.2776395970650416,0.3534809310772793,1.0,0.9310344827586207,0.06896551724137931,1.499676973186056e-14
300,dna-private,12,10,2,8058,761,0.47220153884338545,-1.0825253517576907,0.27814822883872553,0.8333333333333334,0.16666666666666666,1.3486175434808079e-64
301,prot-private,92,87,5,7981,758,1.6525748653050996,0.7247156304971838,0.35090681718468886,0.9456521739130435,0.05434782608695652,1.3486175434808079e-64
302,prot-private,246,236,10,7832,753,2.2689989785495404,1.182055959542712,0.007657493979594525,0.959349593495935,0.04065040650406504,6.137591276259506e-74
303,dead,10,10,0,8058,763,1.9896382701495317,0.9925061627800148,1.0,1.0,0.0,1.499676973186056e-14
305,dna-private,18,15,3,8053,760,0.4718738358375761,-1.0835269148384212,0.19951958732975172,0.8333333333333334,0.16666666666666666,6.137591276259506e-74
309,dna-private,74,66,8,8002,755,0.7783991502124469,-0.3614179597747072,0.5292741107930962,0.8918918918918919,0.10810810810810811,6.388400221161359e-26
310,prot-private,118,111,7,7957,756,1.5065979640568052,0.5912944848566308,0.40696396193064294,0.940677966101695,0.059322033898305086,1.3486175434808079e-64
311,dna-private,220,212,8,7856,755,2.546779531568228,1.3486740744609473,0.004885285282380692,0.9636363636363636,0.03636363636363636,6.137591276259506e-74
312,dna-private,29,24,5,8044,758,0.45231228244654403,-1.1446089223004663,0.09997958225541735,0.8275862068965517,0.1724137931034483,6.137591276259506e-74
313,dna-private,29,27,2,8041,761,1.2776395970650416,0.3534809310772793,1.0,0.9310344827586207,0.06896551724137931,1.499676973186056e-14
314,dna-private,25,24,1,8044,762,2.2734957732471406,1.1849123219091262,0.7193889252568892,0.96,0.04,6.388400221161359e-26
315,dna-private,150,137,13,7931,750,0.9965762392946859,-0.004947917675442015,1.0,0.9133333333333333,0.08666666666666667,1.499676973186056e-14
316,dna-private,156,135,21,7933,742,0.6012857683095928,-0.7338772827564342,0.042277129827359476,0.8653846153846154,0.1346153846153846,6.137591276259506e-74
317,dna-private,64,41,23,8027,740,0.16433666809301217,-2.605273673189282,1.2037142780273482e-09,0.640625,0.359375,6.137591276259506e-74
318,dna-private,80,67,13,8001,750,0.48311268783709727,-1.0495683525721589,0.024942334464268485,0.8375,0.1625,6.137591276259506e-74
319,dna-private,23,23,0,8045,763,4.460195140140451,2.157106831570286,0.2566084918038831,1.0,0.0,6.137591276259506e-74
320,shared,49,40,9,8028,754,0.41742789126944585,-1.2604010946489028,0.034559582534248706,0.8163265306122449,0.1836734693877551,6.137591276259506e-74
321,dna-private,10,8,2,8060,761,0.37766749379652603,-1.4048114799117843,0.21174867571160536,0.8,0.2,6.137591276259506e-74
322,dna-private,17,16,1,8052,762,1.5141579731743666,0.5985157305719824,1.0,0.9411764705882353,0.058823529411764705,1.499676973186056e-14
323,shared,31,27,4,8041,759,0.637140902872777,-0.6503156370107998,0.33798369846811566,0.8709677419354839,0.12903225806451613,1.3486175434808079e-64
324,dead,69,59,10,8009,753,0.5547134473717068,-0.850185395165364,0.08576304063764678,0.855072463768116,0.14492753623188406,6.137591276259506e-74
325,shared,24,24,0,8044,763,4.650568711542047,2.2174071521673038,0.26199068748151555,1.0,0.0,6.137591276259506e-74
326,dna-private,25,23,2,8045,761,1.0878185208203854,0.12143789394974983,1.0,0.92,0.08,1.499676973186056e-14
327,dna-private,76,52,24,8016,739,0.1997463406520293,-2.3237590216291215,1.0306640640092111e-08,0.6842105263157895,0.3157894736842105,6.137591276259506e-74
328,shared,34,32,2,8036,761,1.5151816824290691,0.5994907947702535,0.765131878985169,0.9411764705882353,0.058823529411764705,6.388400221161359e-26
329,shared,31,28,3,8040,760,0.8822553897180763,-0.18073175639889522,0.7471571356606916,0.9032258064516129,0.0967741935483871,6.388400221161359e-26
330,dna-private,21,19,2,8049,761,0.8981861100757859,-0.15491368303454628,0.7021801097644735,0.9047619047619048,0.09523809523809523,6.388400221161359e-26
331,dna-private,55,53,2,8015,761,2.5160948222083594,1.3311862930248344,0.23296433625348986,0.9636363636363636,0.03636363636363636,6.137591276259506e-74
332,prot-private,12,11,1,8057,762,1.0403375946382027,0.05705176594078467,1.0,0.9166666666666666,0.08333333333333333,1.499676973186056e-14
333,dead,14,12,2,8056,761,0.5667825223435948,-0.8191328237820831,0.3441645340324851,0.8571428571428571,0.14285714285714285,1.3486175434808079e-64
334,dna-private,50,48,2,8020,761,2.2773067331670824,1.1873286228824191,0.3179051122649078,0.96,0.04,1.3486175434808079e-64
335,dna-private,45,43,2,8025,761,2.038816199376947,1.0277317213086157,0.43037991709652534,0.9555555555555556,0.044444444444444446,1.3486175434808079e-64
336,dna-private,106,102,4,7966,759,2.4296384634697463,1.2807416530227758,0.08050107054338085,0.9622641509433962,0.03773584905660377,6.137591276259506e-74
337,prot-private,105,103,2,7965,761,4.920464532328939,2.2987945242740917,0.007963581548169407,0.9809523809523809,0.01904761904761905,6.137591276259506e-74
338,dna-private,23,19,4,8049,759,0.44791278419679464,-1.1587102511226255,0.13180999755492595,0.8260869565217391,0.17391304347826086,6.137591276259506e-74
339,dna-private,91,86,5,7982,758,1.6333750939614131,0.7078561344745556,0.35054418354173755,0.945054945054945,0.054945054945054944,1.3486175434808079e-64
340,dna-private,135,125,10,7943,753,1.1850056653657308,0.24489395648683115,0.7570689307760942,0.9259259259259259,0.07407407407407407,6.388400221161359e-26
341,dna-private,15,15,0,8053,763,2.9389085490780404,1.5552804669020328,0.6340216938892271,1.0,0.0,6.388400221161359e-26
342,dna-private,72,58,14,8010,749,0.3873907615480649,-1.3681385457673534,0.004478603880877867,0.8055555555555556,0.19444444444444445,6.137591276259506e-74
343,prot-private,488,461,27,7607,736,1.6519677295278714,0.7241855046115749,0.010046193848434448,0.944672131147541,0.055327868852459015,6.137591276259506e-74
344,dead,14,14,0,8054,763,2.748960208579055,1.4588860238748205,0.6261069302735234,1.0,0.0,6.388400221161359e-26
345,prot-private,98,97,1,7971,762,9.27286413248024,3.2130150164687867,0.003043286584174819,0.9897959183673469,0.01020408163265306,6.137591276259506e-74
348,dna-private,14,10,4,8058,759,0.23548026805658973,-2.0863219198457696,0.027437579526156688,0.7142857142857143,0.2857142857142857,6.137591276259506e-74
349,shared,11,11,0,8057,763,2.179398076326404,1.1239297349069568,0.6147434751291604,1.0,0.0,6.388400221161359e-26
350,dna-private,59,56,3,8012,760,1.7706773173572974,0.8243013238546881,0.4833287820344563,0.9491525423728814,0.05084745762711865,1.3486175434808079e-64
351,dna-private,22,19,3,8049,760,0.598003892823125,-0.7417732189283001,0.43163260794238584,0.8636363636363636,0.13636363636363635,1.3486175434808079e-64
352,shared,30,28,2,8040,761,1.3251243781094528,0.4061277794948587,1.0,0.9333333333333333,0.06666666666666667,1.499676973186056e-14
353,dna-private,116,107,9,7961,754,1.1260171111948527,0.17122875108456181,0.8682679513459888,0.9224137931034483,0.07758620689655173,1.499676973186056e-14
354,dna-private,29,27,2,8041,761,1.2776395970650416,0.3534809310772793,1.0,0.9310344827586207,0.06896551724137931,1.499676973186056e-14
355,dna-private,210,194,16,7874,747,1.1502889255778512,0.20199627781732382,0.7089147237301581,0.9238095238095239,0.0761904761904762,6.388400221161359e-26
356,dna-private,15,15,0,8053,763,2.9389085490780404,1.5552804669020328,0.6340216938892271,1.0,0.0,6.388400221161359e-26
358,prot-private,419,388,31,7680,732,1.1929435483870967,0.25452577447577635,0.42205837394984674,0.9260143198090692,0.07398568019093078,1.3486175434808079e-64
359,prot-private,903,827,76,7241,687,1.0324050182077207,0.04600905906466544,0.8513039130357081,0.9158361018826136,0.08416389811738649,1.499676973186056e-14
360,dna-private,119,110,9,7958,754,1.1580240708162297,0.2116652416572741,0.8689845692535514,0.9243697478991597,0.07563025210084033,1.499676973186056e-14
361,dna-private,13,12,1,8056,762,1.1350546176762661,0.18276172020769355,1.0,0.9230769230769231,0.07692307692307693,1.499676973186056e-14
362,dna-private,138,126,12,7942,751,0.9928859229413246,-0.010300125231436176,1.0,0.9130434782608695,0.08695652173913043,1.499676973186056e-14
363,dna-private,34,27,7,8041,756,0.3626414625046636,-1.4633842102627974,0.023897733564864732,0.7941176470588235,0.20588235294117646,6.137591276259506e-74
364,dna-private,13,9,4,8059,759,0.21190594366546717,-2.2385040410308137,0.021001542276485385,0.6923076923076923,0.3076923076923077,6.137591276259506e-74
365,dna-private,24,22,2,8046,761,1.0403927417350236,0.05712823951521257,1.0,0.9166666666666666,0.08333333333333333,1.499676973186056e-14
366,shared,31,30,1,8038,762,2.8439910425478976,1.5079169210430954,0.5158143009548789,0.967741935483871,0.03225806451612903,1.3486175434808079e-64
368,dna-private,77,65,12,8003,751,0.5082989712191261,-0.9762507840667081,0.03932091017694782,0.8441558441558441,0.15584415584415584,6.137591276259506e-74
369,dna-private,19,13,6,8055,757,0.20362093937512932,-2.2960421661882635,0.0041497281057160836,0.6842105263157895,0.3157894736842105,6.137591276259506e-74
370,dna-private,21,18,3,8050,760,0.5664596273291925,-0.8199549588372377,0.42023358676848527,0.8571428571428571,0.14285714285714285,1.3486175434808079e-64
371,shared,24,20,4,8048,759,0.47154572564612324,-1.0845304195026986,0.14800296197823892,0.8333333333333334,0.16666666666666666,6.137591276259506e-74
372,prot-private,28,28,0,8040,763,5.412536533797649,2.436304857844131,0.16804864765234273,1.0,0.0,6.137591276259506e-74
373,dna-private,35,34,1,8034,762,3.224794622852875,1.6892072826981948,0.3624586490896934,0.9714285714285714,0.02857142857142857,1.3486175434808079e-64
374,dna-private,34,28,6,8040,757,0.4393864013266998,-1.1864378747441116,0.0683242507741826,0.8235294117647058,0.17647058823529413,6.137591276259506e-74
375,dna-private,77,75,2,7993,761,3.5703115225822595,1.8360499601021882,0.06386289196392975,0.974025974025974,0.025974025974025976,6.137591276259506e-74
376,dna-private,97,76,21,7992,742,0.33600266933600265,-1.57345540050679,6.336953166811639e-05,0.7835051546391752,0.21649484536082475,6.137591276259506e-74
377,prot-private,167,150,17,7918,746,0.8313150973953612,-0.26653268252931755,0.48528581120614966,0.8982035928143712,0.10179640718562874,1.3486175434808079e-64
378,dna-private,53,52,1,8016,762,4.9431137724550895,2.3054201124392057,0.08570192744399394,0.9811320754716981,0.018867924528301886,6.137591276259506e-74
379,dead,27,25,2,8043,761,1.1827054581623773,0.2420908285745528,1.0,0.9259259259259259,0.07407407407407407,1.499676973186056e-14
380,prot-private,94,87,7,7981,756,1.177296078185691,0.23547718937692297,0.8534538162207197,0.925531914893617,0.07446808510638298,1.499676973186056e-14
381,shared,37,34,3,8034,760,1.0721101983237906,0.10045320281466442,1.0,0.918918918918919,0.08108108108108109,1.499676973186056e-14
382,prot-private,45,44,1,8024,762,4.178464606181455,2.0629729155184386,0.17885039981340076,0.9777777777777777,0.022222222222222223,6.137591276259506e-74
383,dna-private,12,10,2,8058,761,0.47220153884338545,-1.0825253517576907,0.27814822883872553,0.8333333333333334,0.16666666666666666,1.3486175434808079e-64
384,dna-private,34,30,4,8038,759,0.708198556854939,-0.49777419103476034,0.5325881344964782,0.8823529411764706,0.11764705882352941,6.388400221161359e-26
385,dna-private,28,21,7,8047,756,0.2818441655275258,-1.827030392413128,0.008260486769425156,0.75,0.25,6.137591276259506e-74
386,prot-private,16,16,0,8052,763,3.1289040670599193,1.6456574258851278,0.3903018394628883,1.0,0.0,1.3486175434808079e-64
387,dna-private,20,18,2,8050,761,0.850807453416149,-0.2330954229434839,0.689509959490357,0.9,0.1,6.388400221161359e-26
389,prot-private,21,21,0,8047,763,4.079589934762349,2.028424145133909,0.25142759190310204,1.0,0.0,6.137591276259506e-74
390,dna-private,30,25,5,8043,758,0.4712172075096357,-1.0855358716452634,0.1780799653288134,0.8333333333333334,0.16666666666666666,6.137591276259506e-74
391,dna-private,12,10,2,8058,761,0.47220153884338545,-1.0825253517576907,0.27814822883872553,0.8333333333333334,0.16666666666666666,1.3486175434808079e-64
392,dna-private,41,32,9,8036,754,0.33360986671091203,-1.5837661369069398,0.00720076367955866,0.7804878048780488,0.21951219512195122,6.137591276259506e-74
393,dna-private,117,112,5,7956,758,2.1341377576671694,1.0936533045075896,0.09764023709048059,0.9572649572649573,0.042735042735042736,6.137591276259506e-74
394,shared,11,9,2,8059,761,0.424928651197419,-1.2347074729427345,0.24486416172403402,0.8181818181818182,0.18181818181818182,6.137591276259506e-74
395,dna-private,28,25,3,8043,760,0.787434207799743,-0.344768707319201,0.7304102003319707,0.8928571428571429,0.10714285714285714,6.388400221161359e-26
396,prot-private,29,29,0,8039,763,5.603146961875739,2.486237332723165,0.17242845368326137,1.0,0.0,6.137591276259506e-74
397,dna-private,212,190,22,7878,741,0.8123312331233123,-0.2998599796145586,0.38482436716617774,0.8962264150943396,0.10377358490566038,1.3486175434808079e-64
398,dna-private,67,53,14,8015,749,0.3537741734248284,-1.4990993640775643,0.0014828172913270432,0.7910447761194029,0.208955223880597,6.137591276259506e-74
399,dna-private,92,62,30,8006,733,0.18921642101757016,-2.40189079747537,5.97041113497225e-11,0.6739130434782609,0.32608695652173914,6.137591276259506e-74
400,dna-private,17,16,1,8052,762,1.5141579731743666,0.5985157305719824,1.0,0.9411764705882353,0.058823529411764705,1.499676973186056e-14
401,shared,29,27,2,8041,761,1.2776395970650416,0.3534809310772793,1.0,0.9310344827586207,0.06896551724137931,1.499676973186056e-14
402,dna-private,21,17,4,8051,759,0.4006645137250031,-1.3195333568682468,0.10183922039866987,0.8095238095238095,0.19047619047619047,6.137591276259506e-74
403,shared,35,34,1,8034,762,3.224794622852875,1.6892072826981948,0.3624586490896934,0.9714285714285714,0.02857142857142857,1.3486175434808079e-64
404,dna-private,53,46,7,8022,756,0.6192969334330591,-0.6912967925940274,0.2194947463373195,0.8679245283018868,0.1320754716981132,6.137591276259506e-74
405,dna-private,78,73,5,7995,758,1.384215134459037,0.4690681837960523,0.6837466112500863,0.9358974358974359,0.0641025641025641,6.388400221161359e-26
406,prot-private,37,32,5,8036,758,0.603683424589348,-0.7281359054495624,0.24680288050724591,0.8648648648648649,0.13513513513513514,6.137591276259506e-74
407,dna-private,14,13,1,8055,762,1.2297951582867783,0.29841803204048295,1.0,0.9285714285714286,0.07142857142857142,1.499676973186056e-14
408,dna-private,43,30,13,8038,750,0.2153233678488717,-2.2154231992080757,4.279232893583892e-05,0.6976744186046512,0.3023255813953488,6.137591276259506e-74
409,prot-private,142,128,14,7940,749,0.8624685138539043,-0.21345630562917312,0.5482293799559098,0.9014084507042254,0.09859154929577464,6.388400221161359e-26
410,dna-private,45,37,8,8031,755,0.43479952683352013,-1.2015777245205428,0.05379281577334315,0.8222222222222222,0.17777777777777778,6.137591276259506e-74
411,dna-private,96,82,14,7986,749,0.5493363385925369,-0.8642383656138173,0.044064112172114624,0.8541666666666666,0.14583333333333334,6.137591276259506e-74
412,dna-private,33,31,2,8037,761,1.4676496205051637,0.5535075873268854,1.0,0.9393939393939394,0.06060606060606061,1.499676973186056e-14
414,dna-private,64,62,2,8006,761,2.9466650012490634,1.5590830535028823,0.17420296078105713,0.96875,0.03125,6.137591276259506e-74
415,dead,22,21,1,8047,762,1.988567167888654,0.9917292929167254,1.0,0.9545454545454546,0.045454545454545456,1.499676973186056e-14
416,dna-private,55,41,14,8027,749,0.2732652298492588,-1.8716261912474343,0.00017449933627865084,0.7454545454545455,0.2545454545454545,6.137591276259506e-74
417,dead,21,13,8,8055,755,0.15231222842954686,-2.714896321240398,0.0002198507948276116,0.6190476190476191,0.38095238095238093,6.137591276259506e-74
418,dna-private,30,28,2,8040,761,1.3251243781094528,0.4061277794948587,1.0,0.9333333333333333,0.06666666666666667,1.499676973186056e-14
419,dead,19,17,2,8051,761,0.8034405663892684,-0.3157367887801676,0.677113499984792,0.8947368421052632,0.10526315789473684,6.388400221161359e-26
420,dna-private,34,33,1,8035,762,3.1295581829495953,1.6459589982893192,0.360483975156175,0.9705882352941176,0.029411764705882353,1.3486175434808079e-64
421,dna-private,58,56,2,8012,761,2.6595107338991513,1.411160859748442,0.2360613316860446,0.9655172413793104,0.034482758620689655,6.137591276259506e-74
422,prot-private,10,10,0,8058,763,1.9896382701495317,0.9925061627800148,1.0,1.0,0.0,1.499676973186056e-14
423,dna-private,51,49,2,8019,761,2.3250405287442324,1.2172558646545193,0.31828275403058753,0.9607843137254902,0.0392156862745098,1.3486175434808079e-64
424,shared,29,29,0,8039,763,5.603146961875739,2.486237332723165,0.17242845368326137,1.0,0.0,6.137591276259506e-74
425,dna-private,19,18,1,8050,762,1.7038509316770187,0.7687991210462928,1.0,0.9473684210526315,0.05263157894736842,1.499676973186056e-14
426,dna-private,37,34,3,8034,760,1.0721101983237906,0.10045320281466442,1.0,0.918918918918919,0.08108108108108109,1.499676973186056e-14
427,dna-private,93,88,5,7980,758,1.6717794486215538,0.7413845308113184,0.3517650196080462,0.946236559139785,0.053763440860215055,1.3486175434808079e-64
429,prot-private,70,65,5,8003,758,1.2312882668999126,0.30016856242390577,0.8314058909741602,0.9285714285714286,0.07142857142857142,1.499676973186056e-14
430,dna-private,167,129,38,7939,725,0.31001186680014053,-1.6896046540780358,1.8742853751449134e-08,0.7724550898203593,0.2275449101796407,6.137591276259506e-74
431,dna-private,22,16,6,8052,757,0.2507037589004802,-1.9959444676567644,0.009127457762199647,0.7272727272727273,0.2727272727272727,6.137591276259506e-74
432,dna-private,34,34,0,8034,763,6.556910822079781,2.7130162734774426,0.11435924573523856,1.0,0.0,6.137591276259506e-74
433,prot-private,593,548,45,7520,718,1.1627186761229313,0.2175020738889035,0.4047497845308282,0.924114671163575,0.07588532883642496,1.3486175434808079e-64
434,shared,39,38,1,8030,762,3.605977584059776,1.8503904285322308,0.2534186687730674,0.9743589743589743,0.02564102564102564,6.137591276259506e-74
435,prot-private,50,49,1,8019,762,4.656191545080434,2.2191504086442957,0.12500179299940722,0.98,0.02,6.137591276259506e-74
437,dead,24,19,5,8049,758,0.3578581190209964,-1.4825403832543624,0.050845175438360646,0.7916666666666666,0.20833333333333334,6.137591276259506e-74
438,shared,10,8,2,8060,761,0.37766749379652603,-1.4048114799117843,0.21174867571160536,0.8,0.2,6.137591276259506e-74
439,dna-private,54,50,4,8018,759,1.1832751309553504,0.24278556303942034,1.0,0.9259259259259259,0.07407407407407407,1.499676973186056e-14
440,dna-private,44,38,6,8030,757,0.5970527189705271,-0.744069769696516,0.27219974523256757,0.8636363636363636,0.13636363636363635,6.137591276259506e-74
441,dna-private,44,42,2,8026,761,1.9911537503114876,0.9936046255023103,0.5852566852075065,0.9545454545454546,0.045454545454545456,6.388400221161359e-26
442,dna-private,64,57,7,8011,756,0.7684433903382849,-0.37998911146630326,0.49946852051664653,0.890625,0.109375,1.3486175434808079e-64
445,dna-private,15,14,1,8054,762,1.3245592252296996,0.40551235260517215,1.0,0.9333333333333333,0.06666666666666667,1.499676973186056e-14
446,dna-private,16,11,5,8057,758,0.20697530098051384,-2.2724694782688077,0.0092674991092931,0.6875,0.3125,6.137591276259506e-74
447,dna-private,38,35,3,8033,760,1.1037802398439769,0.14245296337799762,1.0,0.9210526315789473,0.07894736842105263,1.499676973186056e-14
448,prot-private,273,262,11,7806,752,2.29455197633522,1.1982124871388389,0.004160249999800256,0.9597069597069597,0.040293040293040296,6.137591276259506e-74
449,prot-private,167,159,8,7909,755,1.897284738905045,0.9239362104202016,0.09298874514478214,0.9520958083832335,0.04790419161676647,6.137591276259506e-74
451,dna-private,25,21,4,8047,759,0.49518454082266683,-1.0139618191611302,0.2690266390706343,0.84,0.16,6.137591276259506e-74
453,dna-private,257,228,29,7840,734,0.7360661505981703,-0.4420926671221883,0.1415206852979288,0.8871595330739299,0.11284046692607004,6.137591276259506e-74
454,dna-private,35,33,2,8035,761,1.5627255756067207,0.6440644542995428,0.7653062546149721,0.9428571428571428,0.05714285714285714,6.388400221161359e-26
455,dna-private,91,79,12,7989,751,0.6188613510243252,-0.6923118689615517,0.13068469392452003,0.8681318681318682,0.13186813186813187,6.137591276259506e-74
456,dna-private,54,52,2,8016,761,2.468313373253493,1.3035255684494294,0.32463292742511873,0.9629629629629629,0.037037037037037035,1.3486175434808079e-64
457,shared,11,9,2,8059,761,0.424928651197419,-1.2347074729427345,0.24486416172403402,0.8181818181818182,0.18181818181818182,6.137591276259506e-74
458,prot-private,33,23,10,8045,753,0.21527656929770045,-2.2157367897692297,0.0003215758942950651,0.696969696969697,0.30303030303030304,6.137591276259506e-74
459,dna-private,63,57,6,8011,757,0.8977031581575334,-0.15568962436519637,0.8202440076053734,0.9047619047619048,0.09523809523809523,1.499676973186056e-14
460,dna-private,33,32,1,8036,762,3.0343454454952714,1.60138533876003,0.35982551827944353,0.9696969696969697,0.030303030303030304,1.3486175434808079e-64
461,prot-private,233,233,0,7835,763,45.505009252759876,5.507953462755429,8.249052805403738e-10,1.0,0.0,6.137591276259506e-74
462,dna-private,34,27,7,8041,756,0.3626414625046636,-1.4633842102627974,0.023897733564864732,0.7941176470588235,0.20588235294117646,6.137591276259506e-74
463,dna-private,232,225,7,7843,756,3.0983042203238558,1.6314788082993203,0.0008177330666947211,0.9698275862068966,0.03017241379310345,6.137591276259506e-74
464,prot-private,181,159,22,7909,741,0.677128472741066,-0.562498510123703,0.10659045668723002,0.8784530386740331,0.12154696132596685,6.137591276259506e-74
465,dna-private,90,85,5,7983,758,1.614180132782162,0.6908015836780549,0.4471408231097659,0.9444444444444444,0.05555555555555555,1.3486175434808079e-64
466,dna-private,29,24,5,8044,758,0.45231228244654403,-1.1446089223004663,0.09997958225541735,0.8275862068965517,0.1724137931034483,6.137591276259506e-74
468,dna-private,38,32,6,8036,757,0.5024058403849344,-0.9930748594687165,0.13725715750041734,0.8421052631578947,0.15789473684210525,6.137591276259506e-74
469,dna-private,17,14,3,8054,760,0.4403608972767155,-1.1832417272783582,0.17689465436516857,0.8235294117647058,0.17647058823529413,6.137591276259506e-74
470,dna-private,122,115,7,7953,756,1.5616748396831384,0.6430940975194286,0.3285955716924495,0.9426229508196722,0.05737704918032787,1.3486175434808079e-64
471,dna-private,20,13,7,8055,756,0.17430167597765364,-2.5203416532893703,0.0009943973468519221,0.65,0.35,6.137591276259506e-74
472,dead,37,31,6,8037,757,0.48664509974700343,-1.0390580669120846,0.13025347875770235,0.8378378378378378,0.16216216216216217,6.137591276259506e-74
474,dna-private,87,81,6,7987,757,1.2795167146613247,0.35559899380291443,0.7022263245645758,0.9310344827586207,0.06896551724137931,6.388400221161359e-26
475,dna-private,39,34,5,8034,758,0.6415733134179736,-0.640313961511398,0.3819673631645426,0.8717948717948718,0.1282051282051282,1.3486175434808079e-64
477,prot-private,136,132,4,7936,759,3.156123991935484,1.6581538843870447,0.012980211064266601,0.9705882352941176,0.029411764705882353,6.137591276259506e-74
478,dna-private,28,23,5,8045,758,0.43341205717837167,-1.2061888062700663,0.08872434228178167,0.8214285714285714,0.17857142857142858,6.137591276259506e-74
479,prot-private,162,161,1,7907,762,15.515619071708613,3.9556493562957797,1.2970691526565346e-05,0.9938271604938271,0.006172839506172839,6.137591276259506e-74
480,dna-private,45,34,11,8034,752,0.2893158621313961,-1.7892826717547874,0.0012289483111983406,0.7555555555555555,0.24444444444444444,6.137591276259506e-74
481,dna-private,55,48,7,8020,756,0.6463840399002494,-0.6295365184576579,0.328372766336754,0.8727272727272727,0.12727272727272726,1.3486175434808079e-64
482,dna-private,74,67,7,8001,756,0.9043869516310461,-0.14498791765084137,0.8340671878135448,0.9054054054054054,0.0945945945945946,1.499676973186056e-14
483,dna-private,62,40,22,8028,741,0.1678217149069167,-2.574998692806718,3.6511709106244755e-09,0.6451612903225806,0.3548387096774194,6.137591276259506e-74
484,dna-private,454,438,16,7630,747,2.6800950196592397,1.4222841506685175,1.5129448324105349e-05,0.9647577092511013,0.03524229074889868,6.137591276259506e-74
485,dead,31,30,1,8038,762,2.8439910425478976,1.5079169210430954,0.5158143009548789,0.967741935483871,0.03225806451612903,1.3486175434808079e-64
486,shared,28,28,0,8040,763,5.412536533797649,2.436304857844131,0.16804864765234273,1.0,0.0,6.137591276259506e-74
487,dna-private,16,15,1,8053,762,1.4193468272693406,0.5052271650451089,1.0,0.9375,0.0625,1.499676973186056e-14
488,dna-private,119,114,5,7954,758,2.1727935629871764,1.1195511106432599,0.0983127530731625,0.957983193277311,0.04201680672268908,6.137591276259506e-74
489,dna-private,13,12,1,8056,762,1.1350546176762661,0.18276172020769355,1.0,0.9230769230769231,0.07692307692307693,1.499676973186056e-14
490,shared,15,15,0,8053,763,2.9389085490780404,1.5552804669020328,0.6340216938892271,1.0,0.0,6.388400221161359e-26
491,dna-private,54,50,4,8018,759,1.1832751309553504,0.24278556303942034,1.0,0.9259259259259259,0.07407407407407407,1.499676973186056e-14
493,dna-private,107,95,12,7973,751,0.7456937999080229,-0.4233447486416526,0.3020190998722164,0.8878504672897196,0.11214953271028037,1.3486175434808079e-64
494,dna-private,59,52,7,8016,756,0.7005988023952096,-0.5133395728906478,0.3504617436888584,0.8813559322033898,0.11864406779661017,1.3486175434808079e-64
496,prot-private,31,28,3,8040,760,0.8822553897180763,-0.18073175639889522,0.7471571356606916,0.9032258064516129,0.0967741935483871,6.388400221161359e-26
497,dna-private,20,18,2,8050,761,0.850807453416149,-0.2330954229434839,0.689509959490357,0.9,0.1,6.388400221161359e-26
498,dna-private,47,44,3,8024,760,1.3891658358258558,0.47421883563490835,0.7953470201404591,0.9361702127659575,0.06382978723404255,6.388400221161359e-26
499,dna-private,51,45,6,8023,757,0.7076529976318086,-0.4988859963256196,0.4469545753346063,0.8823529411764706,0.11764705882352941,1.3486175434808079e-64
500,dna-private,36,34,2,8034,761,1.6102813044560618,0.6873127387084181,0.7660921570241743,0.9444444444444444,0.05555555555555555,6.388400221161359e-26
501,dna-private,111,103,8,7965,755,1.2204174513496548,0.2873747149829876,0.7337958319429025,0.9279279279279279,0.07207207207207207,6.388400221161359e-26
502,dna-private,97,89,8,7979,755,1.0526851735806493,0.07407403424994145,1.0,0.9175257731958762,0.08247422680412371,1.499676973186056e-14
503,prot-private,39,37,2,8031,761,1.7530195492466691,0.8098420847705613,0.7717129128023361,0.9487179487179487,0.05128205128205128,6.388400221161359e-26
504,dna-private,128,124,4,7944,759,2.961858006042296,1.5665024782739676,0.024745244973984067,0.96875,0.03125,6.137591276259506e-74
505,dna-private,47,42,5,8026,758,0.7933217044605033,-0.3340220747175058,0.598894847488208,0.8936170212765957,0.10638297872340426,6.388400221161359e-26
506,dna-private,86,79,7,7989,756,1.0679684566278633,0.0948690364088011,1.0,0.9186046511627907,0.08139534883720931,1.499676973186056e-14
507,prot-private,19,18,1,8050,762,1.7038509316770187,0.7687991210462928,1.0,0.9473684210526315,0.05263157894736842,1.499676973186056e-14
508,dna-private,23,19,4,8049,759,0.44791278419679464,-1.1587102511226255,0.13180999755492595,0.8260869565217391,0.17391304347826086,6.137591276259506e-74
509,prot-private,11,11,0,8057,763,2.179398076326404,1.1239297349069568,0.6147434751291604,1.0,0.0,6.388400221161359e-26
510,dna-private,29,26,3,8042,760,0.8190334079416397,-0.2880057950494767,0.7354723604369783,0.896551724137931,0.10344827586206896,6.388400221161359e-26
511,dna-private,50,42,8,8026,755,0.4938636929977573,-1.0178151837887939,0.073779988843333,0.84,0.16,6.137591276259506e-74
512,dna-private,48,44,4,8024,759,1.0405034895314058,0.05728180344058294,1.0,0.9166666666666666,0.08333333333333333,1.499676973186056e-14
513,prot-private,165,163,2,7905,761,7.845857052498419,2.9719310504888896,6.746839835598196e-05,0.9878787878787879,0.012121212121212121,6.137591276259506e-74
514,dead,24,24,0,8044,763,4.650568711542047,2.2174071521673038,0.26199068748151555,1.0,0.0,6.137591276259506e-74
515,dead,29,26,3,8042,760,0.8190334079416397,-0.2880057950494767,0.7354723604369783,0.896551724137931,0.10344827586206896,6.388400221161359e-26
517,dna-private,45,40,5,8028,758,0.7553562531141006,-0.4047708631915255,0.5891647220141945,0.8888888888888888,0.1111111111111111,6.388400221161359e-26
518,dna-private,11,10,1,8058,762,0.9456440804169769,-0.08063080776791416,1.0,0.9090909090909091,0.09090909090909091,1.499676973186056e-14
519,dna-private,140,134,6,7934,757,2.13087135534829,1.0914434975770673,0.06793127380792358,0.9571428571428572,0.04285714285714286,6.137591276259506e-74
520,prot-private,35,29,6,8039,757,0.45513538168097195,-1.1356323508323312,0.11876717028896247,0.8285714285714286,0.17142857142857143,6.137591276259506e-74
521,dna-private,14,13,1,8055,762,1.2297951582867783,0.29841803204048295,1.0,0.9285714285714286,0.07142857142857142,1.499676973186056e-14
522,dead,25,22,3,8046,760,0.692683735189328,-0.5297312963785412,0.4725039628434682,0.88,0.12,1.3486175434808079e-64
523,dna-private,51,49,2,8019,761,2.3250405287442324,1.2172558646545193,0.31828275403058753,0.9607843137254902,0.0392156862745098,1.3486175434808079e-64
524,shared,22,18,4,8050,759,0.42428571428571427,-1.236891991031563,0.11640137205561549,0.8181818181818182,0.18181818181818182,6.137591276259506e-74
525,prot-private,354,343,11,7725,752,3.0354339511621067,1.6019027815340532,4.0696397058466535e-05,0.9689265536723164,0.031073446327683617,6.137591276259506e-74
527,dna-private,159,132,27,7936,736,0.45340501792114696,-1.1411277371348774,0.0005462856931571505,0.8301886792452831,0.16981132075471697,6.137591276259506e-74
529,dna-private,37,33,4,8035,759,0.7793092719352831,-0.3597321137885364,0.5570142951867847,0.8918918918918919,0.10810810810810811,6.388400221161359e-26
530,dna-private,11,10,1,8058,762,0.9456440804169769,-0.08063080776791416,1.0,0.9090909090909091,0.09090909090909091,1.499676973186056e-14
532,dead,31,29,2,8039,761,1.3726209727578056,0.4569333034066387,1.0,0.9354838709677419,0.06451612903225806,1.499676973186056e-14
533,prot-private,245,206,39,7862,724,0.48641632259032413,-1.0397364530199185,0.00018028064462522134,0.8408163265306122,0.15918367346938775,6.137591276259506e-74
534,dead,31,30,1,8038,762,2.8439910425478976,1.5079169210430954,0.5158143009548789,0.967741935483871,0.03225806451612903,1.3486175434808079e-64
535,prot-private,218,205,13,7863,750,1.5041234995450943,0.5889230276980234,0.17887566931269694,0.9403669724770642,0.05963302752293578,6.137591276259506e-74
536,shared,24,20,4,8048,759,0.47154572564612324,-1.0845304195026986,0.14800296197823892,0.8333333333333334,0.16666666666666666,6.137591276259506e-74
537,dna-private,42,38,4,8030,759,0.897945205479452,-0.15530068354562512,0.7813655501740419,0.9047619047619048,0.09523809523809523,6.388400221161359e-26
538,dna-private,44,39,5,8029,758,0.736380620251588,-0.44147643592745134,0.42666670038808,0.8863636363636364,0.11363636363636363,1.3486175434808079e-64
539,shared,29,25,4,8043,759,0.589798582618426,-0.7617057395135263,0.31079880204109256,0.8620689655172413,0.13793103448275862,1.3486175434808079e-64
540,dna-private,61,58,3,8010,760,1.8343736995422388,0.8752875754412913,0.4879568659629675,0.9508196721311475,0.04918032786885246,1.3486175434808079e-64
541,dna-private,119,99,20,7969,743,0.46151963859957335,-1.1155360561010301,0.004342370950406002,0.8319327731092437,0.16806722689075632,6.137591276259506e-74
542,dna-private,11,9,2,8059,761,0.424928651197419,-1.2347074729427345,0.24486416172403402,0.8181818181818182,0.18181818181818182,6.137591276259506e-74
543,dna-private,10,9,1,8059,762,0.8509740662613228,-0.2328129289529579,0.59509736615207,0.9,0.1,6.388400221161359e-26
544,dna-private,33,27,6,8041,757,0.42364133814202215,-1.2390847231616906,0.0604842771490088,0.8181818181818182,0.18181818181818182,6.137591276259506e-74
545,dna-private,80,76,4,7992,759,1.8044294294294294,0.8515427210666334,0.3178432352636509,0.95,0.05,1.3486175434808079e-64
546,dna-private,50,44,6,8024,757,0.6918411432369558,-0.531487282710308,0.4421500901478677,0.88,0.12,1.3486175434808079e-64
547,dna-private,88,86,2,7982,761,4.099599097970433,2.035482834694372,0.033050067132208386,0.9772727272727273,0.022727272727272728,6.137591276259506e-74
548,dead,22,22,0,8046,763,4.269868887093767,2.0941917703507418,0.25303447370103727,1.0,0.0,6.137591276259506e-74
549,shared,10,8,2,8060,761,0.37766749379652603,-1.4048114799117843,0.21174867571160536,0.8,0.2,6.137591276259506e-74
550,prot-private,266,256,10,7812,753,2.4675883256528417,1.3031017258977742,0.0025524189467695394,0.9624060150375939,0.03759398496240601,6.137591276259506e-74
551,dna-private,65,58,7,8010,756,0.7820224719101123,-0.3547180300050319,0.504399216991848,0.8923076923076924,0.1076923076923077,1.3486175434808079e-64
552,dna-private,62,57,5,8011,758,1.0786668331044813,0.1092493296539574,1.0,0.9193548387096774,0.08064516129032258,1.499676973186056e-14
553,dna-private,15,13,2,8055,761,0.614090626939789,-0.7034765119492934,0.37647785138890716,0.8666666666666667,0.13333333333333333,1.3486175434808079e-64
554,dna-private,20,15,5,8053,758,0.28237923755122313,-1.8242940791644837,0.024659972710545527,0.75,0.25,6.137591276259506e-74
555,dna-private,29,26,3,8042,760,0.8190334079416397,-0.2880057950494767,0.7354723604369783,0.896551724137931,0.10344827586206896,6.388400221161359e-26
556,dna-private,61,58,3,8010,760,1.8343736995422388,0.8752875754412913,0.4879568659629675,0.9508196721311475,0.04918032786885246,1.3486175434808079e-64
557,dna-private,40,34,6,8034,757,0.5339390921915194,-0.9052529155305519,0.15359564215460278,0.85,0.15,6.137591276259506e-74
558,dna-private,81,74,7,7994,756,0.9997498123592694,-0.00036098962802863114,1.0,0.9135802469135802,0.08641975308641975,1.499676973186056e-14
559,dna-private,48,42,6,8026,757,0.6602292549215051,-0.5989610287366596,0.3032400519170813,0.875,0.125,1.3486175434808079e-64
560,dna-private,27,19,8,8049,755,0.22277612125729904,-2.1663334923256508,0.0015040106526116141,0.7037037037037037,0.2962962962962963,6.137591276259506e-74
561,dna-private,31,28,3,8040,760,0.8822553897180763,-0.18073175639889522,0.7471571356606916,0.9032258064516129,0.0967741935483871,6.388400221161359e-26
563,dead,21,17,4,8051,759,0.4006645137250031,-1.3195333568682468,0.10183922039866987,0.8095238095238095,0.19047619047619047,6.137591276259506e-74
564,prot-private,33,17,16,8051,747,0.09858247422680412,-3.342524999494476,2.375615535557145e-09,0.5151515151515151,0.48484848484848486,6.137591276259506e-74
565,dna-private,66,63,3,8005,760,1.9937539038101186,0.9954873437060888,0.3739718950287718,0.9545454545454546,0.045454545454545456,1.3486175434808079e-64
566,dna-private,19,18,1,8050,762,1.7038509316770187,0.7687991210462928,1.0,0.9473684210526315,0.05263157894736842,1.499676973186056e-14
567,dna-private,47,40,7,8028,756,0.5381165919282511,-0.8940093043117862,0.12112503700560127,0.851063829787234,0.14893617021276595,6.137591276259506e-74
568,dna-private,406,389,17,7679,746,2.222976337298821,1.1524925915302933,0.0005435544462440017,0.958128078817734,0.04187192118226601,6.137591276259506e-74
569,prot-private,30,24,6,8044,757,0.37642963699651916,-1.40954787631962,0.040320928311090076,0.8,0.2,6.137591276259506e-74
570,prot-private,543,462,81,7606,682,0.5114285992540003,-0.9673952560749858,7.713539649397367e-07,0.850828729281768,0.14917127071823205,6.137591276259506e-74
571,dna-private,523,499,24,7569,739,2.0299962566609415,1.0214770670647986,0.00038283250772297244,0.9541108986615678,0.045889101338432124,6.137591276259506e-74
572,dna-private,14,11,3,8057,760,0.34586901659012864,-1.5317023139427457,0.1142871290727978,0.7857142857142857,0.21428571428571427,6.137591276259506e-74
573,dna-private,48,40,8,8028,755,0.47022919780767314,-1.0885639722628135,0.06436224515588485,0.8333333333333334,0.16666666666666666,6.137591276259506e-74
574,dna-private,700,696,4,7372,759,17.9145415084102,4.163059215633481,4.7604610557544316e-23,0.9942857142857143,0.005714285714285714,6.137591276259506e-74
575,dna-private,129,117,12,7951,751,0.9209218966167778,-0.1188492883445674,0.7518471419756476,0.9069767441860465,0.09302325581395349,6.388400221161359e-26
576,dna-private,33,31,2,8037,761,1.4676496205051637,0.5535075873268854,1.0,0.9393939393939394,0.06060606060606061,1.499676973186056e-14
577,dna-private,42,37,5,8031,758,0.6984435313161499,-0.5177846154492549,0.40660776219771855,0.8809523809523809,0.11904761904761904,1.3486175434808079e-64
578,dna-private,22,20,2,8048,761,0.9455765407554672,-0.08073385141461938,0.7149840631017713,0.9090909090909091,0.09090909090909091,6.388400221161359e-26
579,dna-private,11,10,1,8058,762,0.9456440804169769,-0.08063080776791416,1.0,0.9090909090909091,0.09090909090909091,1.499676973186056e-14
580,prot-private,262,254,8,7814,755,3.0677309956488354,1.6171719808009342,0.00046103347568910287,0.9694656488549618,0.030534351145038167,6.137591276259506e-74
581,dna-private,115,100,15,7968,748,0.6258366800535475,-0.6761418780142381,0.09448229713247705,0.8695652173913043,0.13043478260869565,6.137591276259506e-74
582,dna-private,33,28,5,8040,758,0.5279601990049752,-0.9214989207249574,0.20188821211829633,0.8484848484848485,0.15151515151515152,6.137591276259506e-74
583,shared,33,32,1,8036,762,3.0343454454952714,1.60138533876003,0.35982551827944353,0.9696969696969697,0.030303030303030304,1.3486175434808079e-64
584,dna-private,44,37,7,8031,756,0.49757190885319386,-1.0070230565695157,0.09972989598360424,0.8409090909090909,0.1590909090909091,6.137591276259506e-74
585,dna-private,11,5,6,8063,757,0.07823804208524536,-3.675985922619171,0.0001290097739384618,0.45454545454545453,0.5454545454545454,6.137591276259506e-74
586,shared,33,33,0,8035,763,6.366063095015867,2.670401455813828,0.11089073460605553,1.0,0.0,6.137591276259506e-74
587,dna-private,28,21,7,8047,756,0.2818441655275258,-1.827030392413128,0.008260486769425156,0.75,0.25,6.137591276259506e-74
588,prot-private,15,13,2,8055,761,0.614090626939789,-0.7034765119492934,0.37647785138890716,0.8666666666666667,0.13333333333333333,1.3486175434808079e-64
589,dna-private,10,9,1,8059,762,0.8509740662613228,-0.2328129289529579,0.59509736615207,0.9,0.1,6.388400221161359e-26
590,dna-private,65,60,5,8008,758,1.135864135864136,0.18379028005625445,1.0,0.9230769230769231,0.07692307692307693,1.499676973186056e-14
592,dna-private,16,12,4,8056,759,0.2826464746772592,-1.8229293918701623,0.04347584763160735,0.75,0.25,6.137591276259506e-74
593,dna-private,99,97,2,7971,761,4.630347509722745,2.2111204724790103,0.011299015198588882,0.9797979797979798,0.020202020202020204,6.137591276259506e-74
594,dna-private,287,275,12,7793,751,2.208445613584841,1.14303130420167,0.005133093319976101,0.9581881533101045,0.041811846689895474,6.137591276259506e-74
595,dna-private,210,206,4,7862,759,4.971826507250063,2.3137759541745906,8.63467469689083e-05,0.9809523809523809,0.01904761904761905,6.137591276259506e-74
596,shared,11,10,1,8058,762,0.9456440804169769,-0.08063080776791416,1.0,0.9090909090909091,0.09090909090909091,1.499676973186056e-14
597,prot-private,80,67,13,8001,750,0.48311268783709727,-1.0495683525721589,0.024942334464268485,0.8375,0.1625,6.137591276259506e-74
598,dna-private,31,28,3,8040,760,0.8822553897180763,-0.18073175639889522,0.7471571356606916,0.9032258064516129,0.0967741935483871,6.388400221161359e-26
600,prot-private,417,365,52,7703,711,0.6478869371573512,-0.6261860247314732,0.007104615464624363,0.8752997601918465,0.12470023980815348,6.137591276259506e-74
601,dead,24,24,0,8044,763,4.650568711542047,2.2174071521673038,0.26199068748151555,1.0,0.0,6.137591276259506e-74
602,dna-private,26,23,3,8045,760,0.7242593743525999,-0.4654216419440042,0.48773304782795196,0.8846153846153846,0.11538461538461539,1.3486175434808079e-64
603,shared,16,16,0,8052,763,3.1289040670599193,1.6456574258851278,0.3903018394628883,1.0,0.0,1.3486175434808079e-64
604,prot-private,247,227,20,7841,743,1.0755069506440504,0.10501684844976958,0.908359217506793,0.9190283400809717,0.08097165991902834,1.499676973186056e-14
606,dna-private,54,50,4,8018,759,1.1832751309553504,0.24278556303942034,1.0,0.9259259259259259,0.07407407407407407,1.499676973186056e-14
607,dna-private,27,25,2,8043,761,1.1827054581623773,0.2420908285745528,1.0,0.9259259259259259,0.07407407407407407,1.499676973186056e-14
608,shared,17,17,0,8051,763,3.3189467801030865,1.7307254957322895,0.3917859073460155,1.0,0.0,1.3486175434808079e-64
609,prot-private,66,64,2,8004,761,3.0424787606196904,1.6052471915978044,0.12282625304619563,0.9696969696969697,0.030303030303030304,6.137591276259506e-74
610,prot-private,270,254,16,7814,747,1.5176126183772716,0.60180357937773,0.12266337624209775,0.9407407407407408,0.05925925925925926,6.137591276259506e-74
611,dna-private,103,97,6,7971,757,1.5353364278844144,0.6185548182400404,0.3791649168746848,0.941747572815534,0.05825242718446602,1.3486175434808079e-64
612,dna-private,43,40,3,8028,760,1.2622487958810829,0.3359963011345369,1.0,0.9302325581395349,0.06976744186046512,1.499676973186056e-14
613,dna-private,75,71,4,7997,759,1.684662998624484,0.7524600223632567,0.4090710873656145,0.9466666666666667,0.05333333333333334,1.3486175434808079e-64
615,dna-private,30,27,3,8041,760,0.8506404676035318,-0.2333786048164745,0.741081562259439,0.9,0.1,6.388400221161359e-26
616,dna-private,10,7,3,8061,760,0.21998924864574287,-2.1844950770669267,0.04865901572148691,0.7,0.3,6.137591276259506e-74
617,dna-private,29,21,8,8047,755,0.24628743631166894,-2.0215850603641554,0.002490746926013673,0.7241379310344828,0.27586206896551724,6.137591276259506e-74
619,dna-private,65,60,5,8008,758,1.135864135864136,0.18379028005625445,1.0,0.9230769230769231,0.07692307692307693,1.499676973186056e-14
620,dna-private,44,41,3,8027,760,1.2939661974170509,0.37179992996121036,1.0,0.9318181818181818,0.06818181818181818,1.499676973186056e-14
621,dna-private,21,17,4,8051,759,0.4006645137250031,-1.3195333568682468,0.10183922039866987,0.8095238095238095,0.19047619047619047,6.137591276259506e-74
622,dna-private,262,243,19,7825,744,1.2160215234572054,0.28216876456288387,0.5024023330637711,0.9274809160305344,0.07251908396946564,1.3486175434808079e-64
623,shared,35,34,1,8034,762,3.224794622852875,1.6892072826981948,0.3624586490896934,0.9714285714285714,0.02857142857142857,1.3486175434808079e-64
624,dna-private,77,75,2,7993,761,3.5703115225822595,1.8360499601021882,0.06386289196392975,0.974025974025974,0.025974025974025976,6.137591276259506e-74
625,dna-private,83,78,5,7990,758,1.4799499374217773,0.5655483743306386,0.5539199530397394,0.9397590361445783,0.060240963855421686,6.388400221161359e-26
626,prot-private,69,66,3,8002,760,2.0894776305923517,1.063142313622643,0.2800930951306937,0.9565217391304348,0.043478260869565216,1.3486175434808079e-64
627,dna-private,31,28,3,8040,760,0.8822553897180763,-0.18073175639889522,0.7471571356606916,0.9032258064516129,0.0967741935483871,6.388400221161359e-26
628,prot-private,184,175,9,7893,754,1.8574827202725341,0.8933487897716353,0.08281526295875553,0.9510869565217391,0.04891304347826087,6.137591276259506e-74
629,dna-private,16,10,6,8058,757,0.15657317779432448,-2.6750910059966606,0.0015333638643821406,0.625,0.375,6.137591276259506e-74
630,dna-private,72,61,11,8007,752,0.5208170123868887,-0.9411515202598963,0.05522899082519044,0.8472222222222222,0.1527777777777778,6.137591276259506e-74
631,dna-private,38,34,4,8034,759,0.8030246452576549,-0.3164838293796611,0.5664327681214596,0.8947368421052632,0.10526315789473684,6.388400221161359e-26
632,dna-private,143,139,4,7929,759,3.3264283011729097,1.7339739377762478,0.009708390642765363,0.972027972027972,0.027972027972027972,6.137591276259506e-74
634,dna-private,16,16,0,8052,763,3.1289040670599193,1.6456574258851278,0.3903018394628883,1.0,0.0,1.3486175434808079e-64
637,dna-private,61,53,8,8015,755,0.6240642545227698,-0.6802335162662699,0.24579488446630005,0.8688524590163934,0.13114754098360656,6.137591276259506e-74
638,prot-private,788,775,13,7293,750,6.130747080973325,2.616062888653866,6.7321359070033664e-18,0.983502538071066,0.01649746192893401,6.137591276259506e-74
639,prot-private,10,10,0,8058,763,1.9896382701495317,0.9925061627800148,1.0,1.0,0.0,1.499676973186056e-14
640,dna-private,295,275,20,7793,743,1.3109521365327859,0.3906150130597884,0.29135085475934686,0.9322033898305084,0.06779661016949153,1.3486175434808079e-64
641,prot-private,62,62,0,8006,763,11.9200024979704,3.5753126330204177,0.005708157617280909,1.0,0.0,6.137591276259506e-74
642,shared,23,23,0,8045,763,4.460195140140451,2.157106831570286,0.2566084918038831,1.0,0.0,6.137591276259506e-74
643,dna-private,87,73,14,7995,749,0.4884928080050031,-1.0335907730865304,0.01990356869540546,0.8390804597701149,0.16091954022988506,6.137591276259506e-74
644,dead,12,12,0,8056,763,2.369204989759821,1.2444030296948858,0.6160300460842021,1.0,0.0,6.388400221161359e-26
645,prot-private,19,17,2,8051,761,0.8034405663892684,-0.3157367887801676,0.677113499984792,0.8947368421052632,0.10526315789473684,6.388400221161359e-26
646,dna-private,47,43,4,8025,759,1.016728971962617,0.02393515322053655,1.0,0.9148936170212766,0.0851063829787234,1.499676973186056e-14
647,dna-private,73,46,27,8022,736,0.15631088580477762,-2.6775098408639515,1.9736370291418644e-11,0.6301369863013698,0.3698630136986301,6.137591276259506e-74
648,dna-private,192,182,10,7886,753,1.7378392087243215,0.7972946048754456,0.09143715344146623,0.9479166666666666,0.052083333333333336,6.137591276259506e-74
649,prot-private,150,142,8,7926,755,1.6907961140550087,0.7577027017491395,0.18515697692376953,0.9466666666666667,0.05333333333333334,6.137591276259506e-74
650,dna-private,235,224,11,7844,752,1.9522507069676882,0.9651383349057954,0.02510318506102388,0.9531914893617022,0.04680851063829787,6.137591276259506e-74
651,prot-private,57,49,8,8019,755,0.5766772664920813,-0.7941639446365849,0.15191813745282973,0.8596491228070176,0.14035087719298245,6.137591276259506e-74
652,dna-private,30,20,10,8048,753,0.1871272365805169,-2.417908535133599,0.00013252126457858116,0.6666666666666666,0.3333333333333333,6.137591276259506e-74
653,dna-private,121,112,9,7956,754,1.1793754538852579,0.2380230730502122,0.7458110600248244,0.9256198347107438,0.0743801652892562,6.388400221161359e-26
655,dna-private,50,42,8,8026,755,0.4938636929977573,-1.0178151837887939,0.073779988843333,0.84,0.16,6.137591276259506e-74
656,dna-private,25,23,2,8045,761,1.0878185208203854,0.12143789394974983,1.0,0.92,0.08,8.510575869671689e-13
657,dna-private,54,47,7,8021,756,0.6328387981548436,-0.660090043449404,0.22771625321946948,0.8703703703703703,0.12962962962962962,6.137591276259506e-74
658,dna-private,13,10,3,8058,760,0.31438735831885495,-1.6693848876514445,0.09567651131280328,0.7692307692307693,0.23076923076923078,6.137591276259506e-74
659,dna-private,78,74,4,7994,759,1.7565048786589943,0.8127075836239692,0.41393527755291826,0.9487179487179487,0.05128205128205128,1.3486175434808079e-64
660,dna-private,38,35,3,8033,760,1.1037802398439769,0.14245296337799762,1.0,0.9210526315789473,0.07894736842105263,1.499676973186056e-14
661,dna-private,220,190,30,7878,733,0.5892781585850893,-0.762979300757802,0.01055794298172012,0.8636363636363636,0.13636363636363635,6.137591276259506e-74
662,dna-private,11,9,2,8059,761,0.424928651197419,-1.2347074729427345,0.24486416172403402,0.8181818181818182,0.18181818181818182,6.137591276259506e-74
663,shared,27,27,0,8041,763,5.221973512404402,2.384595139837708,0.16501930565629472,1.0,0.0,6.137591276259506e-74
664,prot-private,42,35,7,8033,756,0.47055894435453754,-1.0875526420683255,0.08844988672012005,0.8333333333333334,0.16666666666666666,6.137591276259506e-74
665,dna-private,16,10,6,8058,757,0.15657317779432448,-2.6750910059966606,0.0015333638643821406,0.625,0.375,6.137591276259506e-74
666,shared,32,29,3,8039,760,0.9138781772193888,-0.12992623248711502,0.7536237834637938,0.90625,0.09375,6.388400221161359e-26
667,dna-private,452,423,29,7645,734,1.4004284973275298,0.48586832458742335,0.08582917425899192,0.9358407079646017,0.06415929203539823,6.137591276259506e-74
668,dna-private,50,26,24,8042,739,0.09955027770869601,-3.3284308492342736,2.9384700065231127e-13,0.52,0.48,6.137591276259506e-74
670,prot-private,793,792,1,7276,762,82.94447498625618,6.374073979921445,3.8480169273223372e-31,0.9987389659520807,0.0012610340479192938,6.137591276259506e-74
671,dna-private,36,30,6,8038,757,0.4708882806668325,-1.0865432771856511,0.12407763485417378,0.8333333333333334,0.16666666666666666,6.137591276259506e-74
672,dna-private,382,367,15,7701,748,2.3764532744665194,1.2488100358257563,0.0003647228523910655,0.9607329842931938,0.03926701570680628,6.137591276259506e-74
673,shared,13,11,2,8057,761,0.5194861611021472,-0.9448427780489919,0.31132490475252955,0.8461538461538461,0.15384615384615385,1.3486175434808079e-64
674,prot-private,19,15,4,8053,759,0.3534397119086055,-1.5004639470327465,0.0754765246969675,0.7894736842105263,0.21052631578947367,6.137591276259506e-74
675,dna-private,10,8,2,8060,761,0.37766749379652603,-1.4048114799117843,0.21174867571160536,0.8,0.2,6.137591276259506e-74
676,dna-private,61,57,4,8011,759,1.3501123455249033,0.4330794617856945,0.8177044872896894,0.9344262295081968,0.06557377049180328,1.499676973186056e-14
677,dna-private,54,44,10,8024,753,0.4129112662013958,-1.2760963121903177,0.02341980900540505,0.8148148148148148,0.18518518518518517,6.137591276259506e-74
678,dna-private,80,77,3,7991,760,2.441079547824636,1.2875193092043564,0.15809982949810447,0.9625,0.0375,6.137591276259506e-74
679,dna-private,38,31,7,8037,756,0.4165733482642777,-1.2633575540131914,0.0416105135163432,0.8157894736842105,0.18421052631578946,6.137591276259506e-74
680,shared,22,20,2,8048,761,0.9455765407554672,-0.08073385141461938,0.7149840631017713,0.9090909090909091,0.09090909090909091,6.388400221161359e-26
681,dna-private,132,127,5,7941,758,2.4245309155018258,1.2777056498393404,0.04212532713973282,0.9621212121212122,0.03787878787878788,6.137591276259506e-74
684,dna-private,37,35,2,8033,761,1.6578488733972363,0.7293124992717513,0.7674493121844022,0.9459459459459459,0.05405405405405406,6.388400221161359e-26
685,dna-private,47,46,1,8022,762,4.369483919222139,2.127462892735826,0.18434086421492807,0.9787234042553191,0.02127659574468085,6.137591276259506e-74
686,dna-private,17,15,2,8053,761,0.7087420836955172,-0.49666737894466767,0.6538307945337098,0.8823529411764706,0.11764705882352941,6.388400221161359e-26
687,dna-private,30,20,10,8048,753,0.1871272365805169,-2.417908535133599,0.00013252126457858116,0.6666666666666666,0.3333333333333333,6.137591276259506e-74
688,prot-private,91,63,28,8005,735,0.2065896314803248,-2.27516024623758,1.1853400804227827e-09,0.6923076923076923,0.3076923076923077,6.137591276259506e-74
689,dead,55,53,2,8015,761,2.5160948222083594,1.3311862930248344,0.23296433625348986,0.9636363636363636,0.03636363636363636,6.137591276259506e-74
690,prot-private,12,12,0,8056,763,2.369204989759821,1.2444030296948858,0.6160300460842021,1.0,0.0,6.388400221161359e-26
691,dna-private,12,11,1,8057,762,1.0403375946382027,0.05705176594078467,1.0,0.9166666666666666,0.08333333333333333,8.510575869671689e-13
692,dna-private,19,16,3,8052,760,0.5033946017552575,-0.990238349311548,0.22277766157339868,0.8421052631578947,0.15789473684210525,6.137591276259506e-74
693,prot-private,23,20,3,8048,760,0.629555997349238,-0.667593387308373,0.4442764268572269,0.8695652173913043,0.13043478260869565,1.3486175434808079e-64
694,dna-private,22,20,2,8048,761,0.9455765407554672,-0.08073385141461938,0.7149840631017713,0.9090909090909091,0.09090909090909091,6.388400221161359e-26
695,shared,26,24,2,8044,761,1.1352560914967678,0.1830177779193497,1.0,0.9230769230769231,0.07692307692307693,8.510575869671689e-13
696,prot-private,17,15,2,8053,761,0.7087420836955172,-0.49666737894466767,0.6538307945337098,0.8823529411764706,0.11764705882352941,6.388400221161359e-26
697,dna-private,12,11,1,8057,762,1.0403375946382027,0.05705176594078467,1.0,0.9166666666666666,0.08333333333333333,8.510575869671689e-13
698,dead,20,19,1,8049,762,1.798732761833768,0.8469808609552302,1.0,0.95,0.05,8.510575869671689e-13
699,prot-private,28,28,0,8040,763,5.412536533797649,2.436304857844131,0.16804864765234273,1.0,0.0,6.137591276259506e-74
700,dna-private,16,12,4,8056,759,0.2826464746772592,-1.8229293918701623,0.04347584763160735,0.75,0.25,6.137591276259506e-74
701,dna-private,57,41,16,8027,747,0.2384686059549022,-2.068128744859344,1.626636349519665e-05,0.7192982456140351,0.2807017543859649,6.137591276259506e-74
702,dna-private,74,71,3,7997,760,2.2491767746238174,1.1693970545575822,0.21048405233081893,0.9594594594594594,0.04054054054054054,6.137591276259506e-74
703,shared,11,11,0,8057,763,2.179398076326404,1.1239297349069568,0.6147434751291604,1.0,0.0,6.388400221161359e-26
704,dead,38,36,2,8032,761,1.7054282868525896,0.7701340909950858,0.7693366757055152,0.9473684210526315,0.05263157894736842,6.388400221161359e-26
705,prot-private,11,9,2,8059,761,0.424928651197419,-1.2347074729427345,0.24486416172403402,0.8181818181818182,0.18181818181818182,6.137591276259506e-74
706,shared,25,23,2,8045,761,1.0878185208203854,0.12143789394974983,1.0,0.92,0.08,8.510575869671689e-13
707,dna-private,97,91,6,7977,757,1.4392837741841127,0.5253510668844479,0.47025652687468444,0.9381443298969072,0.061855670103092786,1.3486175434808079e-64
708,dna-private,23,22,1,8046,762,2.08351976137211,1.059022783504989,0.716472396975913,0.9565217391304348,0.043478260869565216,6.388400221161359e-26
709,dna-private,11,11,0,8057,763,2.179398076326404,1.1239297349069568,0.6147434751291604,1.0,0.0,6.388400221161359e-26
710,dna-private,47,43,4,8025,759,1.016728971962617,0.02393515322053655,1.0,0.9148936170212766,0.0851063829787234,8.510575869671689e-13
712,shared,35,35,0,8033,763,6.747806062114894,2.754418509896108,0.06976291749627056,1.0,0.0,6.137591276259506e-74
713,dead,62,62,0,8006,763,11.9200024979704,3.5753126330204177,0.005708157617280909,1.0,0.0,6.137591276259506e-74
714,shared,22,21,1,8047,762,1.988567167888654,0.9917292929167254,1.0,0.9545454545454546,0.045454545454545456,8.510575869671689e-13
715,dead,30,28,2,8040,761,1.3251243781094528,0.4061277794948587,1.0,0.9333333333333333,0.06666666666666667,8.510575869671689e-13
716,dna-private,20,16,4,8052,759,0.3770491803278688,-1.4071753815058734,0.08818066269357304,0.8,0.2,6.137591276259506e-74
717,dna-private,31,24,7,8044,756,0.32222774738935855,-1.6338473634207271,0.014629950189399336,0.7741935483870968,0.22580645161290322,6.137591276259506e-74
718,dna-private,278,246,32,7822,731,0.7184303886474047,-0.4770797194412681,0.10237195917041607,0.8848920863309353,0.11510791366906475,6.137591276259506e-74
719,dna-private,100,92,8,7976,755,1.0885782347041124,0.1224450958712583,1.0,0.92,0.08,8.510575869671689e-13
720,dna-private,27,25,2,8043,761,1.1827054581623773,0.2420908285745528,1.0,0.9259259259259259,0.07407407407407407,0.011508001441379862
721,dna-private,35,26,9,8042,754,0.27085578490701595,-1.8844031908329164,0.0023157207017891015,0.7428571428571429,0.2571428571428571,6.137591276259506e-74
722,dna-private,78,73,5,7995,758,1.384215134459037,0.4690681837960523,0.6837466112500863,0.9358974358974359,0.0641025641025641,6.388400221161359e-26
723,dna-private,40,40,0,8028,763,7.702995578252476,2.9454195971656594,0.04590007629092993,1.0,0.0,6.137591276259506e-74
724,dead,34,31,3,8037,760,0.9771473601260835,-0.033351948566868406,1.0,0.9117647058823529,0.08823529411764706,8.510575869671689e-13
725,prot-private,35,34,1,8034,762,3.224794622852875,1.6892072826981948,0.3624586490896934,0.9714285714285714,0.02857142857142857,1.3486175434808079e-64
726,dna-private,16,10,6,8058,757,0.15657317779432448,-2.6750910059966606,0.0015333638643821406,0.625,0.375,6.137591276259506e-74
727,dna-private,32,28,4,8040,759,0.6608208955223881,-0.5976687885932205,0.3527235621150381,0.875,0.125,1.3486175434808079e-64
728,dna-private,27,23,4,8045,759,0.5424798011187073,-0.8823586741383294,0.28746707582594033,0.8518518518518519,0.14814814814814814,1.3486175434808079e-64
729,dna-private,137,111,26,7957,737,0.39542831179126264,-1.3385119263528602,0.00015076782901553054,0.8102189781021898,0.1897810218978102,6.137591276259506e-74
730,dna-private,43,38,5,8030,758,0.7174097135740971,-0.47913081567736204,0.41632227297583635,0.8837209302325582,0.11627906976744186,1.3486175434808079e-64
731,prot-private,29,27,2,8041,761,1.2776395970650416,0.3534809310772793,1.0,0.9310344827586207,0.06896551724137931,8.510575869671689e-13
732,dna-private,50,48,2,8020,761,2.2773067331670824,1.1873286228824191,0.3179051122649078,0.96,0.04,1.3486175434808079e-64
733,dna-private,433,418,15,7650,748,2.724740740740741,1.4461189638926244,2.11645665315158e-05,0.9653579676674365,0.03464203233256351,6.137591276259506e-74
734,dna-private,41,36,5,8032,758,0.6794820717131475,-0.5574926092247302,0.39759452388256966,0.8780487804878049,0.12195121951219512,1.3486175434808079e-64
736,shared,37,36,1,8032,762,3.4153386454183265,1.7720286349848624,0.37004759409297505,0.972972972972973,0.02702702702702703,1.3486175434808079e-64
737,dna-private,86,74,12,7994,751,0.5793303310816446,-0.7875418949983816,0.08247724656466357,0.8604651162790697,0.13953488372093023,6.137591276259506e-74
738,dna-private,13,9,4,8059,759,0.21190594366546717,-2.2385040410308137,0.021001542276485385,0.6923076923076923,0.3076923076923077,6.137591276259506e-74
739,dna-private,11,5,6,8063,757,0.07823804208524536,-3.675985922619171,0.0001290097739384618,0.45454545454545453,0.5454545454545454,6.137591276259506e-74
740,shared,15,14,1,8054,762,1.3245592252296996,0.40551235260517215,1.0,0.9333333333333333,0.06666666666666667,8.510575869671689e-13
741,prot-private,39,31,8,8037,755,0.3640195346522334,-1.4579122219642189,0.016570423611427704,0.7948717948717948,0.20512820512820512,6.137591276259506e-74
742,prot-private,15,15,0,8053,763,2.9389085490780404,1.5552804669020328,0.6340216938892271,1.0,0.0,6.388400221161359e-26
743,dna-private,13,8,5,8060,758,0.15047146401985112,-2.7324381801316004,0.0033960774335763263,0.6153846153846154,0.38461538461538464,6.137591276259506e-74
744,dna-private,207,198,9,7870,754,2.1077509529860228,1.0757044115111127,0.023606924010689413,0.9565217391304348,0.043478260869565216,6.137591276259506e-74
745,shared,30,27,3,8041,760,0.8506404676035318,-0.2333786048164745,0.741081562259439,0.9,0.1,6.388400221161359e-26
746,dna-private,143,139,4,7929,759,3.3264283011729097,1.7339739377762478,0.009708390642765363,0.972027972027972,0.027972027972027972,6.137591276259506e-74
747,dna-private,228,212,16,7856,747,1.2598968940936863,0.3333056730377432,0.47259692547905763,0.9298245614035088,0.07017543859649122,1.3486175434808079e-64
748,dna-private,55,37,18,8031,745,0.19068470786812214,-2.3907389448257725,3.9658769507786613e-07,0.6727272727272727,0.32727272727272727,6.137591276259506e-74
749,dead,45,38,7,8030,756,0.5110834371108344,-0.9683692567976228,0.10628230294690233,0.8444444444444444,0.15555555555555556,6.137591276259506e-74
750,dead,15,14,1,8054,762,1.3245592252296996,0.40551235260517215,1.0,0.9333333333333333,0.06666666666666667,1.499676973186056e-14
752,dna-private,79,75,4,7993,759,1.7804641561366195,0.8322533920141092,0.31755537656104504,0.9493670886075949,0.05063291139240506,1.3486175434808079e-64
753,dna-private,67,62,5,8006,758,1.1740194853859605,0.23145635328306602,1.0,0.9253731343283582,0.07462686567164178,1.499676973186056e-14
755,dna-private,12,12,0,8056,763,2.369204989759821,1.2444030296948858,0.6160300460842021,1.0,0.0,6.388400221161359e-26
757,prot-private,22,21,1,8047,762,1.988567167888654,0.9917292929167254,1.0,0.9545454545454546,0.045454545454545456,1.499676973186056e-14
758,dead,38,33,5,8035,758,0.6226260112009957,-0.6835622459202733,0.3755053214500226,0.868421052631579,0.13157894736842105,1.3486175434808079e-64
759,prot-private,583,541,42,7527,721,1.2338470395465213,0.30316355415854856,0.22226168882989228,0.9279588336192109,0.07204116638078903,6.137591276259506e-74
760,dna-private,184,181,3,7887,760,5.813786399560458,2.539478067353795,9.387137572567309e-05,0.9836956521739131,0.016304347826086956,6.137591276259506e-74
761,dna-private,59,44,15,8024,748,0.2734463276836158,-1.8706704076957652,0.0001046873141198826,0.7457627118644068,0.2542372881355932,6.137591276259506e-74
762,dna-private,25,20,5,8048,758,0.37673956262425445,-1.4083605516344355,0.05921837402854664,0.8,0.2,6.137591276259506e-74
763,dna-private,19,15,4,8053,759,0.3534397119086055,-1.5004639470327465,0.0754765246969675,0.7894736842105263,0.21052631578947367,6.137591276259506e-74
764,dna-private,23,21,2,8047,761,0.9929787498446626,-0.010165251073051074,1.0,0.9130434782608695,0.08695652173913043,1.499676973186056e-14
766,dna-private,22,18,4,8050,759,0.42428571428571427,-1.236891991031563,0.11640137205561549,0.8181818181818182,0.18181818181818182,6.137591276259506e-74
767,dna-private,92,87,5,7981,758,1.6525748653050996,0.7247156304971838,0.35090681718468886,0.9456521739130435,0.05434782608695652,1.3486175434808079e-64
768,prot-private,286,246,40,7822,723,0.5684543594988494,-0.81488357332995,0.0025063783511699053,0.8601398601398601,0.13986013986013987,6.137591276259506e-74
769,dna-private,57,54,3,8014,760,1.7070127277264786,0.7714738153424622,0.4814145085434018,0.9473684210526315,0.05263157894736842,1.3486175434808079e-64
770,dead,38,31,7,8037,756,0.4165733482642777,-1.2633575540131914,0.0416105135163432,0.8157894736842105,0.18421052631578946,6.137591276259506e-74
771,dna-private,50,45,5,8023,758,0.8503053720553408,-0.2339470423064658,0.6175136262134565,0.9,0.1,6.388400221161359e-26
772,dna-private,55,52,3,8016,760,1.6433799068529606,0.7166660325556753,0.6268287249000257,0.9454545454545454,0.05454545454545454,6.388400221161359e-26
774,dna-private,77,70,7,7998,756,0.9452363090772693,-0.08125304670169435,0.8380868188772468,0.9090909090909091,0.09090909090909091,1.499676973186056e-14
775,dead,22,21,1,8047,762,1.988567167888654,0.9917292929167254,1.0,0.9545454545454546,0.045454545454545456,1.499676973186056e-14
776,dna-private,11,10,1,8058,762,0.9456440804169769,-0.08063080776791416,1.0,0.9090909090909091,0.09090909090909091,1.499676973186056e-14
777,dna-private,201,166,35,7902,728,0.4369526702100734,-1.194451076377016,5.818931974492528e-05,0.8258706467661692,0.17412935323383086,6.137591276259506e-74
778,dna-private,45,39,6,8029,757,0.612840951550629,-0.7064153899466052,0.2787871973619483,0.8666666666666667,0.13333333333333333,1.3486175434808079e-64
779,dna-private,21,17,4,8051,759,0.4006645137250031,-1.3195333568682468,0.10183922039866987,0.8095238095238095,0.19047619047619047,6.137591276259506e-74
780,prot-private,12,11,1,8057,762,1.0403375946382027,0.05705176594078467,1.0,0.9166666666666666,0.08333333333333333,1.499676973186056e-14
781,dna-private,17,14,3,8054,760,0.4403608972767155,-1.1832417272783582,0.17689465436516857,0.8235294117647058,0.17647058823529413,6.137591276259506e-74
782,dna-private,35,33,2,8035,761,1.5627255756067207,0.6440644542995428,0.7653062546149721,0.9428571428571428,0.05714285714285714,6.388400221161359e-26
784,dna-private,55,50,5,8018,758,0.9453729109503617,-0.08104456909231658,0.810144336619018,0.9090909090909091,0.09090909090909091,1.499676973186056e-14
785,prot-private,27,26,1,8042,762,2.463566277045511,1.3007482848340537,0.7259809616915744,0.9629629629629629,0.037037037037037035,6.388400221161359e-26
786,prot-private,27,26,1,8042,762,2.463566277045511,1.3007482848340537,0.7259809616915744,0.9629629629629629,0.037037037037037035,6.388400221161359e-26
787,dna-private,180,177,3,7891,760,5.6824230135597515,2.506506233296015,0.00013524503810439397,0.9833333333333333,0.016666666666666666,6.137591276259506e-74
788,dna-private,25,19,6,8049,757,0.29782167557046424,-1.7474793372735162,0.01735238107761688,0.76,0.24,6.137591276259506e-74
789,dna-private,25,22,3,8046,760,0.692683735189328,-0.5297312963785412,0.4725039628434682,0.88,0.12,1.3486175434808079e-64
790,dna-private,31,30,1,8038,762,2.8439910425478976,1.5079169210430954,0.5158143009548789,0.967741935483871,0.03225806451612903,1.3486175434808079e-64
791,dna-private,19,15,4,8053,759,0.3534397119086055,-1.5004639470327465,0.0754765246969675,0.7894736842105263,0.21052631578947367,6.137591276259506e-74
792,dna-private,14,11,3,8057,760,0.34586901659012864,-1.5317023139427457,0.1142871290727978,0.7857142857142857,0.21428571428571427,6.137591276259506e-74
793,shared,13,11,2,8057,761,0.5194861611021472,-0.9448427780489919,0.31132490475252955,0.8461538461538461,0.15384615384615385,1.3486175434808079e-64
794,dna-private,95,88,7,7980,756,1.1909774436090226,0.2521460896910577,0.8538064359685911,0.9263157894736842,0.07368421052631578,1.499676973186056e-14
795,prot-private,14,13,1,8055,762,1.2297951582867783,0.29841803204048295,1.0,0.9285714285714286,0.07142857142857142,1.499676973186056e-14
796,dna-private,155,142,13,7926,750,1.0335992546439179,0.04767693477884946,1.0,0.9161290322580645,0.08387096774193549,1.499676973186056e-14
797,dna-private,34,32,2,8036,761,1.5151816824290691,0.5994907947702535,0.765131878985169,0.9411764705882353,0.058823529411764705,6.388400221161359e-26
798,dna-private,64,62,2,8006,761,2.9466650012490634,1.5590830535028823,0.17420296078105713,0.96875,0.03125,6.137591276259506e-74
799,dead,25,24,1,8044,762,2.2734957732471406,1.1849123219091262,0.7193889252568892,0.96,0.04,6.388400221161359e-26
800,dna-private,31,26,5,8042,758,0.49012683412086544,-1.028772959375539,0.18492513850854314,0.8387096774193549,0.16129032258064516,6.137591276259506e-74
801,dna-private,325,311,14,7757,749,2.144965837308238,1.1009546702243658,0.003317803299199466,0.9569230769230769,0.043076923076923075,6.137591276259506e-74
802,dna-private,49,30,19,8038,744,0.14614790272521314,-2.774498968785781,7.80208557134797e-09,0.6122448979591837,0.3877551020408163,6.137591276259506e-74
803,shared,16,15,1,8053,762,1.4193468272693406,0.5052271650451089,1.0,0.9375,0.0625,1.499676973186056e-14
804,dna-private,52,44,8,8024,755,0.5175099700897308,-0.9503414377624423,0.08505202690051364,0.8461538461538461,0.15384615384615385,6.137591276259506e-74
805,dna-private,13,13,0,8055,763,2.5590590279932965,1.3556134253808918,0.6199739488311733,1.0,0.0,6.388400221161359e-26
806,dna-private,37,36,1,8032,762,3.4153386454183265,1.7720286349848624,0.37004759409297505,0.972972972972973,0.02702702702702703,1.3486175434808079e-64
807,dna-private,50,48,2,8020,761,2.2773067331670824,1.1873286228824191,0.3179051122649078,0.96,0.04,1.3486175434808079e-64
809,dna-private,28,24,4,8044,759,0.5661362506215813,-0.8207787901687292,0.2985886706930741,0.8571428571428571,0.14285714285714285,1.3486175434808079e-64
810,dna-private,43,40,3,8028,760,1.2622487958810829,0.3359963011345369,1.0,0.9302325581395349,0.06976744186046512,1.499676973186056e-14
811,shared,28,26,2,8042,761,1.2301666252176076,0.29885374084427707,1.0,0.9285714285714286,0.07142857142857142,1.499676973186056e-14
812,prot-private,19,18,1,8050,762,1.7038509316770187,0.7687991210462928,1.0,0.9473684210526315,0.05263157894736842,1.499676973186056e-14
813,dna-private,12,12,0,8056,763,2.369204989759821,1.2444030296948858,0.6160300460842021,1.0,0.0,6.388400221161359e-26
815,dna-private,66,57,9,8011,754,0.5960970332459535,-0.7463809018034199,0.18025917823844725,0.8636363636363636,0.13636363636363635,6.137591276259506e-74
816,prot-private,15,14,1,8054,762,1.3245592252296996,0.40551235260517215,1.0,0.9333333333333333,0.06666666666666667,1.499676973186056e-14
818,dna-private,53,49,4,8019,759,1.1594650205761317,0.21345929656644014,1.0,0.9245283018867925,0.07547169811320754,1.499676973186056e-14
819,prot-private,62,62,0,8006,763,11.9200024979704,3.5753126330204177,0.005708157617280909,1.0,0.0,6.137591276259506e-74
821,dna-private,65,64,1,8004,762,6.092953523238381,2.607141735587581,0.04215364622038642,0.9846153846153847,0.015384615384615385,6.137591276259506e-74
822,prot-private,2178,2157,21,5911,742,12.893588225342581,3.688581909751606,7.289824559355718e-68,0.990358126721763,0.009641873278236915,6.137591276259506e-74
823,dead,17,17,0,8051,763,3.3189467801030865,1.7307254957322895,0.3917859073460155,1.0,0.0,1.3486175434808079e-64
824,prot-private,51,46,5,8022,758,0.8693093991523311,-0.20205835147376677,0.8002634787141999,0.9019607843137255,0.09803921568627451,6.388400221161359e-26
825,dna-private,60,51,9,8017,754,0.5329508128560143,-0.9079257050984474,0.0999968237202635,0.85,0.15,6.137591276259506e-74
826,shared,17,17,0,8051,763,3.3189467801030865,1.7307254957322895,0.3917859073460155,1.0,0.0,1.3486175434808079e-64
827,dna-private,53,49,4,8019,759,1.1594650205761317,0.21345929656644014,1.0,0.9245283018867925,0.07547169811320754,1.499676973186056e-14
828,dna-private,11,7,4,8061,759,0.16477484183103833,-2.601432109261252,0.011139087896983257,0.6363636363636364,0.36363636363636365,6.137591276259506e-74
829,prot-private,50,45,5,8023,758,0.8503053720553408,-0.2339470423064658,0.6175136262134565,0.9,0.1,6.388400221161359e-26
830,dna-private,36,30,6,8038,757,0.4708882806668325,-1.0865432771856511,0.12407763485417378,0.8333333333333334,0.16666666666666666,6.137591276259506e-74
831,dna-private,27,24,3,8044,760,0.7558428642466435,-0.40384175797440397,0.5034960913993611,0.8888888888888888,0.1111111111111111,1.3486175434808079e-64
832,prot-private,16,9,7,8059,756,0.12061049758034495,-3.0515726142828115,0.00019955026977496804,0.5625,0.4375,6.137591276259506e-74
833,dna-private,41,33,8,8035,755,0.38760112009956443,-1.3673553549915614,0.02210213366205824,0.8048780487804879,0.1951219512195122,6.137591276259506e-74
834,dna-private,13,11,2,8057,761,0.5194861611021472,-0.9448427780489919,0.31132490475252955,0.8461538461538461,0.15384615384615385,1.3486175434808079e-64
835,dna-private,99,87,12,7981,751,0.6822140082696404,-0.5517037159934298,0.20745653256494015,0.8787878787878788,0.12121212121212122,6.137591276259506e-74
836,shared,65,63,2,8005,761,2.9945658963148034,1.5823468795998428,0.12266521010967323,0.9692307692307692,0.03076923076923077,6.137591276259506e-74
837,dna-private,60,54,6,8014,757,0.8501372597953581,-0.2342323030027539,0.6441431249902982,0.9,0.1,6.388400221161359e-26
838,dna-private,140,135,5,7933,758,2.5798562964830456,1.3672907066852524,0.032068477224796145,0.9642857142857143,0.03571428571428571,6.137591276259506e-74
839,dna-private,181,177,4,7891,759,4.256209605880117,2.0895692011016895,0.0006832051029996766,0.9779005524861878,0.022099447513812154,6.137591276259506e-74
840,prot-private,37,37,0,8031,763,7.129739152088651,2.8338492953406753,0.07162832242165393,1.0,0.0,6.137591276259506e-74
841,prot-private,706,627,79,7441,684,0.7295671093615769,-0.454887404077875,0.01439739246928438,0.8881019830028328,0.11189801699716714,6.137591276259506e-74
842,dna-private,69,50,19,8018,744,0.24418742040934213,-2.0339392147116,3.633234828715097e-06,0.7246376811594203,0.2753623188405797,6.137591276259506e-74
843,dna-private,62,59,3,8009,760,1.8662338202855122,0.9001297526598621,0.3681670075315167,0.9516129032258065,0.04838709677419355,1.3486175434808079e-64
845,dna-private,48,33,15,8035,748,0.204803982576229,-2.2876843249248844,7.06174140857656e-06,0.6875,0.3125,6.137591276259506e-74
846,dna-private,33,33,0,8035,763,6.366063095015867,2.670401455813828,0.11089073460605553,1.0,0.0,6.137591276259506e-74
847,prot-private,71,64,7,8004,756,0.863568215892054,-0.21161794974227255,0.6702707107429249,0.9014084507042254,0.09859154929577464,6.388400221161359e-26
848,dna-private,47,46,1,8022,762,4.369483919222139,2.127462892735826,0.18434086421492807,0.9787234042553191,0.02127659574468085,6.137591276259506e-74
849,dna-private,63,61,2,8007,761,2.898776070937929,1.535443890203309,0.17208255719593135,0.9682539682539683,0.031746031746031744,6.137591276259506e-74
850,dna-private,62,56,6,8012,757,0.8818439008154435,-0.1814047944905281,0.6540274862699829,0.9032258064516129,0.0967741935483871,6.388400221161359e-26
851,dna-private,10,9,1,8059,762,0.8509740662613228,-0.2328129289529579,0.59509736615207,0.9,0.1,6.388400221161359e-26
853,dna-private,75,54,21,8014,742,0.238083354130272,-2.0704613384252863,8.30569661816384e-07,0.72,0.28,6.137591276259506e-74
854,prot-private,30,22,8,8046,755,0.25804747700720854,-1.9542915697758916,0.0031439857370636048,0.7333333333333333,0.26666666666666666,6.137591276259506e-74
855,dna-private,103,88,15,7980,748,0.5499081035923141,-0.8627375481932927,0.04900767775878405,0.8543689320388349,0.14563106796116504,6.137591276259506e-74
856,dead,20,19,1,8049,762,1.798732761833768,0.8469808609552302,1.0,0.95,0.05,1.499676973186056e-14
857,dna-private,18,15,3,8053,760,0.4718738358375761,-1.0835269148384212,0.19951958732975172,0.8333333333333334,0.16666666666666666,6.137591276259506e-74
858,dead,11,9,2,8059,761,0.424928651197419,-1.2347074729427345,0.24486416172403402,0.8181818181818182,0.18181818181818182,6.137591276259506e-74
860,dna-private,80,71,9,7997,754,0.7438067052922623,-0.4270003412258577,0.41988012143684883,0.8875,0.1125,1.3486175434808079e-64
861,prot-private,12,12,0,8056,763,2.369204989759821,1.2444030296948858,0.6160300460842021,1.0,0.0,6.388400221161359e-26
862,dna-private,36,32,4,8036,759,0.7555998008959681,-0.40430577331782563,0.5481765446359741,0.8888888888888888,0.1111111111111111,6.388400221161359e-26
863,dna-private,295,276,19,7792,744,1.3870096185021075,0.4719777923602728,0.20499103986593809,0.9355932203389831,0.06440677966101695,6.137591276259506e-74
864,dna-private,20,18,2,8050,761,0.850807453416149,-0.2330954229434839,0.689509959490357,0.9,0.1,6.388400221161359e-26
865,prot-private,79,54,25,8014,738,0.19891190416770652,-2.329798475981658,4.8349772133310695e-09,0.6835443037974683,0.31645569620253167,6.137591276259506e-74
866,prot-private,22,21,1,8047,762,1.988567167888654,0.9917292929167254,1.0,0.9545454545454546,0.045454545454545456,1.499676973186056e-14
867,shared,26,23,3,8045,760,0.7242593743525999,-0.4654216419440042,0.48773304782795196,0.8846153846153846,0.11538461538461539,1.3486175434808079e-64
869,dna-private,12,9,3,8059,760,0.2829135128427845,-1.8215670088364881,0.07844382615057613,0.75,0.25,6.137591276259506e-74
870,dna-private,31,25,6,8043,757,0.3921629574371089,-1.3504748256644172,0.046486763060295866,0.8064516129032258,0.1935483870967742,6.137591276259506e-74
871,dna-private,10,9,1,8059,762,0.8509740662613228,-0.2328129289529579,0.59509736615207,0.9,0.1,6.388400221161359e-26
872,dead,48,44,4,8024,759,1.0405034895314058,0.05728180344058294,1.0,0.9166666666666666,0.08333333333333333,1.499676973186056e-14
873,dna-private,30,24,6,8044,757,0.37642963699651916,-1.40954787631962,0.040320928311090076,0.8,0.2,6.137591276259506e-74
874,dna-private,36,33,3,8035,760,1.0404480398257623,0.05720491840578896,1.0,0.9166666666666666,0.08333333333333333,1.499676973186056e-14
878,dna-private,206,194,12,7874,751,1.5419312505291678,0.6247384418212023,0.167145083246017,0.941747572815534,0.05825242718446602,6.137591276259506e-74
880,dna-private,30,26,4,8042,759,0.6134667993036558,-0.7049428272438021,0.3239706779083888,0.8666666666666667,0.13333333333333333,1.3486175434808079e-64
881,dna-private,30,23,7,8045,756,0.30876320696084525,-1.6954272473903271,0.012212238797290944,0.7666666666666667,0.23333333333333334,6.137591276259506e-74
882,dna-private,12,11,1,8057,762,1.0403375946382027,0.05705176594078467,1.0,0.9166666666666666,0.08333333333333333,1.499676973186056e-14
883,dna-private,20,18,2,8050,761,0.850807453416149,-0.2330954229434839,0.689509959490357,0.9,0.1,6.388400221161359e-26
884,dna-private,216,215,1,7853,762,20.86209092066726,4.382811855319529,1.060668177489889e-07,0.9953703703703703,0.004629629629629629,6.137591276259506e-74
885,prot-private,13,13,0,8055,763,2.5590590279932965,1.3556134253808918,0.6199739488311733,1.0,0.0,6.388400221161359e-26
886,dna-private,107,91,16,7977,747,0.5326015419330575,-0.9088714895908905,0.03499835223385274,0.8504672897196262,0.14953271028037382,6.137591276259506e-74
887,dna-private,32,29,3,8039,760,0.9138781772193888,-0.12992623248711502,0.7536237834637938,0.90625,0.09375,6.388400221161359e-26
888,prot-private,90,77,13,7991,750,0.5559138646361772,-0.8470667311632842,0.05775122805921538,0.8555555555555555,0.14444444444444443,6.137591276259506e-74
889,dna-private,15,13,2,8055,761,0.614090626939789,-0.7034765119492934,0.37647785138890716,0.8666666666666667,0.13333333333333333,1.3486175434808079e-64
890,dna-private,46,39,7,8029,756,0.5245983310499439,-0.9307148770477123,0.11342007414662528,0.8478260869565217,0.15217391304347827,6.137591276259506e-74
891,dna-private,70,60,10,8008,753,0.5641858141858141,-0.8257577034429092,0.12872019119821476,0.8571428571428571,0.14285714285714285,6.137591276259506e-74
892,dna-private,75,71,4,7997,759,1.684662998624484,0.7524600223632567,0.4090710873656145,0.9466666666666667,0.05333333333333334,1.3486175434808079e-64
893,dna-private,103,88,15,7980,748,0.5499081035923141,-0.8627375481932927,0.04900767775878405,0.8543689320388349,0.14563106796116504,6.137591276259506e-74
894,dna-private,41,33,8,8035,755,0.38760112009956443,-1.3673553549915614,0.02210213366205824,0.8048780487804879,0.1951219512195122,6.137591276259506e-74
895,dead,31,30,1,8038,762,2.8439910425478976,1.5079169210430954,0.5158143009548789,0.967741935483871,0.03225806451612903,1.3486175434808079e-64
896,dna-private,34,29,5,8039,758,0.5468839407886553,-0.8706933968131773,0.21185425029248942,0.8529411764705882,0.14705882352941177,6.137591276259506e-74
897,dead,23,20,3,8048,760,0.629555997349238,-0.667593387308373,0.4442764268572269,0.8695652173913043,0.13043478260869565,1.3486175434808079e-64
898,dna-private,337,310,27,7758,736,1.0892459874156188,0.12332979863637149,0.766732875729539,0.9198813056379822,0.08011869436201781,6.388400221161359e-26
899,shared,18,17,1,8051,762,1.6089926717177991,0.6861577552096091,1.0,0.9444444444444444,0.05555555555555555,1.499676973186056e-14
900,dna-private,34,34,0,8034,763,6.556910822079781,2.7130162734774426,0.11435924573523856,1.0,0.0,6.137591276259506e-74
901,prot-private,30,27,3,8041,760,0.8506404676035318,-0.2333786048164745,0.741081562259439,0.9,0.1,6.388400221161359e-26
902,dna-private,11,10,1,8058,762,0.9456440804169769,-0.08063080776791416,1.0,0.9090909090909091,0.09090909090909091,1.499676973186056e-14
903,dna-private,214,198,16,7870,747,1.1746029224904702,0.232173132473998,0.622751668670243,0.9252336448598131,0.07476635514018691,6.388400221161359e-26
904,dna-private,66,59,7,8009,756,0.7956049444375078,-0.3298758527864611,0.509823235608082,0.8939393939393939,0.10606060606060606,1.3486175434808079e-64
905,shared,23,15,8,8053,755,0.17578852601514963,-2.508087188235772,0.0004532390599152506,0.6521739130434783,0.34782608695652173,6.137591276259506e-74
907,dna-private,122,114,8,7954,755,1.3526213226049786,0.43575800157197153,0.5161153951831186,0.9344262295081968,0.06557377049180328,6.388400221161359e-26
908,dead,11,11,0,8057,763,2.179398076326404,1.1239297349069568,0.6147434751291604,1.0,0.0,6.388400221161359e-26
909,dna-private,109,92,17,7976,746,0.5061655554899994,-0.9823187593362847,0.015114416033410603,0.8440366972477065,0.1559633027522936,6.137591276259506e-74
910,dna-private,177,172,5,7896,758,3.3023302938196557,1.7234844235294298,0.002710234352313639,0.9717514124293786,0.02824858757062147,6.137591276259506e-74
911,prot-private,28,28,0,8040,763,5.412536533797649,2.436304857844131,0.16804864765234273,1.0,0.0,6.137591276259506e-74
912,dna-private,462,448,14,7620,749,3.1454068241469817,1.6532466260780667,9.743996998697375e-07,0.9696969696969697,0.030303030303030304,6.137591276259506e-74
913,shared,11,11,0,8057,763,2.179398076326404,1.1239297349069568,0.6147434751291604,1.0,0.0,6.388400221161359e-26
914,shared,41,40,1,8028,762,3.796711509715994,1.9247503810180673,0.2578854518887244,0.975609756097561,0.024390243902439025,6.137591276259506e-74
915,dead,69,63,6,8005,757,0.9929419113054341,-0.010218774639127392,1.0,0.9130434782608695,0.08695652173913043,1.499676973186056e-14
916,dna-private,383,357,26,7711,737,1.3123559749807967,0.39215910233515683,0.22586141893671768,0.9321148825065274,0.06788511749347259,6.137591276259506e-74
917,dna-private,14,13,1,8055,762,1.2297951582867783,0.29841803204048295,1.0,0.9285714285714286,0.07142857142857142,1.499676973186056e-14
918,dna-private,103,102,1,7966,762,9.756967110218428,3.2864327651006313,0.002098185539659782,0.9902912621359223,0.009708737864077669,6.137591276259506e-74
919,shared,27,27,0,8041,763,5.221973512404402,2.384595139837708,0.16501930565629472,1.0,0.0,6.137591276259506e-74
920,dna-private,41,38,3,8030,760,1.198837691988377,0.2616363486487004,1.0,0.926829268292683,0.07317073170731707,1.499676973186056e-14
922,dna-private,26,25,1,8043,762,2.36851920925028,1.2439853725643295,0.7222754442803372,0.9615384615384616,0.038461538461538464,6.388400221161359e-26
923,prot-private,149,142,7,7926,756,1.934897804693414,0.9522573697001667,0.10353222150990778,0.9530201342281879,0.04697986577181208,6.137591276259506e-74
924,dna-private,208,193,15,7875,748,1.2221291005291006,0.28939669338519514,0.5328824953635496,0.9278846153846154,0.07211538461538461,6.388400221161359e-26
925,dna-private,133,111,22,7957,741,0.46986072868943296,-1.089694903638301,0.002709583767255418,0.8345864661654135,0.16541353383458646,6.137591276259506e-74
927,prot-private,32,29,3,8039,760,0.9138781772193888,-0.12992623248711502,0.7536237834637938,0.90625,0.09375,6.388400221161359e-26
928,dna-private,23,22,1,8046,762,2.08351976137211,1.059022783504989,0.716472396975913,0.9565217391304348,0.043478260869565216,6.388400221161359e-26
929,prot-private,29,25,4,8043,759,0.589798582618426,-0.7617057395135263,0.31079880204109256,0.8620689655172413,0.13793103448275862,1.3486175434808079e-64
930,dna-private,59,50,9,8018,754,0.5224356309414927,-0.9366748005496942,0.0964140808248437,0.847457627118644,0.15254237288135594,6.137591276259506e-74
931,dna-private,60,51,9,8017,754,0.5329508128560143,-0.9079257050984474,0.0999968237202635,0.85,0.15,6.137591276259506e-74
932,shared,10,10,0,8058,763,1.9896382701495317,0.9925061627800148,1.0,1.0,0.0,1.499676973186056e-14
933,dna-private,21,18,3,8050,760,0.5664596273291925,-0.8199549588372377,0.42023358676848527,0.8571428571428571,0.14285714285714285,1.3486175434808079e-64
934,prot-private,119,102,17,7966,746,0.5618880241024353,-0.8316454433877921,0.03279934273661991,0.8571428571428571,0.14285714285714285,6.137591276259506e-74
935,dna-private,24,21,3,8047,760,0.6611159438299987,-0.5970247869668049,0.45796208248726505,0.875,0.125,1.3486175434808079e-64
936,dna-private,31,27,4,8041,759,0.637140902872777,-0.6503156370107998,0.33798369846811566,0.8709677419354839,0.12903225806451613,1.3486175434808079e-64
937,dna-private,55,41,14,8027,749,0.2732652298492588,-1.8716261912474343,0.00017449933627865084,0.7454545454545455,0.2545454545454545,6.137591276259506e-74
938,dna-private,47,36,11,8032,752,0.30641072075335024,-1.7064613194681195,0.001798508616836502,0.7659574468085106,0.23404255319148937,6.137591276259506e-74
939,dna-private,79,61,18,8007,745,0.31531437769729265,-1.6651371393930248,0.00010422811933619718,0.7721518987341772,0.22784810126582278,6.137591276259506e-74
940,prot-private,66,66,0,8002,763,12.689222118088097,3.6655317258650975,0.0062499971891489675,1.0,0.0,6.137591276259506e-74
941,prot-private,144,144,0,7924,763,27.844217300776073,4.799305834024009,3.3892217046251294e-06,1.0,0.0,6.137591276259506e-74
942,dna-private,12,9,3,8059,760,0.2829135128427845,-1.8215670088364881,0.07844382615057613,0.75,0.25,6.137591276259506e-74
943,dna-private,25,22,3,8046,760,0.692683735189328,-0.5297312963785412,0.4725039628434682,0.88,0.12,1.3486175434808079e-64
944,dead,19,19,0,8049,763,3.699173861730542,1.8872031089403754,0.4020724346383381,1.0,0.0,1.3486175434808079e-64
945,shared,27,26,1,8042,762,2.463566277045511,1.3007482848340537,0.7259809616915744,0.9629629629629629,0.037037037037037035,6.388400221161359e-26
946,dna-private,14,8,6,8060,757,0.12522746071133167,-2.9973771341507542,0.0006684083398609332,0.5714285714285714,0.42857142857142855,6.137591276259506e-74
947,dna-private,23,21,2,8047,761,0.9929787498446626,-0.010165251073051074,1.0,0.9130434782608695,0.08695652173913043,1.499676973186056e-14
948,dna-private,48,45,3,8023,760,1.4209148697494702,0.5068201220195966,0.7960332633665161,0.9375,0.0625,6.388400221161359e-26
949,prot-private,23,18,5,8050,758,0.33898136645962734,-1.5607221231633,0.043210400933891426,0.782608695652174,0.21739130434782608,6.137591276259506e-74
950,dna-private,110,98,12,7970,751,0.7695315767461314,-0.37794756796951023,0.39099629127227253,0.8909090909090909,0.10909090909090909,1.3486175434808079e-64
951,dna-private,66,63,3,8005,760,1.9937539038101186,0.9954873437060888,0.3739718950287718,0.9545454545454546,0.045454545454545456,1.3486175434808079e-64
952,prot-private,39,39,0,8029,763,7.511862507005418,2.909170656937804,0.045813790596362584,1.0,0.0,6.137591276259506e-74
953,prot-private,43,34,9,8034,754,0.35454872348076233,-1.4959441929687753,0.009926131263223923,0.7906976744186046,0.20930232558139536,6.137591276259506e-74
954,prot-private,38,37,1,8031,762,3.5106462457975347,1.811736628760338,0.2528650305028388,0.9736842105263158,0.02631578947368421,6.137591276259506e-74
955,dna-private,31,24,7,8044,756,0.32222774738935855,-1.6338473634207271,0.014629950189399336,0.7741935483870968,0.22580645161290322,6.137591276259506e-74
956,dna-private,22,16,6,8052,757,0.2507037589004802,-1.9959444676567644,0.009127457762199647,0.7272727272727273,0.2727272727272727,6.137591276259506e-74
958,shared,22,22,0,8046,763,4.269868887093767,2.0941917703507418,0.25303447370103727,1.0,0.0,6.137591276259506e-74
959,dna-private,91,89,2,7979,761,4.244203534277478,2.0854938435410455,0.022853190712356343,0.978021978021978,0.02197802197802198,6.137591276259506e-74
960,dna-private,15,13,2,8055,761,0.614090626939789,-0.7034765119492934,0.37647785138890716,0.8666666666666667,0.13333333333333333,1.3486175434808079e-64
961,dna-private,35,35,0,8033,763,6.747806062114894,2.754418509896108,0.06976291749627056,1.0,0.0,6.137591276259506e-74
963,dna-private,53,48,5,8020,758,0.9073316708229426,-0.14029807733739713,0.8046728122782936,0.9056603773584906,0.09433962264150944,1.499676973186056e-14
964,dead,13,9,4,8059,759,0.21190594366546717,-2.2385040410308137,0.021001542276485385,0.6923076923076923,0.3076923076923077,6.137591276259506e-74
965,dead,57,52,5,8016,758,0.9834331337325349,-0.024101131770386884,1.0,0.9122807017543859,0.08771929824561403,1.499676973186056e-14
966,dna-private,17,15,2,8053,761,0.7087420836955172,-0.49666737894466767,0.6538307945337098,0.8823529411764706,0.11764705882352941,6.388400221161359e-26
967,dna-private,14,12,2,8056,761,0.5667825223435948,-0.8191328237820831,0.3441645340324851,0.8571428571428571,0.14285714285714285,1.3486175434808079e-64
968,dna-private,11,9,2,8059,761,0.424928651197419,-1.2347074729427345,0.24486416172403402,0.8181818181818182,0.18181818181818182,6.137591276259506e-74
969,dna-private,19,13,6,8055,757,0.20362093937512932,-2.2960421661882635,0.0041497281057160836,0.6842105263157895,0.3157894736842105,6.137591276259506e-74
970,prot-private,230,225,5,7843,758,4.349101109269412,2.120717249419581,6.994381380997285e-05,0.9782608695652174,0.021739130434782608,6.137591276259506e-74
972,dead,13,13,0,8055,763,2.5590590279932965,1.3556134253808918,0.6199739488311733,1.0,0.0,6.388400221161359e-26
973,dead,20,20,0,8048,763,3.8893582655153134,1.9595321337374263,0.4103003441798839,1.0,0.0,1.3486175434808079e-64
975,shared,24,22,2,8046,761,1.0403927417350236,0.05712823951521257,1.0,0.9166666666666666,0.08333333333333333,1.499676973186056e-14
976,prot-private,53,52,1,8016,762,4.9431137724550895,2.3054201124392057,0.08570192744399394,0.9811320754716981,0.018867924528301886,6.137591276259506e-74
977,prot-private,57,54,3,8014,760,1.7070127277264786,0.7714738153424622,0.4814145085434018,0.9473684210526315,0.05263157894736842,1.3486175434808079e-64
978,dna-private,15,12,3,8056,760,0.37735849056603776,-1.4059923596758368,0.13412797121574013,0.8,0.2,6.137591276259506e-74
980,prot-private,145,140,5,7928,758,2.6770938446014125,1.4206677130422076,0.02392169510860372,0.9655172413793104,0.034482758620689655,6.137591276259506e-74
981,dead,26,24,2,8044,761,1.1352560914967678,0.1830177779193497,1.0,0.9230769230769231,0.07692307692307693,1.499676973186056e-14
982,prot-private,39,34,5,8034,758,0.6415733134179736,-0.640313961511398,0.3819673631645426,0.8717948717948718,0.1282051282051282,1.3486175434808079e-64
983,prot-private,91,86,5,7982,758,1.6333750939614131,0.7078561344745556,0.35054418354173755,0.945054945054945,0.054945054945054944,1.3486175434808079e-64
984,dead,13,12,1,8056,762,1.1350546176762661,0.18276172020769355,1.0,0.9230769230769231,0.07692307692307693,1.499676973186056e-14
985,dna-private,25,23,2,8045,761,1.0878185208203854,0.12143789394974983,1.0,0.92,0.08,1.499676973186056e-14
986,dead,11,9,2,8059,761,0.424928651197419,-1.2347074729427345,0.24486416172403402,0.8181818181818182,0.18181818181818182,6.137591276259506e-74
987,dna-private,85,72,13,7996,750,0.5194905144880132,-0.9448306880601642,0.04833358944271611,0.8470588235294118,0.15294117647058825,6.137591276259506e-74
990,dna-private,33,30,3,8038,760,0.9455088330430456,-0.08083715884043495,0.7604116415681585,0.9090909090909091,0.09090909090909091,6.388400221161359e-26
991,dna-private,340,323,17,7745,746,1.8300839251129761,0.8719098100218925,0.013443910779280052,0.95,0.05,6.137591276259506e-74
992,dna-private,13,10,3,8058,760,0.31438735831885495,-1.6693848876514445,0.09567651131280328,0.7692307692307693,0.23076923076923078,6.137591276259506e-74
993,prot-private,485,464,21,7604,742,2.156058214974575,1.1083961323210632,0.00023348174607198502,0.9567010309278351,0.04329896907216495,6.137591276259506e-74
994,dna-private,71,69,2,7999,761,3.282222777847231,1.714673163771733,0.08843078320229134,0.971830985915493,0.028169014084507043,6.137591276259506e-74
995,dead,24,17,7,8051,756,0.22804620544031798,-2.1326019301202446,0.0032709512416669016,0.7083333333333334,0.2916666666666667,6.137591276259506e-74
996,dna-private,13,11,2,8057,761,0.5194861611021472,-0.9448427780489919,0.31132490475252955,0.8461538461538461,0.15384615384615385,1.3486175434808079e-64
997,dead,31,29,2,8039,761,1.3726209727578056,0.4569333034066387,1.0,0.9354838709677419,0.06451612903225806,1.499676973186056e-14
998,dna-private,11,9,2,8059,761,0.424928651197419,-1.2347074729427345,0.24486416172403402,0.8181818181818182,0.18181818181818182,6.137591276259506e-74
999,dna-private,325,312,13,7756,750,2.3207839092315625,1.2146121979976068,0.0012240958758983015,0.96,0.04,6.137591276259506e-74
1000,dna-private,15,13,2,8055,761,0.614090626939789,-0.7034765119492934,0.37647785138890716,0.8666666666666667,0.13333333333333333,1.3486175434808079e-64
1001,dna-private,40,36,4,8032,759,0.8504731075697212,-0.23366247709299323,0.7745368167164695,0.9,0.1,6.388400221161359e-26
1002,prot-private,22,22,0,8046,763,4.269868887093767,2.0941917703507418,0.25303447370103727,1.0,0.0,6.137591276259506e-74
1003,dna-private,33,28,5,8040,758,0.5279601990049752,-0.9214989207249574,0.20188821211829633,0.8484848484848485,0.15151515151515152,6.137591276259506e-74
1004,dna-private,400,391,9,7677,754,4.2669156065013825,2.0931935763731015,1.31276628894872e-07,0.9775,0.0225,6.137591276259506e-74
1005,dna-private,80,79,1,7989,762,7.535110777318813,2.9136287217386547,0.014084904134335885,0.9875,0.0125,6.137591276259506e-74
1006,dna-private,322,304,18,7764,745,1.620585036350106,0.6965147246371334,0.05392963108709882,0.9440993788819876,0.055900621118012424,6.137591276259506e-74
1007,dna-private,57,56,1,8012,762,5.326010983524713,2.4130554037382184,0.059400973283665864,0.9824561403508771,0.017543859649122806,6.137591276259506e-74
1008,dna-private,73,69,4,7999,759,1.6367983497937242,0.7108765956836538,0.5265180817516825,0.9452054794520548,0.0547945205479452,6.388400221161359e-26
1009,shared,10,8,2,8060,761,0.37766749379652603,-1.4048114799117843,0.21174867571160536,0.8,0.2,6.137591276259506e-74
1010,shared,15,15,0,8053,763,2.9389085490780404,1.5552804669020328,0.6340216938892271,1.0,0.0,6.388400221161359e-26
1012,dead,12,12,0,8056,763,2.369204989759821,1.2444030296948858,0.6160300460842021,1.0,0.0,6.388400221161359e-26
1013,prot-private,30,27,3,8041,760,0.8506404676035318,-0.2333786048164745,0.741081562259439,0.9,0.1,6.388400221161359e-26
1014,dead,11,11,0,8057,763,2.179398076326404,1.1239297349069568,0.6147434751291604,1.0,0.0,6.388400221161359e-26
1016,dna-private,49,45,4,8023,759,1.0642839336906393,0.08988308982527116,1.0,0.9183673469387755,0.08163265306122448,1.499676973186056e-14
1017,dna-private,44,38,6,8030,757,0.5970527189705271,-0.744069769696516,0.27219974523256757,0.8636363636363636,0.13636363636363635,6.137591276259506e-74
1018,dna-private,110,97,13,7971,750,0.7020642135433254,-0.5103251037823839,0.2303969491194205,0.8818181818181818,0.11818181818181818,6.137591276259506e-74
1019,dna-private,23,20,3,8048,760,0.629555997349238,-0.667593387308373,0.4442764268572269,0.8695652173913043,0.13043478260869565,1.3486175434808079e-64
1021,dna-private,45,31,14,8037,749,0.20635809381610054,-2.276778069775513,1.5113678329662784e-05,0.6888888888888889,0.3111111111111111,6.137591276259506e-74
1023,shared,24,22,2,8046,761,1.0403927417350236,0.05712823951521257,1.0,0.9166666666666666,0.08333333333333333,1.499676973186056e-14
1024,dna-private,116,109,7,7959,756,1.4790802864681494,0.5647003659905431,0.4048111093733925,0.9396551724137931,0.0603448275862069,1.3486175434808079e-64
1025,prot-private,161,144,17,7924,746,0.7974582058971998,-0.32651918444227573,0.3937264290015421,0.8944099378881988,0.10559006211180125,1.3486175434808079e-64
1026,dead,47,40,7,8028,756,0.5381165919282511,-0.8940093043117862,0.12112503700560127,0.851063829787234,0.14893617021276595,6.137591276259506e-74
1027,dna-private,38,35,3,8033,760,1.1037802398439769,0.14245296337799762,1.0,0.9210526315789473,0.07894736842105263,1.499676973186056e-14
1028,dna-private,41,40,1,8028,762,3.796711509715994,1.9247503810180673,0.2578854518887244,0.975609756097561,0.024390243902439025,6.137591276259506e-74
1029,prot-private,188,156,32,7912,731,0.45040760869565216,-1.1506968959444253,0.0001828796764945504,0.8297872340425532,0.1702127659574468,6.137591276259506e-74
1030,shared,34,32,2,8036,761,1.5151816824290691,0.5994907947702535,0.765131878985169,0.9411764705882353,0.058823529411764705,6.388400221161359e-26
1031,prot-private,81,71,10,7997,753,0.6685382018256847,-0.5809180932676437,0.23085068450006402,0.8765432098765432,0.12345679012345678,6.137591276259506e-74
1032,prot-private,36,31,5,8037,758,0.5847455518228195,-0.7741191128929306,0.23438389955692185,0.8611111111111112,0.1388888888888889,6.137591276259506e-74
1033,dna-private,59,55,4,8013,759,1.3024148259078996,0.38118902758385975,0.8161985798301079,0.9322033898305084,0.06779661016949153,1.499676973186056e-14
1034,dna-private,35,34,1,8034,762,3.224794622852875,1.6892072826981948,0.3624586490896934,0.9714285714285714,0.02857142857142857,1.3486175434808079e-64
1035,dna-private,58,45,13,8023,750,0.3235889126453753,-1.627765918348044,0.0010970403849675315,0.7758620689655172,0.22413793103448276,6.137591276259506e-74
1036,dna-private,17,15,2,8053,761,0.7087420836955172,-0.49666737894466767,0.6538307945337098,0.8823529411764706,0.11764705882352941,6.388400221161359e-26
1037,prot-private,186,184,2,7884,761,8.880263825469305,3.1506025385170724,1.5212432946430632e-05,0.989247311827957,0.010752688172043012,6.137591276259506e-74
1038,dna-private,17,16,1,8052,762,1.5141579731743666,0.5985157305719824,1.0,0.9411764705882353,0.058823529411764705,1.499676973186056e-14
1039,dna-private,21,18,3,8050,760,0.5664596273291925,-0.8199549588372377,0.42023358676848527,0.8571428571428571,0.14285714285714285,1.3486175434808079e-64
1040,prot-private,140,138,2,7930,761,6.62156368221942,2.7271719496903737,0.0006535756256622937,0.9857142857142858,0.014285714285714285,6.137591276259506e-74
1041,shared,32,30,2,8038,761,1.4201293854192585,0.5060223770533188,1.0,0.9375,0.0625,1.499676973186056e-14
1042,shared,21,18,3,8050,760,0.5664596273291925,-0.8199549588372377,0.42023358676848527,0.8571428571428571,0.14285714285714285,1.3486175434808079e-64
1043,shared,15,14,1,8054,762,1.3245592252296996,0.40551235260517215,1.0,0.9333333333333333,0.06666666666666667,1.499676973186056e-14
1044,dna-private,220,205,15,7863,748,1.3000975030734665,0.37861982473499056,0.3946661409043542,0.9318181818181818,0.06818181818181818,1.3486175434808079e-64
1045,dead,15,13,2,8055,761,0.614090626939789,-0.7034765119492934,0.37647785138890716,0.8666666666666667,0.13333333333333333,1.3486175434808079e-64
1046,shared,27,26,1,8042,762,2.463566277045511,1.3007482848340537,0.7259809616915744,0.9629629629629629,0.037037037037037035,6.388400221161359e-26
1047,prot-private,42,30,12,8038,751,0.23357800447872606,-2.098023669657111,0.00015420986189948103,0.7142857142857143,0.2857142857142857,6.137591276259506e-74
1048,prot-private,51,47,4,8021,759,1.1118626106470515,0.15297852980259363,1.0,0.9215686274509803,0.0784313725490196,1.499676973186056e-14
1049,dna-private,13,11,2,8057,761,0.5194861611021472,-0.9448427780489919,0.31132490475252955,0.8461538461538461,0.15384615384615385,1.3486175434808079e-64
1050,dna-private,56,48,8,8020,755,0.5648379052369077,-0.8240911864086853,0.14622245253218735,0.8571428571428571,0.14285714285714285,6.137591276259506e-74
1051,dna-private,179,142,37,7926,726,0.35153548703889353,-1.5082577600965008,4.7430902759010777e-07,0.7932960893854749,0.20670391061452514,6.137591276259506e-74
1052,shared,31,29,2,8039,761,1.3726209727578056,0.4569333034066387,1.0,0.9354838709677419,0.06451612903225806,1.499676973186056e-14
1053,dna-private,74,74,0,7994,763,14.229970604790793,3.8308607765433003,0.002622671255933679,1.0,0.0,6.137591276259506e-74
1054,dna-private,52,44,8,8024,755,0.5175099700897308,-0.9503414377624423,0.08505202690051364,0.8461538461538461,0.15384615384615385,6.137591276259506e-74
1055,dead,23,18,5,8050,758,0.33898136645962734,-1.5607221231633,0.043210400933891426,0.782608695652174,0.21739130434782608,6.137591276259506e-74
1056,dna-private,10,9,1,8059,762,0.8509740662613228,-0.2328129289529579,0.59509736615207,0.9,0.1,6.388400221161359e-26
1057,dna-private,20,18,2,8050,761,0.850807453416149,-0.2330954229434839,0.689509959490357,0.9,0.1,6.388400221161359e-26
1058,shared,10,8,2,8060,761,0.37766749379652603,-1.4048114799117843,0.21174867571160536,0.8,0.2,6.137591276259506e-74
1059,dna-private,26,25,1,8043,762,2.36851920925028,1.2439853725643295,0.7222754442803372,0.9615384615384616,0.038461538461538464,6.388400221161359e-26
1060,dna-private,141,126,15,7942,748,0.7911357340720222,-0.33800285774543354,0.3653624435331214,0.8936170212765957,0.10638297872340426,1.3486175434808079e-64
1062,dna-private,63,58,5,8010,758,1.0977278401997503,0.13452041111522903,1.0,0.9206349206349206,0.07936507936507936,1.499676973186056e-14
1063,dna-private,60,58,2,8010,761,2.7551810237203496,1.462147111335045,0.16955229586736598,0.9666666666666667,0.03333333333333333,6.137591276259506e-74
1064,dna-private,127,124,3,7944,760,3.954347096341054,1.983439510468293,0.0063703276132567235,0.9763779527559056,0.023622047244094488,6.137591276259506e-74
1065,shared,24,21,3,8047,760,0.6611159438299987,-0.5970247869668049,0.45796208248726505,0.875,0.125,1.3486175434808079e-64
1066,dna-private,155,138,17,7930,746,0.7636525480305615,-0.38901171480827346,0.31051016194205927,0.8903225806451613,0.10967741935483871,1.3486175434808079e-64
1068,dna-private,29,26,3,8042,760,0.8190334079416397,-0.2880057950494767,0.7354723604369783,0.896551724137931,0.10344827586206896,6.388400221161359e-26
1069,shared,15,14,1,8054,762,1.3245592252296996,0.40551235260517215,1.0,0.9333333333333333,0.06666666666666667,1.499676973186056e-14
1070,dna-private,36,30,6,8038,757,0.4708882806668325,-1.0865432771856511,0.12407763485417378,0.8333333333333334,0.16666666666666666,6.137591276259506e-74
1071,dna-private,20,19,1,8049,762,1.798732761833768,0.8469808609552302,1.0,0.95,0.05,1.499676973186056e-14
1072,dna-private,18,18,0,8050,763,3.509036705794671,1.8110750389315806,0.39580838671128105,1.0,0.0,1.3486175434808079e-64
1073,dna-private,208,185,23,7883,740,0.7550645582955066,-0.4053280942231578,0.21087964623250227,0.8894230769230769,0.11057692307692307,6.137591276259506e-74
1075,dna-private,195,159,36,7909,727,0.40598263581573735,-1.3005100713149578,1.2552388487191121e-05,0.8153846153846154,0.18461538461538463,6.137591276259506e-74
1076,dna-private,117,111,6,7957,757,1.760022621591052,0.8155939719577379,0.24303041388953575,0.9487179487179487,0.05128205128205128,6.137591276259506e-74
1077,dna-private,71,66,5,8002,758,1.2503874031492126,0.3223751492965808,0.8317555343109059,0.9295774647887324,0.07042253521126761,1.499676973186056e-14
1079,dna-private,58,54,4,8014,759,1.2785749937609183,0.3545367831481368,0.8158654802031671,0.9310344827586207,0.06896551724137931,1.499676973186056e-14
1082,dna-private,10,7,3,8061,760,0.21998924864574287,-2.1844950770669267,0.04865901572148691,0.7,0.3,6.137591276259506e-74
1083,dna-private,20,13,7,8055,756,0.17430167597765364,-2.5203416532893703,0.0009943973468519221,0.65,0.35,6.137591276259506e-74
1084,prot-private,14,13,1,8055,762,1.2297951582867783,0.29841803204048295,1.0,0.9285714285714286,0.07142857142857142,1.499676973186056e-14
1085,shared,18,14,4,8054,759,0.3298361062825925,-1.6001787594726835,0.06376998954225302,0.7777777777777778,0.2222222222222222,6.137591276259506e-74
1086,dna-private,10,7,3,8061,760,0.21998924864574287,-2.1844950770669267,0.04865901572148691,0.7,0.3,6.137591276259506e-74
1087,dna-private,30,28,2,8040,761,1.3251243781094528,0.4061277794948587,1.0,0.9333333333333333,0.06666666666666667,1.499676973186056e-14
1088,dna-private,31,22,9,8046,754,0.22907172646173393,-2.1261286921619806,0.0009044847682641359,0.7096774193548387,0.2903225806451613,6.137591276259506e-74
1089,dna-private,50,46,4,8022,759,1.0880703066566941,0.12177178065797026,1.0,0.92,0.08,1.499676973186056e-14
1090,dead,18,15,3,8053,760,0.4718738358375761,-1.0835269148384212,0.19951958732975172,0.8333333333333334,0.16666666666666666,6.137591276259506e-74
1091,dna-private,22,18,4,8050,759,0.42428571428571427,-1.236891991031563,0.11640137205561549,0.8181818181818182,0.18181818181818182,6.137591276259506e-74
1092,dna-private,45,34,11,8034,752,0.2893158621313961,-1.7892826717547874,0.0012289483111983406,0.7555555555555555,0.24444444444444444,6.137591276259506e-74
1093,dna-private,42,32,10,8036,753,0.29985067197610754,-1.737683888948726,0.0025077080214373506,0.7619047619047619,0.23809523809523808,6.137591276259506e-74
1095,prot-private,19,16,3,8052,760,0.5033946017552575,-0.990238349311548,0.22277766157339868,0.8421052631578947,0.15789473684210525,6.137591276259506e-74
1096,dna-private,22,19,3,8049,760,0.598003892823125,-0.7417732189283001,0.43163260794238584,0.8636363636363636,0.13636363636363635,1.3486175434808079e-64
1097,dna-private,110,105,5,7963,758,1.9989953535099836,0.9992751186678858,0.16855363333977505,0.9545454545454546,0.045454545454545456,6.137591276259506e-74
1098,prot-private,483,425,58,7643,705,0.6759058322467708,-0.5651058318324105,0.009566086026201476,0.8799171842650103,0.12008281573498965,6.137591276259506e-74
1099,dna-private,124,115,9,7953,754,1.2114226637048213,0.27670230718231204,0.7467215838492474,0.9274193548387096,0.07258064516129033,6.388400221161359e-26
1100,dead,36,32,4,8036,759,0.7555998008959681,-0.40430577331782563,0.5481765446359741,0.8888888888888888,0.1111111111111111,6.388400221161359e-26
1102,dna-private,89,79,10,7989,753,0.7446113405933158,-0.4254405059701017,0.3443699263649758,0.8876404494382022,0.11235955056179775,1.3486175434808079e-64
1103,dna-private,133,101,32,7967,731,0.28959693109074935,-1.7878817808765213,6.27985178493428e-08,0.7593984962406015,0.24060150375939848,6.137591276259506e-74
1104,shared,46,43,3,8025,760,1.3574247144340603,0.4408721854148619,0.7950578534474642,0.9347826086956522,0.06521739130434782,6.388400221161359e-26
1105,dna-private,162,159,3,7909,760,5.092932102667847,2.348496483817552,0.0005707340180215593,0.9814814814814815,0.018518518518518517,6.137591276259506e-74
1106,dna-private,53,51,2,8017,761,2.420543844330797,1.2753312265787462,0.3216808357150166,0.9622641509433962,0.03773584905660377,1.3486175434808079e-64
1107,prot-private,14,12,2,8056,761,0.5667825223435948,-0.8191328237820831,0.3441645340324851,0.8571428571428571,0.14285714285714285,1.3486175434808079e-64
1108,dna-private,65,58,7,8010,756,0.7820224719101123,-0.3547180300050319,0.504399216991848,0.8923076923076924,0.1076923076923077,1.3486175434808079e-64
1109,dna-private,18,15,3,8053,760,0.4718738358375761,-1.0835269148384212,0.19951958732975172,0.8333333333333334,0.16666666666666666,6.137591276259506e-74
1110,dna-private,23,22,1,8046,762,2.08351976137211,1.059022783504989,0.716472396975913,0.9565217391304348,0.043478260869565216,6.388400221161359e-26
1111,prot-private,31,19,12,8049,751,0.14773056694413383,-2.7589597297449764,4.791575198197868e-06,0.6129032258064516,0.3870967741935484,6.137591276259506e-74
1112,dna-private,35,29,6,8039,757,0.45513538168097195,-1.1356323508323312,0.11876717028896247,0.8285714285714286,0.17142857142857143,6.137591276259506e-74
1113,prot-private,113,87,26,7981,737,0.308998294025233,-1.694329221832568,2.6760969248453935e-06,0.7699115044247787,0.23008849557522124,6.137591276259506e-74
1114,shared,19,18,1,8050,762,1.7038509316770187,0.7687991210462928,1.0,0.9473684210526315,0.05263157894736842,1.499676973186056e-14
1115,dead,54,46,8,8022,755,0.5411680378957866,-0.8858514605450548,0.13660272178412627,0.8518518518518519,0.14814814814814814,6.137591276259506e-74
1116,dna-private,34,33,1,8035,762,3.1295581829495953,1.6459589982893192,0.360483975156175,0.9705882352941176,0.029411764705882353,1.3486175434808079e-64
1117,dna-private,43,41,2,8027,761,1.943503176778373,0.9586594658549641,0.582055335925062,0.9534883720930233,0.046511627906976744,6.388400221161359e-26
1118,dead,19,17,2,8051,761,0.8034405663892684,-0.3157367887801676,0.677113499984792,0.8947368421052632,0.10526315789473684,6.388400221161359e-26
1119,dna-private,21,21,0,8047,763,4.079589934762349,2.028424145133909,0.25142759190310204,1.0,0.0,6.137591276259506e-74
1120,dead,23,21,2,8047,761,0.9929787498446626,-0.010165251073051074,1.0,0.9130434782608695,0.08695652173913043,1.499676973186056e-14
1121,prot-private,120,116,4,7952,759,2.767982897384306,1.4688350289807524,0.0328142912179766,0.9666666666666667,0.03333333333333333,6.137591276259506e-74
1122,dna-private,19,16,3,8052,760,0.5033946017552575,-0.990238349311548,0.22277766157339868,0.8421052631578947,0.15789473684210525,6.137591276259506e-74
1123,prot-private,644,611,33,7457,730,1.8125332715650537,0.8580074780414165,0.0005902986485204677,0.9487577639751553,0.05124223602484472,6.137591276259506e-74
1125,prot-private,52,49,3,8019,760,1.5479901899654986,0.6303963287607656,0.6227523848035943,0.9423076923076923,0.057692307692307696,6.388400221161359e-26
1126,prot-private,146,140,6,7928,757,2.227968382105617,1.1557287590230536,0.052070419501634976,0.958904109589041,0.0410958904109589,6.137591276259506e-74
1127,prot-private,300,300,0,7768,763,59.0671944390809,5.884285183656032,2.5290286170622066e-12,1.0,0.0,6.137591276259506e-74
1128,dna-private,13,10,3,8058,760,0.31438735831885495,-1.6693848876514445,0.09567651131280328,0.7692307692307693,0.23076923076923078,6.137591276259506e-74
1129,dna-private,16,11,5,8057,758,0.20697530098051384,-2.2724694782688077,0.0092674991092931,0.6875,0.3125,6.137591276259506e-74
1130,dna-private,91,76,15,7992,748,0.4742075408742075,-1.0764094900697148,0.013248028300377041,0.8351648351648352,0.16483516483516483,6.137591276259506e-74
1131,prot-private,258,252,6,7816,757,4.067809621289662,2.024252160796107,4.070893795945084e-05,0.9767441860465116,0.023255813953488372,6.137591276259506e-74
1132,dna-private,19,16,3,8052,760,0.5033946017552575,-0.990238349311548,0.22277766157339868,0.8421052631578947,0.15789473684210525,6.137591276259506e-74
1133,dna-private,33,30,3,8038,760,0.9455088330430456,-0.08083715884043495,0.7604116415681585,0.9090909090909091,0.09090909090909091,6.388400221161359e-26
1134,dna-private,48,41,7,8027,756,0.5516382210041111,-0.858205675485113,0.18833846948743035,0.8541666666666666,0.14583333333333334,6.137591276259506e-74
1135,prot-private,50,44,6,8024,757,0.6918411432369558,-0.531487282710308,0.4421500901478677,0.88,0.12,1.3486175434808079e-64
1136,prot-private,66,62,4,8006,759,1.4694604046964777,0.5552864854148031,0.6580667744540096,0.9393939393939394,0.06060606060606061,6.388400221161359e-26
1137,dead,15,15,0,8053,763,2.9389085490780404,1.5552804669020328,0.6340216938892271,1.0,0.0,6.388400221161359e-26
1138,dna-private,39,36,3,8032,760,1.1354581673306774,0.18327455510133217,1.0,0.9230769230769231,0.07692307692307693,1.499676973186056e-14
1139,dna-private,31,20,11,8048,752,0.16988975239472257,-2.5573292618778245,3.144364891887874e-05,0.6451612903225806,0.3548387096774194,6.137591276259506e-74
1140,dna-private,271,256,15,7812,748,1.6341355180064858,0.7085276303923265,0.07762569084490772,0.9446494464944649,0.055350553505535055,6.137591276259506e-74
1141,dna-private,82,74,8,7994,755,0.873623967975982,-0.1949156575790559,0.6914613529675437,0.9024390243902439,0.0975609756097561,6.388400221161359e-26
1142,dna-private,13,13,0,8055,763,2.5590590279932965,1.3556134253808918,0.6199739488311733,1.0,0.0,6.388400221161359e-26
1143,dna-private,157,126,31,7942,732,0.3746192151160429,-1.4165031941273847,9.904028542245453e-06,0.802547770700637,0.19745222929936307,6.137591276259506e-74
1144,dna-private,49,44,5,8024,758,0.8313060817547357,-0.26654832869115413,0.6108372502750749,0.8979591836734694,0.10204081632653061,6.388400221161359e-26
1145,dna-private,69,59,10,8009,753,0.5547134473717068,-0.850185395165364,0.08576304063764678,0.855072463768116,0.14492753623188406,6.137591276259506e-74
1146,dna-private,296,278,18,7790,745,1.477036086150335,0.5627050736816873,0.11513490806314805,0.9391891891891891,0.060810810810810814,6.137591276259506e-74
1147,shared,21,18,3,8050,760,0.5664596273291925,-0.8199549588372377,0.42023358676848527,0.8571428571428571,0.14285714285714285,1.3486175434808079e-64
1148,dna-private,69,65,4,8003,759,1.541140822191678,0.6239986945556426,0.5206582211147254,0.9420289855072463,0.057971014492753624,6.388400221161359e-26
1149,dna-private,12,9,3,8059,760,0.2829135128427845,-1.8215670088364881,0.07844382615057613,0.75,0.25,6.137591276259506e-74
1150,prot-private,13,13,0,8055,763,2.5590590279932965,1.3556134253808918,0.6199739488311733,1.0,0.0,6.388400221161359e-26
1151,shared,19,16,3,8052,760,0.5033946017552575,-0.990238349311548,0.22277766157339868,0.8421052631578947,0.15789473684210525,6.137591276259506e-74
1152,dna-private,30,27,3,8041,760,0.8506404676035318,-0.2333786048164745,0.741081562259439,0.9,0.1,6.388400221161359e-26
1153,dna-private,33,31,2,8037,761,1.4676496205051637,0.5535075873268854,1.0,0.9393939393939394,0.06060606060606061,1.499676973186056e-14
1154,dna-private,169,155,14,7913,749,1.0479590547200808,0.06758234978922024,1.0,0.9171597633136095,0.08284023668639054,1.499676973186056e-14
1155,dna-private,75,74,1,7994,762,7.053790342757067,2.8183986957018248,0.020306540350839876,0.9866666666666667,0.013333333333333334,6.137591276259506e-74
1156,dna-private,20,14,6,8054,757,0.2193113152884695,-2.1889478456235745,0.005502012716657866,0.7,0.3,6.137591276259506e-74
1157,dna-private,92,82,10,7986,753,0.7731780616078137,-0.3711273922303985,0.452437463447611,0.8913043478260869,0.10869565217391304,1.3486175434808079e-64
1158,dead,40,39,1,8029,762,3.7013326690746045,1.8880448082821413,0.2551092409239627,0.975,0.025,6.137591276259506e-74
1159,dna-private,256,241,15,7827,748,1.5354371619607343,0.6186494709704716,0.11436234110316268,0.94140625,0.05859375,6.137591276259506e-74
1160,dna-private,35,32,3,8036,760,1.0087937614070017,0.012631258876499603,1.0,0.9142857142857143,0.08571428571428572,1.499676973186056e-14
1161,dna-private,39,32,7,8036,756,0.4300647088103534,-1.2173743465698235,0.07633140016797835,0.8205128205128205,0.1794871794871795,6.137591276259506e-74
1162,shared,18,15,3,8053,760,0.4718738358375761,-1.0835269148384212,0.19951958732975172,0.8333333333333334,0.16666666666666666,6.137591276259506e-74
1163,dna-private,22,18,4,8050,759,0.42428571428571427,-1.236891991031563,0.11640137205561549,0.8181818181818182,0.18181818181818182,6.137591276259506e-74
1164,dna-private,55,43,12,8025,751,0.33533748701973,-1.5763143254018144,0.002154740851301108,0.7818181818181819,0.21818181818181817,6.137591276259506e-74
1165,prot-private,136,127,9,7941,754,1.3398536428381536,0.422075418381963,0.5366360219593949,0.9338235294117647,0.0661764705882353,6.388400221161359e-26
1166,prot-private,78,70,8,7998,755,0.8259877469367342,-0.2758077146527217,0.5448163553779526,0.8974358974358975,0.10256410256410256,6.388400221161359e-26
1167,dna-private,10,7,3,8061,760,0.21998924864574287,-2.1844950770669267,0.04865901572148691,0.7,0.3,6.137591276259506e-74
1168,dna-private,79,70,9,7998,754,0.7332388652718735,-0.4476448370388109,0.4166503140031176,0.8860759493670886,0.11392405063291139,1.3486175434808079e-64
1169,dna-private,79,71,8,7997,755,0.8378923346254845,-0.2551632188397684,0.5497172254284567,0.8987341772151899,0.10126582278481013,6.388400221161359e-26
1170,shared,41,38,3,8030,760,1.198837691988377,0.2616363486487004,1.0,0.926829268292683,0.07317073170731707,1.499676973186056e-14
1171,dna-private,21,14,7,8054,756,0.18773280357586292,-2.4132473327246813,0.0013816706228640778,0.6666666666666666,0.3333333333333333,6.137591276259506e-74
1172,dna-private,94,90,4,7978,759,2.14057407871647,1.0979977636579776,0.14200277155382485,0.9574468085106383,0.0425531914893617,6.137591276259506e-74
1173,dna-private,30,22,8,8046,755,0.25804747700720854,-1.9542915697758916,0.0031439857370636048,0.7333333333333333,0.26666666666666666,6.137591276259506e-74
1174,dna-private,80,73,7,7995,756,0.9861163227016886,-0.020170257324208563,1.0,0.9125,0.0875,8.510575869671689e-13
1175,dna-private,54,53,1,8015,762,5.038802245789145,2.3330808370146108,0.08615635555748988,0.9814814814814815,0.018518518518518517,6.137591276259506e-74
1176,dna-private,69,63,6,8005,757,0.9929419113054341,-0.010218774639127392,1.0,0.9130434782608695,0.08695652173913043,8.510575869671689e-13
1177,dna-private,72,59,13,8009,750,0.42500264125935244,-1.2344562877077787,0.009479646437257846,0.8194444444444444,0.18055555555555555,6.137591276259506e-74
1178,dna-private,36,34,2,8034,761,1.6102813044560618,0.6873127387084181,0.7660921570241743,0.9444444444444444,0.05555555555555555,6.388400221161359e-26
1179,dna-private,69,67,2,8001,761,3.186289213848269,1.6718772236892354,0.1264792391938525,0.9710144927536232,0.028985507246376812,6.137591276259506e-74
1180,dna-private,54,46,8,8022,755,0.5411680378957866,-0.8858514605450548,0.13660272178412627,0.8518518518518519,0.14814814814814814,6.137591276259506e-74
1182,dna-private,63,55,8,8013,755,0.6477754898290279,-0.6264342136191651,0.255623436374933,0.873015873015873,0.12698412698412698,6.137591276259506e-74
1183,dna-private,38,35,3,8033,760,1.1037802398439769,0.14245296337799762,1.0,0.9210526315789473,0.07894736842105263,8.510575869671689e-13
1185,dna-private,132,128,4,7940,759,3.058942065491184,1.6130327833851463,0.017928328781143345,0.9696969696969697,0.030303030303030304,6.137591276259506e-74
1186,dna-private,21,16,5,8052,758,0.3012419274714357,-1.7310055136376103,0.03013179244691118,0.7619047619047619,0.23809523809523808,6.137591276259506e-74
1187,dna-private,38,34,4,8034,759,0.8030246452576549,-0.3164838293796611,0.5664327681214596,0.8947368421052632,0.10526315789473684,6.388400221161359e-26
1188,dna-private,16,14,2,8054,761,0.6614104792649615,-0.5963821913846045,0.6433648787155277,0.875,0.125,6.388400221161359e-26
1189,dna-private,83,79,4,7989,759,1.876361246714232,0.9079376096607988,0.322085067854452,0.9518072289156626,0.04819277108433735,1.3486175434808079e-64
1190,dna-private,38,33,5,8035,758,0.6226260112009957,-0.6835622459202733,0.3755053214500226,0.868421052631579,0.13157894736842105,1.3486175434808079e-64
1191,dna-private,40,38,2,8030,761,1.8006226650062267,0.8484958845424542,0.577200390112483,0.95,0.05,6.388400221161359e-26
1192,dna-private,738,728,10,7340,753,7.468446866485014,2.900808252252687,1.7349938608108168e-18,0.986449864498645,0.013550135501355014,6.137591276259506e-74
1193,dna-private,43,36,7,8032,756,0.48406374501992033,-1.0467310503449911,0.09378022069229547,0.8372093023255814,0.16279069767441862,6.137591276259506e-74
1195,prot-private,14,14,0,8054,763,2.748960208579055,1.4588860238748205,0.6261069302735234,1.0,0.0,6.388400221161359e-26
1196,dna-private,39,35,4,8033,759,0.8267459230673472,-0.2744840688163277,0.5763509902567905,0.8974358974358975,0.10256410256410256,6.388400221161359e-26
1197,dna-private,41,33,8,8035,755,0.38760112009956443,-1.3673553549915614,0.02210213366205824,0.8048780487804879,0.1951219512195122,6.137591276259506e-74
1198,shared,19,15,4,8053,759,0.3534397119086055,-1.5004639470327465,0.0754765246969675,0.7894736842105263,0.21052631578947367,6.137591276259506e-74
1200,dead,31,28,3,8040,760,0.8822553897180763,-0.18073175639889522,0.7471571356606916,0.9032258064516129,0.0967741935483871,6.388400221161359e-26
1201,dna-private,10,6,4,8062,759,0.14121806003473084,-2.824003491714457,0.007601667583545369,0.6,0.4,6.137591276259506e-74
1202,dna-private,30,28,2,8040,761,1.3251243781094528,0.4061277794948587,1.0,0.9333333333333333,0.06666666666666667,8.510575869671689e-13
1204,shared,31,29,2,8039,761,1.3726209727578056,0.4569333034066387,1.0,0.9354838709677419,0.06451612903225806,8.510575869671689e-13
1205,shared,55,51,4,8017,759,1.2070911812398653,0.271534658490667,1.0,0.9272727272727272,0.07272727272727272,8.510575869671689e-13
1206,dna-private,32,29,3,8039,760,0.9138781772193888,-0.12992623248711502,0.7536237834637938,0.90625,0.09375,6.388400221161359e-26
1208,dna-private,20,19,1,8049,762,1.798732761833768,0.8469808609552302,1.0,0.95,0.05,8.510575869671689e-13
1210,prot-private,659,646,13,7422,750,5.021453889683477,2.32810513623855,2.0947714775108908e-13,0.9802731411229135,0.019726858877086494,6.137591276259506e-74
1211,dead,45,40,5,8028,758,0.7553562531141006,-0.4047708631915255,0.5891647220141945,0.8888888888888888,0.1111111111111111,6.388400221161359e-26
1212,shared,19,18,1,8050,762,1.7038509316770187,0.7687991210462928,1.0,0.9473684210526315,0.05263157894736842,0.003801376386235594
1213,dna-private,25,22,3,8046,760,0.692683735189328,-0.5297312963785412,0.4725039628434682,0.88,0.12,1.3486175434808079e-64
1215,dna-private,36,33,3,8035,760,1.0404480398257623,0.05720491840578896,1.0,0.9166666666666666,0.08333333333333333,8.510575869671689e-13
1217,dna-private,81,70,11,7998,752,0.5983314010320762,-0.7409833158248229,0.11226765563831263,0.8641975308641975,0.13580246913580246,6.137591276259506e-74
1218,dna-private,66,57,9,8011,754,0.5960970332459535,-0.7463809018034199,0.18025917823844725,0.8636363636363636,0.13636363636363635,6.137591276259506e-74
1219,prot-private,13,10,3,8058,760,0.31438735831885495,-1.6693848876514445,0.09567651131280328,0.7692307692307693,0.23076923076923078,6.137591276259506e-74
1220,dna-private,31,26,5,8042,758,0.49012683412086544,-1.028772959375539,0.18492513850854314,0.8387096774193549,0.16129032258064516,6.137591276259506e-74
1221,dna-private,26,22,4,8046,759,0.5188292319164802,-0.9466683285728665,0.2775668458116302,0.8461538461538461,0.15384615384615385,6.137591276259506e-74
1222,dna-private,16,12,4,8056,759,0.2826464746772592,-1.8229293918701623,0.04347584763160735,0.75,0.25,6.137591276259506e-74
1223,dna-private,23,16,7,8052,756,0.21460506706408347,-2.220243954757871,0.002500366431321196,0.6956521739130435,0.30434782608695654,6.137591276259506e-74
1224,dna-private,363,351,12,7717,751,2.846540106258909,1.5092094266896137,5.3598669134040126e-05,0.9669421487603306,0.03305785123966942,6.137591276259506e-74
1225,dna-private,178,175,3,7893,760,5.616791249630475,2.489746185555075,0.00020385755092182769,0.9831460674157303,0.016853932584269662,6.137591276259506e-74
1226,dna-private,59,50,9,8018,754,0.5224356309414927,-0.9366748005496942,0.0964140808248437,0.847457627118644,0.15254237288135594,6.137591276259506e-74
1227,dna-private,27,23,4,8045,759,0.5424798011187073,-0.8823586741383294,0.28746707582594033,0.8518518518518519,0.14814814814814814,1.3486175434808079e-64
1229,shared,15,13,2,8055,761,0.614090626939789,-0.7034765119492934,0.37647785138890716,0.8666666666666667,0.13333333333333333,1.3486175434808079e-64
1230,dna-private,70,66,4,8002,759,1.5650462384403898,0.6462052814283178,0.5213085110320503,0.9428571428571428,0.05714285714285714,6.388400221161359e-26
1231,dna-private,113,101,12,7967,751,0.7933873059704615,-0.333902780035843,0.4018509500325652,0.8938053097345132,0.10619469026548672,1.3486175434808079e-64
1232,dna-private,45,41,4,8027,759,0.9691977077363897,-0.04513710223311509,0.7939792105708714,0.9111111111111111,0.08888888888888889,6.388400221161359e-26
1233,dna-private,40,39,1,8029,762,3.7013326690746045,1.8880448082821413,0.2551092409239627,0.975,0.025,6.137591276259506e-74
1234,dead,21,19,2,8049,761,0.8981861100757859,-0.15491368303454628,0.7021801097644735,0.9047619047619048,0.09523809523809523,6.388400221161359e-26
1235,prot-private,17,16,1,8052,762,1.5141579731743666,0.5985157305719824,1.0,0.9411764705882353,0.058823529411764705,8.510575869671689e-13
1236,dna-private,42,37,5,8031,758,0.6984435313161499,-0.5177846154492549,0.40660776219771855,0.8809523809523809,0.11904761904761904,1.3486175434808079e-64
1237,prot-private,24,22,2,8046,761,1.0403927417350236,0.05712823951521257,1.0,0.9166666666666666,0.08333333333333333,8.510575869671689e-13
1238,prot-private,10,9,1,8059,762,0.8509740662613228,-0.2328129289529579,0.59509736615207,0.9,0.1,6.388400221161359e-26
1240,dna-private,89,87,2,7981,761,4.1477884976819945,2.052342330717,0.03375519962008937,0.9775280898876404,0.02247191011235955,6.137591276259506e-74
1241,prot-private,401,363,38,7705,725,0.8988524198230814,-0.15384383194768564,0.5243829810286088,0.9052369077306733,0.09476309226932668,6.388400221161359e-26
1243,dead,58,55,3,8013,760,1.738841049960481,0.7981260597781852,0.4820184269700901,0.9482758620689655,0.05172413793103448,1.3486175434808079e-64
1244,prot-private,15,14,1,8054,762,1.3245592252296996,0.40551235260517215,1.0,0.9333333333333333,0.06666666666666667,8.510575869671689e-13
1245,dna-private,11,10,1,8058,762,0.9456440804169769,-0.08063080776791416,1.0,0.9090909090909091,0.09090909090909091,8.510575869671689e-13
1246,dna-private,55,53,2,8015,761,2.5160948222083594,1.3311862930248344,0.23296433625348986,0.9636363636363636,0.03636363636363636,6.137591276259506e-74
1247,dead,19,19,0,8049,763,3.699173861730542,1.8872031089403754,0.4020724346383381,1.0,0.0,1.3486175434808079e-64
1248,dna-private,53,47,6,8021,757,0.739288534264223,-0.43579055634829733,0.45863866272651665,0.8867924528301887,0.11320754716981132,1.3486175434808079e-64
1250,prot-private,13,12,1,8056,762,1.1350546176762661,0.18276172020769355,1.0,0.9230769230769231,0.07692307692307693,0.00470690484633421
1251,dead,37,33,4,8035,759,0.7793092719352831,-0.3597321137885364,0.5570142951867847,0.8918918918918919,0.10810810810810811,6.388400221161359e-26
1252,shared,23,17,6,8051,757,0.2664058295035813,-1.9083024430191375,0.011466431173097915,0.7391304347826086,0.2608695652173913,6.137591276259506e-74
1253,prot-private,1242,1206,36,6862,727,3.5491839113960943,1.8274873338197122,3.9893096842797594e-18,0.9710144927536232,0.028985507246376812,6.137591276259506e-74
1254,dna-private,18,18,0,8050,763,3.509036705794671,1.8110750389315806,0.39580838671128105,1.0,0.0,1.3486175434808079e-64
1255,dna-private,228,219,9,7849,754,2.337537690576294,1.2249896272758356,0.008151429094506961,0.9605263157894737,0.039473684210526314,6.137591276259506e-74
1256,prot-private,230,214,16,7854,747,1.2721065699006875,0.34721953652398707,0.4062443320961797,0.9304347826086956,0.06956521739130435,1.3486175434808079e-64
1257,prot-private,374,343,31,7725,732,1.0484434700908236,0.06824907639088022,0.9249811650656081,0.9171122994652406,0.08288770053475936,1.499676973186056e-14
1258,dna-private,13,9,4,8059,759,0.21190594366546717,-2.2385040410308137,0.021001542276485385,0.6923076923076923,0.3076923076923077,6.137591276259506e-74
1259,shared,14,13,1,8055,762,1.2297951582867783,0.29841803204048295,1.0,0.9285714285714286,0.07142857142857142,0.00470690484633421
1260,dna-private,28,26,2,8042,761,1.2301666252176076,0.29885374084427707,1.0,0.9285714285714286,0.07142857142857142,1.499676973186056e-14
1261,dna-private,62,60,2,8008,761,2.8508991008991007,1.5114169802760704,0.17058989072962968,0.967741935483871,0.03225806451612903,6.137591276259506e-74
1263,dead,25,24,1,8044,762,2.2734957732471406,1.1849123219091262,0.7193889252568892,0.96,0.04,6.388400221161359e-26
1264,prot-private,14,14,0,8054,763,2.748960208579055,1.4588860238748205,0.6261069302735234,1.0,0.0,6.388400221161359e-26
1265,dna-private,49,43,6,8025,757,0.6760332294911734,-0.5648339329303544,0.31277567193929934,0.8775510204081632,0.12244897959183673,1.3486175434808079e-64
1266,dna-private,38,32,6,8036,757,0.5024058403849344,-0.9930748594687165,0.13725715750041734,0.8421052631578947,0.15789473684210525,6.137591276259506e-74
1267,dna-private,359,356,3,7712,760,11.69432918395574,3.547737202346228,6.973886403922441e-11,0.9916434540389972,0.008356545961002786,6.137591276259506e-74
1268,shared,59,59,0,8009,763,11.343591984518385,3.50380564148979,0.008745045888894699,1.0,0.0,6.137591276259506e-74
1269,dna-private,133,128,5,7940,758,2.4439294710327455,1.2892026512534092,0.04220704619443679,0.9624060150375939,0.03759398496240601,6.137591276259506e-74
1270,dna-private,29,27,2,8041,761,1.2776395970650416,0.3534809310772793,1.0,0.9310344827586207,0.06896551724137931,0.00470690484633421
1272,dead,40,37,3,8031,760,1.167143983729714,0.2229825488768074,1.0,0.925,0.075,0.00470690484633421
1273,dna-private,16,11,5,8057,758,0.20697530098051384,-2.2724694782688077,0.0092674991092931,0.6875,0.3125,6.137591276259506e-74
1274,prot-private,29,29,0,8039,763,5.603146961875739,2.486237332723165,0.17242845368326137,1.0,0.0,6.137591276259506e-74
1275,prot-private,118,118,0,7950,763,22.759511980378594,4.508397717952067,4.108182904159801e-05,1.0,0.0,6.137591276259506e-74
1276,dead,21,19,2,8049,761,0.8981861100757859,-0.15491368303454628,0.7021801097644735,0.9047619047619048,0.09523809523809523,6.388400221161359e-26
1277,dna-private,37,31,6,8037,757,0.48664509974700343,-1.0390580669120846,0.13025347875770235,0.8378378378378378,0.16216216216216217,6.137591276259506e-74
1280,shared,23,22,1,8046,762,2.08351976137211,1.059022783504989,0.716472396975913,0.9565217391304348,0.043478260869565216,6.388400221161359e-26
1281,dna-private,31,31,0,8037,763,5.984510108864697,2.581233153194096,0.10691894429686633,1.0,0.0,6.137591276259506e-74
1283,prot-private,22,20,2,8048,761,0.9455765407554672,-0.08073385141461938,0.7149840631017713,0.9090909090909091,0.09090909090909091,6.388400221161359e-26
1284,dna-private,105,102,3,7966,760,3.2437860908862666,1.6976786852171013,0.03379884034148464,0.9714285714285714,0.02857142857142857,6.137591276259506e-74
1285,dna-private,17,11,6,8057,757,0.17225187207811013,-2.537408432287962,0.002198420530932623,0.6470588235294118,0.35294117647058826,6.137591276259506e-74
1286,prot-private,40,34,6,8034,757,0.5339390921915194,-0.9052529155305519,0.15359564215460278,0.85,0.15,6.137591276259506e-74
1287,shared,26,24,2,8044,761,1.1352560914967678,0.1830177779193497,1.0,0.9230769230769231,0.07692307692307693,1.499676973186056e-14
1288,dna-private,15,15,0,8053,763,2.9389085490780404,1.5552804669020328,0.6340216938892271,1.0,0.0,6.388400221161359e-26
1289,prot-private,123,96,27,7972,736,0.32826002118525954,-1.6070890402243574,4.498063168295218e-06,0.7804878048780488,0.21951219512195122,6.137591276259506e-74
1290,dna-private,114,89,25,7979,738,0.3292743451560346,-1.6026379836768285,1.0287550094383175e-05,0.7807017543859649,0.21929824561403508,6.137591276259506e-74
1292,dna-private,11,10,1,8058,762,0.9456440804169769,-0.08063080776791416,1.0,0.9090909090909091,0.09090909090909091,1.499676973186056e-14
1293,prot-private,25,16,9,8052,754,0.16647347794888778,-2.5866357450949877,0.00014701349505559757,0.64,0.36,6.137591276259506e-74
1294,prot-private,38,35,3,8033,760,1.1037802398439769,0.14245296337799762,1.0,0.9210526315789473,0.07894736842105263,1.499676973186056e-14
1295,dna-private,15,12,3,8056,760,0.37735849056603776,-1.4059923596758368,0.13412797121574013,0.8,0.2,6.137591276259506e-74
1296,dna-private,59,52,7,8016,756,0.7005988023952096,-0.5133395728906478,0.3504617436888584,0.8813559322033898,0.11864406779661017,1.3486175434808079e-64
1297,dna-private,12,11,1,8057,762,1.0403375946382027,0.05705176594078467,1.0,0.9166666666666666,0.08333333333333333,1.499676973186056e-14
1298,dna-private,26,25,1,8043,762,2.36851920925028,1.2439853725643295,0.7222754442803372,0.9615384615384616,0.038461538461538464,6.388400221161359e-26
1299,dna-private,79,76,3,7992,760,2.4090757424090756,1.2684797532609589,0.15704646790986793,0.9620253164556962,0.0379746835443038,6.137591276259506e-74
1302,dna-private,32,26,6,8042,757,0.4079001906656719,-1.2937119133946928,0.05320593297080169,0.8125,0.1875,6.137591276259506e-74
1303,shared,37,33,4,8035,759,0.7793092719352831,-0.3597321137885364,0.5570142951867847,0.8918918918918919,0.10810810810810811,6.388400221161359e-26
1304,dna-private,71,67,4,8001,759,1.588957630296213,0.6680806556011564,0.5225147863081439,0.9436619718309859,0.056338028169014086,6.388400221161359e-26
1305,prot-private,173,147,26,7921,737,0.526055373738747,-0.9267134261424537,0.005617636619170957,0.8497109826589595,0.15028901734104047,6.137591276259506e-74
1306,dna-private,47,41,6,8027,757,0.6444292180557286,-0.6339061883840059,0.2943612407633644,0.8723404255319149,0.1276595744680851,1.3486175434808079e-64
1307,prot-private,21,20,1,8048,762,1.893638170974155,0.9211606925751572,1.0,0.9523809523809523,0.047619047619047616,1.499676973186056e-14
1308,dna-private,274,235,39,7833,724,0.5569467767859189,-0.8443886282480414,0.002013977192485402,0.8576642335766423,0.14233576642335766,6.137591276259506e-74
1309,dna-private,46,45,1,8023,762,4.273962358220117,2.0955742019031267,0.18116718400779847,0.9782608695652174,0.021739130434782608,6.137591276259506e-74
1310,dna-private,33,31,2,8037,761,1.4676496205051637,0.5535075873268854,1.0,0.9393939393939394,0.06060606060606061,1.499676973186056e-14
1311,dna-private,39,34,5,8034,758,0.6415733134179736,-0.640313961511398,0.3819673631645426,0.8717948717948718,0.1282051282051282,1.3486175434808079e-64
1312,dna-private,43,39,4,8029,759,0.9216901233030266,-0.11764630379571438,0.7852915920495436,0.9069767441860465,0.09302325581395349,6.388400221161359e-26
1313,shared,76,70,6,7998,757,1.1042343919313162,0.14304644039941267,1.0,0.9210526315789473,0.07894736842105263,1.499676973186056e-14
1315,dna-private,16,13,3,8055,760,0.40885578315745913,-1.2903360478430472,0.15504769204284768,0.8125,0.1875,6.137591276259506e-74
1316,dna-private,41,38,3,8030,760,1.198837691988377,0.2616363486487004,1.0,0.926829268292683,0.07317073170731707,1.499676973186056e-14
1317,dna-private,47,43,4,8025,759,1.016728971962617,0.02393515322053655,1.0,0.9148936170212766,0.0851063829787234,1.499676973186056e-14
1318,dna-private,25,23,2,8045,761,1.0878185208203854,0.12143789394974983,1.0,0.92,0.08,1.499676973186056e-14
1319,dna-private,68,63,5,8005,758,1.193104309806371,0.25472017938002645,1.0,0.9264705882352942,0.07352941176470588,1.499676973186056e-14
1320,dna-private,20,18,2,8050,761,0.850807453416149,-0.2330954229434839,0.689509959490357,0.9,0.1,6.388400221161359e-26
1321,dead,44,40,4,8028,759,0.945440956651719,-0.0809407310597884,0.7895081975499975,0.9090909090909091,0.09090909090909091,6.388400221161359e-26
1322,shared,23,20,3,8048,760,0.629555997349238,-0.667593387308373,0.4442764268572269,0.8695652173913043,0.13043478260869565,1.3486175434808079e-64
1323,dna-private,21,19,2,8049,761,0.8981861100757859,-0.15491368303454628,0.7021801097644735,0.9047619047619048,0.09523809523809523,6.388400221161359e-26
1324,dead,29,25,4,8043,759,0.589798582618426,-0.7617057395135263,0.31079880204109256,0.8620689655172413,0.13793103448275862,1.3486175434808079e-64
1325,prot-private,15,11,4,8057,759,0.2590604443341194,-1.948639346137071,0.03492376050102878,0.7333333333333333,0.26666666666666666,6.137591276259506e-74
1326,dna-private,130,124,6,7944,757,1.9693689157435381,0.9777333921230769,0.11476546474997948,0.9538461538461539,0.046153846153846156,6.137591276259506e-74
1327,prot-private,10,10,0,8058,763,1.9896382701495317,0.9925061627800148,1.0,1.0,0.0,0.003801376386235594
1328,dna-private,11,9,2,8059,761,0.424928651197419,-1.2347074729427345,0.24486416172403402,0.8181818181818182,0.18181818181818182,6.137591276259506e-74
1329,dna-private,49,41,8,8027,755,0.482044973215398,-1.0527603434361401,0.06883674654688149,0.8367346938775511,0.16326530612244897,6.137591276259506e-74
1330,prot-private,27,24,3,8044,760,0.7558428642466435,-0.40384175797440397,0.5034960913993611,0.8888888888888888,0.1111111111111111,1.3486175434808079e-64
1331,dna-private,21,13,8,8055,755,0.15231222842954686,-2.714896321240398,0.0002198507948276116,0.6190476190476191,0.38095238095238093,6.137591276259506e-74
1332,dna-private,21,17,4,8051,759,0.4006645137250031,-1.3195333568682468,0.10183922039866987,0.8095238095238095,0.19047619047619047,6.137591276259506e-74
1333,dna-private,19,19,0,8049,763,3.699173861730542,1.8872031089403754,0.4020724346383381,1.0,0.0,1.3486175434808079e-64
1334,dna-private,126,122,4,7946,759,2.913352630254216,1.5426803348902538,0.024233354198504198,0.9682539682539683,0.031746031746031744,6.137591276259506e-74
1335,dna-private,21,17,4,8051,759,0.4006645137250031,-1.3195333568682468,0.10183922039866987,0.8095238095238095,0.19047619047619047,6.137591276259506e-74
1336,prot-private,50,50,0,8018,763,9.61694830703997,3.265579164186367,0.020110596082810114,1.0,0.0,6.137591276259506e-74
1337,prot-private,284,279,5,7789,758,5.4302734625754265,2.4410248523882734,1.4741649578077023e-06,0.9823943661971831,0.017605633802816902,6.137591276259506e-74
1339,dna-private,12,9,3,8059,760,0.2829135128427845,-1.8215670088364881,0.07844382615057613,0.75,0.25,6.137591276259506e-74
1340,dna-private,41,40,1,8028,762,3.796711509715994,1.9247503810180673,0.2578854518887244,0.975609756097561,0.024390243902439025,6.137591276259506e-74
1341,dna-private,44,43,1,8025,762,4.082990654205608,2.029626265298392,0.17742282268571727,0.9772727272727273,0.022727272727272728,6.137591276259506e-74
1342,dna-private,44,42,2,8026,761,1.9911537503114876,0.9936046255023103,0.5852566852075065,0.9545454545454546,0.045454545454545456,6.388400221161359e-26
1344,dna-private,70,68,2,8000,761,3.23425,1.6934312000917977,0.08827945392995844,0.9714285714285714,0.02857142857142857,6.137591276259506e-74
1345,dna-private,52,41,11,8027,752,0.3491851365278549,-1.5179359446082412,0.004195174588771974,0.7884615384615384,0.21153846153846154,6.137591276259506e-74
1347,prot-private,369,356,13,7712,750,2.663182253431216,1.413151161978587,0.00013139215369962882,0.964769647696477,0.03523035230352303,6.137591276259506e-74
1348,dna-private,25,23,2,8045,761,1.0878185208203854,0.12143789394974983,1.0,0.92,0.08,1.499676973186056e-14
1349,dna-private,21,17,4,8051,759,0.4006645137250031,-1.3195333568682468,0.10183922039866987,0.8095238095238095,0.19047619047619047,6.137591276259506e-74
1350,dead,26,25,1,8043,762,2.36851920925028,1.2439853725643295,0.7222754442803372,0.9615384615384616,0.038461538461538464,6.388400221161359e-26
1351,dna-private,22,18,4,8050,759,0.42428571428571427,-1.236891991031563,0.11640137205561549,0.8181818181818182,0.18181818181818182,6.137591276259506e-74
1352,dna-private,91,83,8,7985,755,0.9809799624295554,-0.027704426739228936,0.8524089551850375,0.9120879120879121,0.08791208791208792,1.499676973186056e-14
1353,dna-private,425,423,2,7645,761,21.053172007848268,4.395965710375328,1.3590007714623492e-14,0.9952941176470588,0.004705882352941176,6.137591276259506e-74
1354,shared,24,23,1,8045,762,2.1784959602237413,1.1233324379395262,0.7174205323835983,0.9583333333333334,0.041666666666666664,6.388400221161359e-26
1356,dna-private,21,16,5,8052,758,0.3012419274714357,-1.7310055136376103,0.03013179244691118,0.7619047619047619,0.23809523809523808,6.137591276259506e-74
1357,dna-private,78,72,6,7996,757,1.1360680340170084,0.18404923396226008,1.0,0.9230769230769231,0.07692307692307693,8.510575869671689e-13
1358,prot-private,101,99,2,7969,761,4.727004642991592,2.2409262817512814,0.011420388591566043,0.9801980198019802,0.019801980198019802,6.137591276259506e-74
1359,dna-private,40,35,5,8033,758,0.6605253330013694,-0.5983142009480645,0.38935598611324007,0.875,0.125,1.3486175434808079e-64
1360,prot-private,104,97,7,7971,756,1.314264207753105,0.39425533113893346,0.5994964075925936,0.9326923076923077,0.0673076923076923,6.388400221161359e-26
1361,shared,23,23,0,8045,763,4.460195140140451,2.157106831570286,0.2566084918038831,1.0,0.0,6.137591276259506e-74
1362,dead,30,28,2,8040,761,1.3251243781094528,0.4061277794948587,1.0,0.9333333333333333,0.06666666666666667,1.499676973186056e-14
1363,dna-private,73,57,16,8011,747,0.33219167394832105,-1.5899121808405348,0.00039900932021114566,0.7808219178082192,0.2191780821917808,6.137591276259506e-74
1364,dna-private,78,73,5,7995,758,1.384215134459037,0.4690681837960523,0.6837466112500863,0.9358974358974359,0.0641025641025641,6.388400221161359e-26
1365,dna-private,782,761,21,7307,742,3.679850371789608,1.8796471053404933,3.1483852680908368e-12,0.9731457800511509,0.026854219948849106,6.137591276259506e-74
1366,dna-private,11,9,2,8059,761,0.424928651197419,-1.2347074729427345,0.24486416172403402,0.8181818181818182,0.18181818181818182,6.137591276259506e-74
1367,dna-private,44,39,5,8029,758,0.736380620251588,-0.44147643592745134,0.42666670038808,0.8863636363636364,0.11363636363636363,1.3486175434808079e-64
1368,prot-private,281,246,35,7822,728,0.6541549475837382,-0.6122956921399756,0.030000436610974398,0.8754448398576512,0.12455516014234876,6.137591276259506e-74
1369,prot-private,233,201,32,7867,731,0.5836524405745519,-0.7768185811347295,0.008758019194859655,0.8626609442060086,0.13733905579399142,6.137591276259506e-74
1370,dna-private,11,9,2,8059,761,0.424928651197419,-1.2347074729427345,0.24486416172403402,0.8181818181818182,0.18181818181818182,6.137591276259506e-74
1371,dna-private,19,17,2,8051,761,0.8034405663892684,-0.3157367887801676,0.677113499984792,0.8947368421052632,0.10526315789473684,6.388400221161359e-26
1372,dna-private,60,55,5,8013,758,1.040559091476351,0.0573588954521229,1.0,0.9166666666666666,0.08333333333333333,1.499676973186056e-14
1373,dead,15,15,0,8053,763,2.9389085490780404,1.5552804669020328,0.6340216938892271,1.0,0.0,6.388400221161359e-26
1374,dna-private,75,74,1,7994,762,7.053790342757067,2.8183986957018248,0.020306540350839876,0.9866666666666667,0.013333333333333334,6.137591276259506e-74
1376,dna-private,364,354,10,7714,753,3.455561317085818,1.7889200792388016,5.753212697775312e-06,0.9725274725274725,0.027472527472527472,6.137591276259506e-74
1378,dna-private,54,51,3,8017,760,1.6115754022701758,0.6884716906849924,0.6248836820460282,0.9444444444444444,0.05555555555555555,6.388400221161359e-26
1379,prot-private,23,22,1,8046,762,2.08351976137211,1.059022783504989,0.716472396975913,0.9565217391304348,0.043478260869565216,6.388400221161359e-26
1380,dna-private,20,15,5,8053,758,0.28237923755122313,-1.8242940791644837,0.024659972710545527,0.75,0.25,6.137591276259506e-74
1381,dna-private,33,28,5,8040,758,0.5279601990049752,-0.9214989207249574,0.20188821211829633,0.8484848484848485,0.15151515151515152,6.137591276259506e-74
1382,shared,37,37,0,8031,763,7.129739152088651,2.8338492953406753,0.07162832242165393,1.0,0.0,6.137591276259506e-74
1383,shared,22,17,5,8051,758,0.32010930319215003,-1.6433634889999837,0.03630953794241455,0.7727272727272727,0.22727272727272727,6.137591276259506e-74
1384,dna-private,84,74,10,7994,753,0.6970477858393795,-0.5206705320069313,0.3245760970795567,0.8809523809523809,0.11904761904761904,1.3486175434808079e-64
1385,dna-private,19,17,2,8051,761,0.8034405663892684,-0.3157367887801676,0.677113499984792,0.8947368421052632,0.10526315789473684,6.388400221161359e-26
1386,dna-private,41,29,12,8039,751,0.2257639839117635,-2.147112743303791,0.00011940203133688714,0.7073170731707317,0.2926829268292683,6.137591276259506e-74
1387,dead,21,19,2,8049,761,0.8981861100757859,-0.15491368303454628,0.7021801097644735,0.9047619047619048,0.09523809523809523,6.388400221161359e-26
1388,prot-private,43,18,25,8050,738,0.06600745341614907,-3.921227250161358,2.4129621513201423e-16,0.4186046511627907,0.5813953488372093,6.137591276259506e-74
1389,shared,19,16,3,8052,760,0.5033946017552575,-0.990238349311548,0.22277766157339868,0.8421052631578947,0.15789473684210525,6.137591276259506e-74
1390,prot-private,20,20,0,8048,763,3.8893582655153134,1.9595321337374263,0.4103003441798839,1.0,0.0,1.3486175434808079e-64
1391,shared,24,23,1,8045,762,2.1784959602237413,1.1233324379395262,0.7174205323835983,0.9583333333333334,0.041666666666666664,6.388400221161359e-26
1392,prot-private,162,160,2,7908,761,7.698533131006576,2.9445835826617,9.929887627945481e-05,0.9876543209876543,0.012345679012345678,6.137591276259506e-74
1393,dna-private,40,34,6,8034,757,0.5339390921915194,-0.9052529155305519,0.15359564215460278,0.85,0.15,6.137591276259506e-74
1394,shared,45,42,3,8026,760,1.3256915026164964,0.40674508960855665,1.0,0.9333333333333333,0.06666666666666667,1.499676973186056e-14
1396,dna-private,25,24,1,8044,762,2.2734957732471406,1.1849123219091262,0.7193889252568892,0.96,0.04,6.388400221161359e-26
1397,dna-private,62,52,10,8016,753,0.48847305389221557,-1.0336491152695504,0.0635114259913783,0.8387096774193549,0.16129032258064516,6.137591276259506e-74
1399,dna-private,22,19,3,8049,760,0.598003892823125,-0.7417732189283001,0.43163260794238584,0.8636363636363636,0.13636363636363635,1.3486175434808079e-64
1400,dna-private,47,40,7,8028,756,0.5381165919282511,-0.8940093043117862,0.12112503700560127,0.851063829787234,0.14893617021276595,6.137591276259506e-74
1401,dna-private,77,73,4,7995,759,1.7325515947467167,0.7928983159277891,0.4117546373776285,0.948051948051948,0.05194805194805195,1.3486175434808079e-64
1402,prot-private,137,136,1,7932,762,13.065052950075643,3.7076410665148134,8.983816318322354e-05,0.9927007299270073,0.0072992700729927005,6.137591276259506e-74
1403,dna-private,10,7,3,8061,760,0.21998924864574287,-2.1844950770669267,0.04865901572148691,0.7,0.3,6.137591276259506e-74
1404,prot-private,10,10,0,8058,763,1.9896382701495317,0.9925061627800148,1.0,1.0,0.0,1.499676973186056e-14
1405,dna-private,48,46,2,8022,761,2.181874844178509,1.1255683487460493,0.43485333151682726,0.9583333333333334,0.041666666666666664,1.3486175434808079e-64
1406,prot-private,272,261,11,7807,752,2.285501356591404,1.1925106752740897,0.004135192149481776,0.9595588235294118,0.04044117647058824,6.137591276259506e-74
1407,dna-private,31,28,3,8040,760,0.8822553897180763,-0.18073175639889522,0.7471571356606916,0.9032258064516129,0.0967741935483871,6.388400221161359e-26
1410,dna-private,10,8,2,8060,761,0.37766749379652603,-1.4048114799117843,0.21174867571160536,0.8,0.2,6.137591276259506e-74
1411,prot-private,24,21,3,8047,760,0.6611159438299987,-0.5970247869668049,0.45796208248726505,0.875,0.125,1.3486175434808079e-64
1412,dna-private,48,45,3,8023,760,1.4209148697494702,0.5068201220195966,0.7960332633665161,0.9375,0.0625,6.388400221161359e-26
1414,dna-private,63,59,4,8009,759,1.3978336871020103,0.4831927204655367,0.6558285694653705,0.9365079365079365,0.06349206349206349,6.388400221161359e-26
1415,shared,23,23,0,8045,763,4.460195140140451,2.157106831570286,0.2566084918038831,1.0,0.0,6.137591276259506e-74
1417,dna-private,36,34,2,8034,761,1.6102813044560618,0.6873127387084181,0.7660921570241743,0.9444444444444444,0.05555555555555555,6.388400221161359e-26
1419,dna-private,61,58,3,8010,760,1.8343736995422388,0.8752875754412913,0.4879568659629675,0.9508196721311475,0.04918032786885246,1.3486175434808079e-64
1420,dna-private,20,15,5,8053,758,0.28237923755122313,-1.8242940791644837,0.024659972710545527,0.75,0.25,6.137591276259506e-74
1421,prot-private,24,24,0,8044,763,4.650568711542047,2.2174071521673038,0.26199068748151555,1.0,0.0,6.137591276259506e-74
1422,dna-private,134,106,28,7962,735,0.34947249434815375,-1.5167491838620277,1.3220708163579015e-05,0.7910447761194029,0.208955223880597,6.137591276259506e-74
1423,dna-private,15,13,2,8055,761,0.614090626939789,-0.7034765119492934,0.37647785138890716,0.8666666666666667,0.13333333333333333,1.3486175434808079e-64
1424,dna-private,48,44,4,8024,759,1.0405034895314058,0.05728180344058294,1.0,0.9166666666666666,0.08333333333333333,1.499676973186056e-14
1425,dna-private,93,69,24,7999,739,0.265611326415802,-1.9126114263068177,7.190584372382146e-07,0.7419354838709677,0.25806451612903225,6.137591276259506e-74
1426,dna-private,47,46,1,8022,762,4.369483919222139,2.127462892735826,0.18434086421492807,0.9787234042553191,0.02127659574468085,6.137591276259506e-74
1427,dna-private,266,235,31,7833,732,0.7084172421887548,-0.49732876857183106,0.09508685670069383,0.8834586466165414,0.11654135338345864,6.137591276259506e-74
1428,dna-private,33,30,3,8038,760,0.9455088330430456,-0.08083715884043495,0.7604116415681585,0.9090909090909091,0.09090909090909091,6.388400221161359e-26
1429,shared,39,36,3,8032,760,1.1354581673306774,0.18327455510133217,1.0,0.9230769230769231,0.07692307692307693,1.499676973186056e-14
1430,dna-private,149,129,20,7939,743,0.6036465549817357,-0.7282240198855134,0.053643183799031095,0.8657718120805369,0.1342281879194631,6.137591276259506e-74
1431,dna-private,74,68,6,8000,757,1.0724166666666666,0.1008655458528277,1.0,0.918918918918919,0.08108108108108109,1.499676973186056e-14
1432,dna-private,72,66,6,8002,757,1.040614846288428,0.05743619527742707,1.0,0.9166666666666666,0.08333333333333333,1.499676973186056e-14
1433,dna-private,15,14,1,8054,762,1.3245592252296996,0.40551235260517215,1.0,0.9333333333333333,0.06666666666666667,1.499676973186056e-14
1436,dna-private,90,80,10,7988,753,0.7541311967951928,-0.4071125627720444,0.34967204023350296,0.8888888888888888,0.1111111111111111,1.3486175434808079e-64
1437,dna-private,14,9,5,8059,758,0.1693014021590768,-2.562334173162551,0.004911449152307102,0.6428571428571429,0.35714285714285715,6.137591276259506e-74
1438,dna-private,24,20,4,8048,759,0.47154572564612324,-1.0845304195026986,0.14800296197823892,0.8333333333333334,0.16666666666666666,6.137591276259506e-74
1439,dna-private,11,9,2,8059,761,0.424928651197419,-1.2347074729427345,0.24486416172403402,0.8181818181818182,0.18181818181818182,6.137591276259506e-74
1440,dna-private,81,75,6,7993,757,1.1838483673214062,0.24348430586321831,0.8434044002290152,0.9259259259259259,0.07407407407407407,1.499676973186056e-14
1441,dna-private,39,38,1,8030,762,3.605977584059776,1.8503904285322308,0.2534186687730674,0.9743589743589743,0.02564102564102564,6.137591276259506e-74
1442,prot-private,173,156,17,7912,746,0.8652233390828525,-0.20885551289196413,0.5833493886093489,0.9017341040462428,0.09826589595375723,6.388400221161359e-26
1443,dna-private,21,20,1,8048,762,1.893638170974155,0.9211606925751572,1.0,0.9523809523809523,0.047619047619047616,1.499676973186056e-14
1444,dna-private,110,102,8,7966,755,1.2084170223449662,0.2731184118197509,0.7335348102126726,0.9272727272727272,0.07272727272727272,6.388400221161359e-26
1445,dna-private,33,29,4,8039,759,0.6845067794501803,-0.5468632646814404,0.526019630132248,0.8787878787878788,0.12121212121212122,6.388400221161359e-26
1446,shared,20,18,2,8050,761,0.850807453416149,-0.2330954229434839,0.689509959490357,0.9,0.1,6.388400221161359e-26
1447,dna-private,22,22,0,8046,763,4.269868887093767,2.0941917703507418,0.25303447370103727,1.0,0.0,6.137591276259506e-74
1449,prot-private,87,82,5,7986,758,1.5566240921612822,0.638420591268765,0.44262248489451633,0.9425287356321839,0.05747126436781609,1.3486175434808079e-64
1450,dna-private,115,99,16,7969,747,0.5800053331660183,-0.785861928963027,0.06293086935544107,0.8608695652173913,0.1391304347826087,6.137591276259506e-74
1451,dead,27,24,3,8044,760,0.7558428642466435,-0.40384175797440397,0.5034960913993611,0.8888888888888888,0.1111111111111111,1.3486175434808079e-64
1452,dna-private,16,14,2,8054,761,0.6614104792649615,-0.5963821913846045,0.6433648787155277,0.875,0.125,6.388400221161359e-26
1453,prot-private,521,478,43,7590,720,1.0545086864601525,0.07657097930549656,0.8095683071515591,0.9174664107485605,0.08253358925143954,1.499676973186056e-14
1454,dna-private,42,30,12,8038,751,0.23357800447872606,-2.098023669657111,0.00015420986189948103,0.7142857142857143,0.2857142857142857,6.137591276259506e-74
1455,prot-private,64,62,2,8006,761,2.9466650012490634,1.5590830535028823,0.17420296078105713,0.96875,0.03125,6.137591276259506e-74
1456,dna-private,58,51,7,8017,756,0.6870400399151803,-0.5415339147613307,0.34394622325296914,0.8793103448275862,0.1206896551724138,1.3486175434808079e-64
1457,dna-private,47,39,8,8029,755,0.45841636567443017,-1.1252695449987395,0.06036088249400229,0.8297872340425532,0.1702127659574468,6.137591276259506e-74
1458,dead,15,15,0,8053,763,2.9389085490780404,1.5552804669020328,0.6340216938892271,1.0,0.0,6.388400221161359e-26
1459,dna-private,48,41,7,8027,756,0.5516382210041111,-0.858205675485113,0.18833846948743035,0.8541666666666666,0.14583333333333334,6.137591276259506e-74
1460,prot-private,25,21,4,8047,759,0.49518454082266683,-1.0139618191611302,0.2690266390706343,0.84,0.16,6.137591276259506e-74
1461,dna-private,35,34,1,8034,762,3.224794622852875,1.6892072826981948,0.3624586490896934,0.9714285714285714,0.02857142857142857,1.3486175434808079e-64
1462,shared,14,14,0,8054,763,2.748960208579055,1.4588860238748205,0.6261069302735234,1.0,0.0,6.388400221161359e-26
1463,dna-private,13,13,0,8055,763,2.5590590279932965,1.3556134253808918,0.6199739488311733,1.0,0.0,6.388400221161359e-26
1464,dna-private,18,14,4,8054,759,0.3298361062825925,-1.6001787594726835,0.06376998954225302,0.7777777777777778,0.2222222222222222,6.137591276259506e-74
1465,dna-private,89,81,8,7987,755,0.9571021660197822,-0.06325516124921977,0.8494429211326275,0.9101123595505618,0.0898876404494382,1.499676973186056e-14
1466,dead,47,45,2,8023,761,2.134176741867132,1.0936796579133503,0.4324542966864182,0.9574468085106383,0.0425531914893617,1.3486175434808079e-64
1467,dna-private,181,169,12,7899,751,1.3389775077013968,0.4211317263080809,0.42126237373735476,0.9337016574585635,0.06629834254143646,1.3486175434808079e-64
1469,dead,35,30,5,8038,758,0.5658123911420752,-0.8216043231664972,0.22271049171388355,0.8571428571428571,0.14285714285714285,6.137591276259506e-74
1470,dna-private,124,116,8,7952,755,1.3766976861167002,0.4612117877777272,0.517804246659492,0.9354838709677419,0.06451612903225806,6.388400221161359e-26
1471,dna-private,120,96,24,7972,739,0.37079779227295534,-1.431295440692907,9.358297521945359e-05,0.8,0.2,6.137591276259506e-74
1472,prot-private,13,13,0,8055,763,2.5590590279932965,1.3556134253808918,0.6199739488311733,1.0,0.0,6.388400221161359e-26
1473,dna-private,42,33,9,8035,754,0.34407799211781787,-1.5391924773776509,0.008480687949955386,0.7857142857142857,0.21428571428571427,6.137591276259506e-74
1475,dna-private,11,10,1,8058,762,0.9456440804169769,-0.08063080776791416,1.0,0.9090909090909091,0.09090909090909091,1.499676973186056e-14
1476,shared,53,51,2,8017,761,2.420543844330797,1.2753312265787462,0.3216808357150166,0.9622641509433962,0.03773584905660377,1.3486175434808079e-64
1477,dna-private,368,361,7,7707,756,5.0587777345270535,2.3387888534286665,6.447914483147811e-08,0.9809782608695652,0.019021739130434784,6.137591276259506e-74
1478,dna-private,40,27,13,8041,750,0.19371872997043996,-2.367964645184115,1.796672516102929e-05,0.675,0.325,6.137591276259506e-74
1479,prot-private,98,87,11,7981,752,0.7452244535316832,-0.42425307974620535,0.36307841534592883,0.8877551020408163,0.11224489795918367,1.3486175434808079e-64
1480,dna-private,16,11,5,8057,758,0.20697530098051384,-2.2724694782688077,0.0092674991092931,0.6875,0.3125,6.137591276259506e-74
1481,prot-private,462,398,64,7670,699,0.5667413624511082,-0.8192375964712106,0.00011814380132439694,0.8614718614718615,0.13852813852813853,6.137591276259506e-74
1482,prot-private,26,25,1,8043,762,2.36851920925028,1.2439853725643295,0.7222754442803372,0.9615384615384616,0.038461538461538464,6.388400221161359e-26
1483,dna-private,19,18,1,8050,762,1.7038509316770187,0.7687991210462928,1.0,0.9473684210526315,0.05263157894736842,1.499676973186056e-14
1484,dna-private,50,49,1,8019,762,4.656191545080434,2.2191504086442957,0.12500179299940722,0.98,0.02,6.137591276259506e-74
1485,dna-private,12,11,1,8057,762,1.0403375946382027,0.05705176594078467,1.0,0.9166666666666666,0.08333333333333333,1.499676973186056e-14
1486,dna-private,24,22,2,8046,761,1.0403927417350236,0.05712823951521257,1.0,0.9166666666666666,0.08333333333333333,1.499676973186056e-14
1487,prot-private,272,252,20,7816,743,1.1977737973387923,0.2603554771827652,0.5108909730435716,0.9264705882352942,0.07352941176470588,1.3486175434808079e-64
1488,dna-private,48,47,1,8021,762,4.4650292980925075,2.1586696418804494,0.12332252487605919,0.9791666666666666,0.020833333333333332,6.137591276259506e-74
1489,dna-private,43,30,13,8038,750,0.2153233678488717,-2.2154231992080757,4.279232893583892e-05,0.6976744186046512,0.3023255813953488,6.137591276259506e-74
1490,shared,14,12,2,8056,761,0.5667825223435948,-0.8191328237820831,0.3441645340324851,0.8571428571428571,0.14285714285714285,1.3486175434808079e-64
1491,dna-private,52,48,4,8020,759,1.1356608478802992,0.18353205479433976,1.0,0.9230769230769231,0.07692307692307693,1.499676973186056e-14
1492,prot-private,499,489,10,7579,753,4.8583850112152,2.280476823395211,3.75057948226081e-10,0.9799599198396793,0.02004008016032064,6.137591276259506e-74
1493,dna-private,118,115,3,7953,760,3.663187895553041,1.873099702965752,0.01248807242734809,0.9745762711864406,0.025423728813559324,6.137591276259506e-74
1494,dna-private,10,9,1,8059,762,0.8509740662613228,-0.2328129289529579,0.59509736615207,0.9,0.1,6.388400221161359e-26
1495,dna-private,19,17,2,8051,761,0.8034405663892684,-0.3157367887801676,0.677113499984792,0.8947368421052632,0.10526315789473684,6.388400221161359e-26
1496,dna-private,67,65,2,8003,761,3.090403598650506,1.6277952626437218,0.12352215180401091,0.9701492537313433,0.029850746268656716,6.137591276259506e-74
1497,dna-private,83,78,5,7990,758,1.4799499374217773,0.5655483743306386,0.5539199530397394,0.9397590361445783,0.060240963855421686,6.388400221161359e-26
1498,dna-private,21,16,5,8052,758,0.3012419274714357,-1.7310055136376103,0.03013179244691118,0.7619047619047619,0.23809523809523808,6.137591276259506e-74
1500,dna-private,17,14,3,8054,760,0.4403608972767155,-1.1832417272783582,0.17689465436516857,0.8235294117647058,0.17647058823529413,6.137591276259506e-74
1501,prot-private,28,20,8,8048,755,0.23453031809145128,-2.0921536607057236,0.0019486910888545947,0.7142857142857143,0.2857142857142857,6.137591276259506e-74
1502,dna-private,66,65,1,8003,762,6.188929151568162,2.6296898066334986,0.04312861008214397,0.9848484848484849,0.015151515151515152,6.137591276259506e-74
1503,prot-private,88,64,24,8004,739,0.24621022821922373,-2.0220373984807463,2.3616137409553266e-07,0.7272727272727273,0.2727272727272727,6.137591276259506e-74
1505,dna-private,11,9,2,8059,761,0.424928651197419,-1.2347074729427345,0.24486416172403402,0.8181818181818182,0.18181818181818182,6.137591276259506e-74
1507,dna-private,94,83,11,7985,752,0.71060511185746,-0.4928800279113301,0.26842264625737194,0.8829787234042553,0.11702127659574468,6.137591276259506e-74
1508,dna-private,71,64,7,8004,756,0.863568215892054,-0.21161794974227255,0.6702707107429249,0.9014084507042254,0.09859154929577464,6.388400221161359e-26
1509,dna-private,212,195,17,7873,746,1.0868866789698224,0.12020152986775201,0.9012891700145204,0.9198113207547169,0.08018867924528301,1.499676973186056e-14
1511,dead,34,30,4,8038,759,0.708198556854939,-0.49777419103476034,0.5325881344964782,0.8823529411764706,0.11764705882352941,6.388400221161359e-26
1512,dead,22,20,2,8048,761,0.9455765407554672,-0.08073385141461938,0.7149840631017713,0.9090909090909091,0.09090909090909091,6.388400221161359e-26
1513,dna-private,70,63,7,8005,756,0.8499687695190506,-0.23451826174023419,0.6670753959090714,0.9,0.1,6.388400221161359e-26
1514,prot-private,11,11,0,8057,763,2.179398076326404,1.1239297349069568,0.6147434751291604,1.0,0.0,6.388400221161359e-26
1515,dna-private,140,118,22,7950,741,0.49993138936535164,-1.0001979820287021,0.005638795664500406,0.8428571428571429,0.15714285714285714,6.137591276259506e-74
1517,dna-private,53,50,3,8018,760,1.5797788309636651,0.6597225952337458,0.6235153699202394,0.9433962264150944,0.05660377358490566,6.388400221161359e-26
1518,prot-private,27,25,2,8043,761,1.1827054581623773,0.2420908285745528,1.0,0.9259259259259259,0.07407407407407407,1.499676973186056e-14
1519,dna-private,139,132,7,7936,756,1.7963709677419355,0.8450853111350468,0.16820118466335954,0.9496402877697842,0.050359712230215826,6.137591276259506e-74
1520,dead,21,21,0,8047,763,4.079589934762349,2.028424145133909,0.25142759190310204,1.0,0.0,6.137591276259506e-74
1521,dna-private,24,22,2,8046,761,1.0403927417350236,0.05712823951521257,1.0,0.9166666666666666,0.08333333333333333,1.499676973186056e-14
1523,shared,35,34,1,8034,762,3.224794622852875,1.6892072826981948,0.3624586490896934,0.9714285714285714,0.02857142857142857,1.3486175434808079e-64
1524,dna-private,46,44,2,8024,761,2.086490528414756,1.0610783715286622,0.43094864261548504,0.9565217391304348,0.043478260869565216,1.3486175434808079e-64
1525,dna-private,237,226,11,7842,752,1.970183858477661,0.9783302689389384,0.025229000333139136,0.9535864978902954,0.046413502109704644,6.137591276259506e-74
1527,shared,35,34,1,8034,762,3.224794622852875,1.6892072826981948,0.3624586490896934,0.9714285714285714,0.02857142857142857,1.3486175434808079e-64
1528,dna-private,51,48,3,8020,760,1.5162094763092269,0.6004690869886651,0.6226219697680933,0.9411764705882353,0.058823529411764705,6.388400221161359e-26
1529,prot-private,65,57,8,8011,755,0.6714985644738485,-0.5745437794173306,0.26786571136270154,0.8769230769230769,0.12307692307692308,6.137591276259506e-74
1530,dna-private,36,24,12,8044,751,0.186723023371457,-2.4210282687910802,2.834070918095532e-05,0.6666666666666666,0.3333333333333333,6.137591276259506e-74
1531,prot-private,18,18,0,8050,763,3.509036705794671,1.8110750389315806,0.39580838671128105,1.0,0.0,1.3486175434808079e-64
1532,dna-private,13,12,1,8056,762,1.1350546176762661,0.18276172020769355,1.0,0.9230769230769231,0.07692307692307693,1.499676973186056e-14
1533,prot-private,12,10,2,8058,761,0.47220153884338545,-1.0825253517576907,0.27814822883872553,0.8333333333333334,0.16666666666666666,1.3486175434808079e-64
1534,dna-private,90,79,11,7989,752,0.6760204371920482,-0.5648612327143273,0.2532186239786295,0.8777777777777778,0.12222222222222222,6.137591276259506e-74
1535,dna-private,38,35,3,8033,760,1.1037802398439769,0.14245296337799762,1.0,0.9210526315789473,0.07894736842105263,1.499676973186056e-14
1536,dna-private,76,67,9,8001,754,0.7015511949895152,-0.5113797079879578,0.3035038546057554,0.881578947368421,0.11842105263157894,1.3486175434808079e-64
1538,shared,37,36,1,8032,762,3.4153386454183265,1.7720286349848624,0.37004759409297505,0.972972972972973,0.02702702702702703,1.3486175434808079e-64
1540,dna-private,19,16,3,8052,760,0.5033946017552575,-0.990238349311548,0.22277766157339868,0.8421052631578947,0.15789473684210525,6.137591276259506e-74
1542,prot-private,11,9,2,8059,761,0.424928651197419,-1.2347074729427345,0.24486416172403402,0.8181818181818182,0.18181818181818182,6.137591276259506e-74
1543,shared,17,16,1,8052,762,1.5141579731743666,0.5985157305719824,1.0,0.9411764705882353,0.058823529411764705,0.4071984462519146
1544,dna-private,180,166,14,7902,749,1.1238926853961022,0.1685042867704011,0.788835844044364,0.9222222222222223,0.07777777777777778,6.388400221161359e-26
1546,prot-private,245,236,9,7832,754,2.5244580637839067,1.3359737115844983,0.00360668447090622,0.963265306122449,0.036734693877551024,6.137591276259506e-74
1547,dna-private,16,13,3,8055,760,0.40885578315745913,-1.2903360478430472,0.15504769204284768,0.8125,0.1875,6.137591276259506e-74
1548,dna-private,52,49,3,8019,760,1.5479901899654986,0.6303963287607656,0.6227523848035943,0.9423076923076923,0.057692307692307696,6.388400221161359e-26
1549,dna-private,29,19,10,8049,753,0.17774878866939992,-2.492088366753526,9.567633020892243e-05,0.6551724137931034,0.3448275862068966,6.137591276259506e-74
1550,dead,23,21,2,8047,761,0.9929787498446626,-0.010165251073051074,1.0,0.9130434782608695,0.08695652173913043,0.521264801956407
1551,dna-private,218,214,4,7854,759,5.170168067226891,2.3702111791502163,4.1402217546729974e-05,0.981651376146789,0.01834862385321101,6.137591276259506e-74
1552,dna-private,45,36,9,8032,754,0.3754980079681275,-1.4131228406821077,0.013363569442770468,0.8,0.2,6.137591276259506e-74
1553,dna-private,91,81,10,7987,753,0.7636534368348566,-0.3890100356770952,0.44957056821535235,0.8901098901098901,0.10989010989010989,1.3486175434808079e-64
1554,dna-private,699,678,21,7390,742,3.241677943166441,1.6967407679448736,6.724845528408296e-10,0.9699570815450643,0.030042918454935622,6.137591276259506e-74
1555,prot-private,282,272,10,7796,753,2.627193432529502,1.3935224257770151,0.0010999466457765161,0.9645390070921985,0.03546099290780142,6.137591276259506e-74
1556,dna-private,110,99,11,7969,752,0.8492910026352114,-0.235669128711924,0.6066768300276508,0.9,0.1,6.388400221161359e-26
1557,dna-private,27,23,4,8045,759,0.5424798011187073,-0.8823586741383294,0.28746707582594033,0.8518518518518519,0.14814814814814814,1.3486175434808079e-64
1558,dna-private,64,57,7,8011,756,0.7684433903382849,-0.37998911146630326,0.49946852051664653,0.890625,0.109375,1.3486175434808079e-64
1560,dna-private,83,77,6,7991,757,1.215721853752138,0.2818131908591404,0.843935497974567,0.927710843373494,0.07228915662650602,1.499676973186056e-14
1561,dna-private,61,56,5,8012,758,1.0596105841238144,0.08353415952862589,1.0,0.9180327868852459,0.08196721311475409,0.521264801956407
1562,dead,31,29,2,8039,761,1.3726209727578056,0.4569333034066387,1.0,0.9354838709677419,0.06451612903225806,0.521264801956407
1563,dna-private,73,71,2,7997,761,3.3782043266224835,1.7562565904513359,0.08999664918085996,0.9726027397260274,0.0273972602739726,6.137591276259506e-74
1564,dna-private,47,36,11,8032,752,0.30641072075335024,-1.7064613194681195,0.001798508616836502,0.7659574468085106,0.23404255319148937,6.137591276259506e-74
1565,dna-private,35,34,1,8034,762,3.224794622852875,1.6892072826981948,0.3624586490896934,0.9714285714285714,0.02857142857142857,1.3486175434808079e-64
1566,dna-private,28,25,3,8043,760,0.787434207799743,-0.344768707319201,0.7304102003319707,0.8928571428571429,0.10714285714285714,6.388400221161359e-26
1567,prot-private,273,207,66,7861,697,0.2780874512842456,-1.8463894504489102,3.814305180859783e-15,0.7582417582417582,0.24175824175824176,6.137591276259506e-74
1568,prot-private,10,8,2,8060,761,0.37766749379652603,-1.4048114799117843,0.21174867571160536,0.8,0.2,6.137591276259506e-74
1569,dna-private,37,37,0,8031,763,7.129739152088651,2.8338492953406753,0.07162832242165393,1.0,0.0,6.137591276259506e-74
1570,dna-private,42,41,1,8027,762,3.8921141148623395,1.9605540098447405,0.2616948784456305,0.9761904761904762,0.023809523809523808,6.137591276259506e-74
1571,dna-private,49,44,5,8024,758,0.8313060817547357,-0.26654832869115413,0.6108372502750749,0.8979591836734694,0.10204081632653061,6.388400221161359e-26
1572,dna-private,154,144,10,7924,753,1.3683997980817768,0.45248979633739167,0.38797974727136986,0.935064935064935,0.06493506493506493,1.3486175434808079e-64
1573,dna-private,49,42,7,8026,756,0.5651632195365064,-0.8232605158377664,0.19312644224758901,0.8571428571428571,0.14285714285714285,6.137591276259506e-74
1575,shared,18,16,2,8052,761,0.7560854446100348,-0.40337881341779425,0.6651558352122813,0.8888888888888888,0.1111111111111111,6.388400221161359e-26
1576,dna-private,12,12,0,8056,763,2.369204989759821,1.2444030296948858,0.6160300460842021,1.0,0.0,6.388400221161359e-26
1577,shared,12,11,1,8057,762,1.0403375946382027,0.05705176594078467,1.0,0.9166666666666666,0.08333333333333333,0.521264801956407
1578,dna-private,70,59,11,8009,752,0.5036152510244157,-0.9896061219095895,0.05000602500999968,0.8428571428571429,0.15714285714285714,6.137591276259506e-74
1580,dna-private,48,43,5,8025,758,0.8123115264797508,-0.2998949789112005,0.6046146557937583,0.8958333333333334,0.10416666666666667,6.388400221161359e-26
1581,dna-private,154,148,6,7920,757,2.357659932659933,1.2373556399265533,0.02975911151826499,0.961038961038961,0.03896103896103896,6.137591276259506e-74
1582,dna-private,18,17,1,8051,762,1.6089926717177991,0.6861577552096091,1.0,0.9444444444444444,0.05555555555555555,1.499676973186056e-14
1583,dna-private,147,137,10,7931,753,1.300731307527424,0.3793229748669728,0.5524300147833763,0.9319727891156463,0.06802721088435375,6.388400221161359e-26
1584,dna-private,40,35,5,8033,758,0.6605253330013694,-0.5983142009480645,0.38935598611324007,0.875,0.125,1.3486175434808079e-64
1585,shared,17,14,3,8054,760,0.4403608972767155,-1.1832417272783582,0.17689465436516857,0.8235294117647058,0.17647058823529413,6.137591276259506e-74
1586,dna-private,12,10,2,8058,761,0.47220153884338545,-1.0825253517576907,0.27814822883872553,0.8333333333333334,0.16666666666666666,1.3486175434808079e-64
1587,dna-private,16,15,1,8053,762,1.4193468272693406,0.5052271650451089,1.0,0.9375,0.0625,1.499676973186056e-14
1588,dna-private,29,26,3,8042,760,0.8190334079416397,-0.2880057950494767,0.7354723604369783,0.896551724137931,0.10344827586206896,6.388400221161359e-26
1589,prot-private,79,70,9,7998,754,0.7332388652718735,-0.4476448370388109,0.4166503140031176,0.8860759493670886,0.11392405063291139,1.3486175434808079e-64
1590,dna-private,14,13,1,8055,762,1.2297951582867783,0.29841803204048295,1.0,0.9285714285714286,0.07142857142857142,1.499676973186056e-14
1591,dna-private,74,71,3,7997,760,2.2491767746238174,1.1693970545575822,0.21048405233081893,0.9594594594594594,0.04054054054054054,6.137591276259506e-74
1592,dead,22,22,0,8046,763,4.269868887093767,2.0941917703507418,0.25303447370103727,1.0,0.0,6.137591276259506e-74
1593,dna-private,85,81,4,7987,759,1.9243458119444097,0.9443680799538052,0.24481446236222099,0.9529411764705882,0.047058823529411764,6.137591276259506e-74
1594,dna-private,46,37,9,8031,754,0.38597656304044053,-1.373414846906632,0.015380420660242755,0.8043478260869565,0.1956521739130435,6.137591276259506e-74
1595,dna-private,45,40,5,8028,758,0.7553562531141006,-0.4047708631915255,0.5891647220141945,0.8888888888888888,0.1111111111111111,6.388400221161359e-26
1596,dna-private,26,20,6,8048,757,0.31353545394300864,-1.673299505653589,0.020956108383636048,0.7692307692307693,0.23076923076923078,6.137591276259506e-74
1597,dna-private,28,25,3,8043,760,0.787434207799743,-0.344768707319201,0.7304102003319707,0.8928571428571429,0.10714285714285714,6.388400221161359e-26
1598,prot-private,54,53,1,8015,762,5.038802245789145,2.3330808370146108,0.08615635555748988,0.9814814814814815,0.018518518518518517,6.137591276259506e-74
1599,shared,15,14,1,8054,762,1.3245592252296996,0.40551235260517215,1.0,0.9333333333333333,0.06666666666666667,1.499676973186056e-14
1600,dna-private,26,22,4,8046,759,0.5188292319164802,-0.9466683285728665,0.2775668458116302,0.8461538461538461,0.15384615384615385,6.137591276259506e-74
1601,dna-private,16,14,2,8054,761,0.6614104792649615,-0.5963821913846045,0.6433648787155277,0.875,0.125,6.388400221161359e-26
1602,dna-private,11,8,3,8060,760,0.25144747725392885,-1.9916710158055382,0.06272898865567579,0.7272727272727273,0.2727272727272727,6.137591276259506e-74
1605,dna-private,77,71,6,7997,757,1.120149222625151,0.16369093621236583,1.0,0.922077922077922,0.07792207792207792,1.499676973186056e-14
1606,prot-private,24,24,0,8044,763,4.650568711542047,2.2174071521673038,0.26199068748151555,1.0,0.0,6.137591276259506e-74
1607,dna-private,91,88,3,7980,760,2.7936507936507935,1.4821516951373808,0.08754924344418037,0.967032967032967,0.03296703296703297,6.137591276259506e-74
1609,dna-private,112,109,3,7959,760,3.4694475855425724,1.794705971436866,0.017324479682460793,0.9732142857142857,0.026785714285714284,6.137591276259506e-74
1610,dna-private,80,77,3,7991,760,2.441079547824636,1.2875193092043564,0.15809982949810447,0.9625,0.0375,6.137591276259506e-74
1611,prot-private,14,14,0,8054,763,2.748960208579055,1.4588860238748205,0.6261069302735234,1.0,0.0,6.388400221161359e-26
1613,prot-private,39,38,1,8030,762,3.605977584059776,1.8503904285322308,0.2534186687730674,0.9743589743589743,0.02564102564102564,6.137591276259506e-74
1614,dead,31,26,5,8042,758,0.49012683412086544,-1.028772959375539,0.18492513850854314,0.8387096774193549,0.16129032258064516,6.137591276259506e-74
1615,dna-private,87,61,26,8007,737,0.2159504664188066,-2.211227662346259,9.261145663217165e-09,0.7011494252873564,0.2988505747126437,6.137591276259506e-74
1616,dna-private,29,25,4,8043,759,0.589798582618426,-0.7617057395135263,0.31079880204109256,0.8620689655172413,0.13793103448275862,1.3486175434808079e-64
1617,dna-private,20,17,3,8051,760,0.5349231979464248,-0.9025963246739215,0.24653007314042663,0.85,0.15,6.137591276259506e-74
1618,dna-private,77,69,8,7999,755,0.8140861357669709,-0.2967466455193713,0.5402984407210344,0.8961038961038961,0.1038961038961039,6.388400221161359e-26
1619,dna-private,46,44,2,8024,761,2.086490528414756,1.0610783715286622,0.43094864261548504,0.9565217391304348,0.043478260869565216,1.3486175434808079e-64
1620,dna-private,196,162,34,7906,729,0.43934614068243033,-1.1865700738583913,8.204596009726866e-05,0.826530612244898,0.17346938775510204,6.137591276259506e-74
1621,dna-private,13,11,2,8057,761,0.5194861611021472,-0.9448427780489919,0.31132490475252955,0.8461538461538461,0.15384615384615385,1.3486175434808079e-64
1622,dna-private,61,53,8,8015,755,0.6240642545227698,-0.6802335162662699,0.24579488446630005,0.8688524590163934,0.13114754098360656,6.137591276259506e-74
1624,prot-private,23,22,1,8046,762,2.08351976137211,1.059022783504989,0.716472396975913,0.9565217391304348,0.043478260869565216,6.388400221161359e-26
1625,dna-private,410,365,45,7703,718,0.7560402152119665,-0.40346511871641955,0.08725035942216045,0.8902439024390244,0.10975609756097561,6.137591276259506e-74
1626,dna-private,17,15,2,8053,761,0.7087420836955172,-0.49666737894466767,0.6538307945337098,0.8823529411764706,0.11764705882352941,6.388400221161359e-26
1627,dna-private,18,14,4,8054,759,0.3298361062825925,-1.6001787594726835,0.06376998954225302,0.7777777777777778,0.2222222222222222,6.137591276259506e-74
1628,dna-private,36,25,11,8043,752,0.21249420727227517,-2.2345045818886526,0.00014931794905760986,0.6944444444444444,0.3055555555555556,6.137591276259506e-74
1629,dna-private,30,23,7,8045,756,0.30876320696084525,-1.6954272473903271,0.012212238797290944,0.7666666666666667,0.23333333333333334,6.137591276259506e-74
1630,prot-private,13,13,0,8055,763,2.5590590279932965,1.3556134253808918,0.6199739488311733,1.0,0.0,6.388400221161359e-26
1632,dna-private,65,61,4,8007,759,1.4455788684900712,0.53164732211523,0.6568589537646927,0.9384615384615385,0.06153846153846154,6.388400221161359e-26
1633,dna-private,134,125,9,7943,754,1.3184215311874887,0.39881170852861736,0.5349220219948305,0.9328358208955224,0.06716417910447761,6.388400221161359e-26
1634,dna-private,68,60,8,8008,755,0.7071053946053946,-0.5000028290150338,0.3808286579950215,0.8823529411764706,0.11764705882352941,1.3486175434808079e-64
1635,dna-private,22,15,7,8053,756,0.2011672668570719,-2.3135325202847445,0.001877327666110691,0.6818181818181818,0.3181818181818182,6.137591276259506e-74
1636,dna-private,66,52,14,8016,749,0.3470558882235529,-1.5267600886529693,0.0012717079360456758,0.7878787878787878,0.21212121212121213,6.137591276259506e-74
1637,dna-private,15,15,0,8053,763,2.9389085490780404,1.5552804669020328,0.6340216938892271,1.0,0.0,6.388400221161359e-26
1638,prot-private,32,29,3,8039,760,0.9138781772193888,-0.12992623248711502,0.7536237834637938,0.90625,0.09375,6.388400221161359e-26
1639,dna-private,62,58,4,8010,759,1.3739700374531836,0.458350543246966,0.8188517430519309,0.9354838709677419,0.06451612903225806,1.499676973186056e-14
1640,dna-private,33,25,8,8043,755,0.29334514484645036,-1.7693289807165513,0.005919127913832364,0.7575757575757576,0.24242424242424243,6.137591276259506e-74
1641,dna-private,61,54,7,8014,756,0.7277264786623409,-0.45853179010386097,0.36524814508200953,0.8852459016393442,0.11475409836065574,1.3486175434808079e-64
1642,dna-private,107,97,10,7971,753,0.9163342115167482,-0.1260542112399693,0.7295987359638114,0.9065420560747663,0.09345794392523364,6.388400221161359e-26
1643,dead,32,31,1,8037,762,2.939156401642404,1.555402131316662,0.5203953958732317,0.96875,0.03125,6.388400221161359e-26
1644,dna-private,33,27,6,8041,757,0.42364133814202215,-1.2390847231616906,0.0604842771490088,0.8181818181818182,0.18181818181818182,6.137591276259506e-74
1645,dead,17,16,1,8052,762,1.5141579731743666,0.5985157305719824,1.0,0.9411764705882353,0.058823529411764705,1.499676973186056e-14
1646,prot-private,20,15,5,8053,758,0.28237923755122313,-1.8242940791644837,0.024659972710545527,0.75,0.25,6.137591276259506e-74
1649,dna-private,66,60,6,8008,757,0.9453046953046953,-0.08114867396289954,0.8257513562879559,0.9090909090909091,0.09090909090909091,1.499676973186056e-14
1650,dna-private,12,11,1,8057,762,1.0403375946382027,0.05705176594078467,1.0,0.9166666666666666,0.08333333333333333,1.499676973186056e-14
1651,dna-private,215,202,13,7866,750,1.4815466760546852,0.567104079051035,0.21744242401078895,0.9395348837209302,0.06046511627906977,6.137591276259506e-74
1652,prot-private,27,27,0,8041,763,5.221973512404402,2.384595139837708,0.16501930565629472,1.0,0.0,6.137591276259506e-74
1653,dna-private,82,74,8,7994,755,0.873623967975982,-0.1949156575790559,0.6914613529675437,0.9024390243902439,0.0975609756097561,6.388400221161359e-26
1654,dna-private,28,25,3,8043,760,0.787434207799743,-0.344768707319201,0.7304102003319707,0.8928571428571429,0.10714285714285714,6.388400221161359e-26
1655,shared,26,24,2,8044,761,1.1352560914967678,0.1830177779193497,1.0,0.9230769230769231,0.07692307692307693,1.499676973186056e-14
1656,dna-private,18,15,3,8053,760,0.4718738358375761,-1.0835269148384212,0.19951958732975172,0.8333333333333334,0.16666666666666666,6.137591276259506e-74
1657,prot-private,94,92,2,7976,761,4.388916750250752,2.1338649051623624,0.0160518717646156,0.9787234042553191,0.02127659574468085,6.137591276259506e-74
1658,dna-private,70,70,0,7998,763,13.45921110208164,3.750521945216769,0.004042737560727433,1.0,0.0,6.137591276259506e-74
1659,prot-private,11,11,0,8057,763,2.179398076326404,1.1239297349069568,0.6147434751291604,1.0,0.0,6.388400221161359e-26
1661,dead,41,38,3,8030,760,1.198837691988377,0.2616363486487004,1.0,0.926829268292683,0.07317073170731707,1.499676973186056e-14
1662,dna-private,57,50,7,8018,756,0.6734846595160888,-0.5702830102125773,0.3380672986009499,0.8771929824561403,0.12280701754385964,1.3486175434808079e-64
1663,prot-private,333,321,12,7747,751,2.593165096166258,1.3747140595803666,0.00031576470185220646,0.963963963963964,0.036036036036036036,6.137591276259506e-74
1664,dna-private,49,46,3,8022,760,1.4526718191639658,0.5387088128522957,0.7970958400885375,0.9387755102040817,0.061224489795918366,6.388400221161359e-26
1665,dna-private,36,33,3,8035,760,1.0404480398257623,0.05720491840578896,1.0,0.9166666666666666,0.08333333333333333,1.499676973186056e-14
1666,dna-private,20,18,2,8050,761,0.850807453416149,-0.2330954229434839,0.689509959490357,0.9,0.1,6.388400221161359e-26
1667,dna-private,80,74,6,7994,757,1.1679176048703195,0.22393849747307845,0.8434094782601842,0.925,0.075,1.499676973186056e-14
1668,dna-private,51,48,3,8020,760,1.5162094763092269,0.6004690869886651,0.6226219697680933,0.9411764705882353,0.058823529411764705,6.388400221161359e-26
1669,dna-private,82,80,2,7988,761,3.8107160741111668,1.9300621209469353,0.045655111458199615,0.975609756097561,0.024390243902439025,6.137591276259506e-74
1670,dna-private,25,22,3,8046,760,0.692683735189328,-0.5297312963785412,0.4725039628434682,0.88,0.12,1.3486175434808079e-64
1671,dna-private,79,75,4,7993,759,1.7804641561366195,0.8322533920141092,0.31755537656104504,0.9493670886075949,0.05063291139240506,1.3486175434808079e-64
1672,dna-private,58,49,9,8019,754,0.5119230715938535,-0.9660010670226741,0.09332902648320371,0.8448275862068966,0.15517241379310345,6.137591276259506e-74
1673,dna-private,83,79,4,7989,759,1.876361246714232,0.9079376096607988,0.322085067854452,0.9518072289156626,0.04819277108433735,1.3486175434808079e-64
1674,prot-private,19,19,0,8049,763,3.699173861730542,1.8872031089403754,0.4020724346383381,1.0,0.0,1.3486175434808079e-64
1675,dna-private,21,18,3,8050,760,0.5664596273291925,-0.8199549588372377,0.42023358676848527,0.8571428571428571,0.14285714285714285,1.3486175434808079e-64
1676,dna-private,43,40,3,8028,760,1.2622487958810829,0.3359963011345369,1.0,0.9302325581395349,0.06976744186046512,1.499676973186056e-14
1677,dead,12,11,1,8057,762,1.0403375946382027,0.05705176594078467,1.0,0.9166666666666666,0.08333333333333333,1.499676973186056e-14
1678,dna-private,99,94,5,7974,758,1.7871081013293202,0.837626904964036,0.27754323451547713,0.9494949494949495,0.050505050505050504,6.137591276259506e-74
1679,dna-private,17,16,1,8052,762,1.5141579731743666,0.5985157305719824,1.0,0.9411764705882353,0.058823529411764705,1.499676973186056e-14
1680,dna-private,87,82,5,7986,758,1.5566240921612822,0.638420591268765,0.44262248489451633,0.9425287356321839,0.05747126436781609,1.3486175434808079e-64
1681,dna-private,89,85,4,7983,759,2.0203870725291244,1.014631715809792,0.18705362752386306,0.9550561797752809,0.0449438202247191,6.137591276259506e-74
1682,dna-private,16,13,3,8055,760,0.40885578315745913,-1.2903360478430472,0.15504769204284768,0.8125,0.1875,6.137591276259506e-74
1683,prot-private,51,51,0,8017,763,9.808606173994388,3.2940481406510607,0.02058082553585023,1.0,0.0,6.137591276259506e-74
1684,dna-private,120,61,59,8007,704,0.09090351027596616,-3.4595201840247802,1.3585044285799814e-31,0.5083333333333333,0.49166666666666664,6.137591276259506e-74
1685,prot-private,51,16,35,8052,728,0.041331346249379036,-4.59661983366761,5.44640011094928e-26,0.3137254901960784,0.6862745098039216,6.137591276259506e-74
1686,dna-private,34,32,2,8036,761,1.5151816824290691,0.5994907947702535,0.765131878985169,0.9411764705882353,0.058823529411764705,6.388400221161359e-26
1687,dna-private,42,39,3,8029,760,1.2305392950554241,0.299290728398611,1.0,0.9285714285714286,0.07142857142857142,8.510575869671689e-13
1688,dna-private,61,58,3,8010,760,1.8343736995422388,0.8752875754412913,0.4879568659629675,0.9508196721311475,0.04918032786885246,1.3486175434808079e-64
1689,prot-private,210,180,30,7888,733,0.5575557809330629,-0.8428119475229434,0.005811223188283686,0.8571428571428571,0.14285714285714285,6.137591276259506e-74
1690,dna-private,55,53,2,8015,761,2.5160948222083594,1.3311862930248344,0.23296433625348986,0.9636363636363636,0.03636363636363636,6.137591276259506e-74
1692,dna-private,29,26,3,8042,760,0.8190334079416397,-0.2880057950494767,0.7354723604369783,0.896551724137931,0.10344827586206896,6.388400221161359e-26
1693,shared,24,23,1,8045,762,2.1784959602237413,1.1233324379395262,0.7174205323835983,0.9583333333333334,0.041666666666666664,6.388400221161359e-26
1694,prot-private,11,10,1,8058,762,0.9456440804169769,-0.08063080776791416,1.0,0.9090909090909091,0.09090909090909091,8.510575869671689e-13
1695,dna-private,28,24,4,8044,759,0.5661362506215813,-0.8207787901687292,0.2985886706930741,0.8571428571428571,0.14285714285714285,1.3486175434808079e-64
1696,dna-private,67,61,6,8007,757,0.9611798010074518,-0.05712176403566085,0.8279833729393735,0.9104477611940298,0.08955223880597014,1.499676973186056e-14
1697,shared,10,10,0,8058,763,1.9896382701495317,0.9925061627800148,1.0,1.0,0.0,8.510575869671689e-13
1698,dna-private,188,184,4,7884,759,4.428462709284627,2.1468059704289932,0.0003348078676488992,0.9787234042553191,0.02127659574468085,6.137591276259506e-74
1699,dna-private,45,44,1,8024,762,4.178464606181455,2.0629729155184386,0.17885039981340076,0.9777777777777777,0.022222222222222223,6.137591276259506e-74
1700,dna-private,120,110,10,7958,753,1.0408394068861524,0.057747489615488055,1.0,0.9166666666666666,0.08333333333333333,8.510575869671689e-13
1701,dna-private,37,34,3,8034,760,1.0721101983237906,0.10045320281466442,1.0,0.918918918918919,0.08108108108108109,8.510575869671689e-13
1702,dna-private,10,8,2,8060,761,0.37766749379652603,-1.4048114799117843,0.21174867571160536,0.8,0.2,6.137591276259506e-74
1703,dna-private,13,12,1,8056,762,1.1350546176762661,0.18276172020769355,1.0,0.9230769230769231,0.07692307692307693,8.510575869671689e-13
1704,dna-private,42,42,0,8026,763,8.085404597271538,3.0153199686120344,0.047577918521787874,1.0,0.0,6.137591276259506e-74
1705,dna-private,38,35,3,8033,760,1.1037802398439769,0.14245296337799762,1.0,0.9210526315789473,0.07894736842105263,8.510575869671689e-13
1706,dna-private,66,61,5,8007,758,1.1549394280004996,0.20781718998349313,1.0,0.9242424242424242,0.07575757575757576,8.510575869671689e-13
1708,prot-private,74,64,10,8004,753,0.6020989505247376,-0.7319274921211754,0.14251823406357422,0.8648648648648649,0.13513513513513514,6.137591276259506e-74
1709,dna-private,197,166,31,7902,732,0.4960442844196243,-1.0114591717335786,0.0011346597614653323,0.8426395939086294,0.15736040609137056,6.137591276259506e-74
1710,dna-private,43,43,0,8025,763,8.276680580649181,3.049052281007182,0.04916019571442002,1.0,0.0,6.137591276259506e-74
1711,shared,29,28,1,8040,762,2.653731343283582,1.4080223234846352,0.5101863863798867,0.9655172413793104,0.034482758620689655,1.3486175434808079e-64
1712,dna-private,44,40,4,8028,759,0.945440956651719,-0.0809407310597884,0.7895081975499975,0.9090909090909091,0.09090909090909091,6.388400221161359e-26
1713,dna-private,47,45,2,8023,761,2.134176741867132,1.0936796579133503,0.4324542966864182,0.9574468085106383,0.0425531914893617,1.3486175434808079e-64
1715,dna-private,26,25,1,8043,762,2.36851920925028,1.2439853725643295,0.7222754442803372,0.9615384615384616,0.038461538461538464,6.388400221161359e-26
1716,dead,25,25,0,8043,763,4.840989618946976,2.2753020004764437,0.16333070103528635,1.0,0.0,6.137591276259506e-74
1717,shared,13,11,2,8057,761,0.5194861611021472,-0.9448427780489919,0.31132490475252955,0.8461538461538461,0.15384615384615385,1.3486175434808079e-64
1718,dna-private,75,73,2,7995,761,3.474233896185116,1.7966948840158683,0.06323959620380964,0.9733333333333334,0.02666666666666667,6.137591276259506e-74
1719,dna-private,19,10,9,8058,754,0.10396845095281432,-3.265782283434884,1.0691613679538597e-05,0.5263157894736842,0.47368421052631576,6.137591276259506e-74
1720,dna-private,147,145,2,7923,761,6.963587025116749,2.7998306466302307,0.00030133497811940665,0.9863945578231292,0.013605442176870748,6.137591276259506e-74
1721,dna-private,19,16,3,8052,760,0.5033946017552575,-0.990238349311548,0.22277766157339868,0.8421052631578947,0.15789473684210525,6.137591276259506e-74
1722,dna-private,11,9,2,8059,761,0.424928651197419,-1.2347074729427345,0.24486416172403402,0.8181818181818182,0.18181818181818182,6.137591276259506e-74
1723,dna-private,16,12,4,8056,759,0.2826464746772592,-1.8229293918701623,0.04347584763160735,0.75,0.25,6.137591276259506e-74
1724,dna-private,58,40,18,8028,745,0.20622266511653656,-2.277725192568043,9.65893143381986e-07,0.6896551724137931,0.3103448275862069,6.137591276259506e-74
1725,prot-private,50,43,7,8025,756,0.5786915887850468,-0.7891334200314613,0.1986707155330188,0.86,0.14,6.137591276259506e-74
1726,dna-private,33,29,4,8039,759,0.6845067794501803,-0.5468632646814404,0.526019630132248,0.8787878787878788,0.12121212121212122,6.388400221161359e-26
1727,shared,14,13,1,8055,762,1.2297951582867783,0.29841803204048295,1.0,0.9285714285714286,0.07142857142857142,1.499676973186056e-14
1728,dna-private,93,88,5,7980,758,1.6717794486215538,0.7413845308113184,0.3517650196080462,0.946236559139785,0.053763440860215055,1.3486175434808079e-64
1729,shared,18,16,2,8052,761,0.7560854446100348,-0.40337881341779425,0.6651558352122813,0.8888888888888888,0.1111111111111111,6.388400221161359e-26
1730,dna-private,106,94,12,7974,751,0.7377518602123568,-0.4387924415265777,0.29757123214727155,0.8867924528301887,0.11320754716981132,1.3486175434808079e-64
1732,dead,14,12,2,8056,761,0.5667825223435948,-0.8191328237820831,0.3441645340324851,0.8571428571428571,0.14285714285714285,1.3486175434808079e-64
1733,dna-private,12,11,1,8057,762,1.0403375946382027,0.05705176594078467,1.0,0.9166666666666666,0.08333333333333333,1.499676973186056e-14
1734,shared,55,53,2,8015,761,2.5160948222083594,1.3311862930248344,0.23296433625348986,0.9636363636363636,0.03636363636363636,6.137591276259506e-74
1735,dna-private,101,97,4,7971,759,2.309089198343997,1.2073239043909312,0.10736899965978436,0.9603960396039604,0.039603960396039604,6.137591276259506e-74
1736,dna-private,21,18,3,8050,760,0.5664596273291925,-0.8199549588372377,0.42023358676848527,0.8571428571428571,0.14285714285714285,1.3486175434808079e-64
1737,dna-private,28,21,7,8047,756,0.2818441655275258,-1.827030392413128,0.008260486769425156,0.75,0.25,6.137591276259506e-74
1739,prot-private,276,270,6,7798,757,4.368427802000513,2.1271141469177706,1.0356587901138257e-05,0.9782608695652174,0.021739130434782608,6.137591276259506e-74
1740,prot-private,38,33,5,8035,758,0.6226260112009957,-0.6835622459202733,0.3755053214500226,0.868421052631579,0.13157894736842105,1.3486175434808079e-64
1741,dna-private,101,95,6,7973,757,1.5033028136627786,0.5881356438298074,0.47346495643169106,0.9405940594059405,0.0594059405940594,1.3486175434808079e-64
1742,dead,21,18,3,8050,760,0.5664596273291925,-0.8199549588372377,0.42023358676848527,0.8571428571428571,0.14285714285714285,1.3486175434808079e-64
1743,dna-private,47,44,3,8024,760,1.3891658358258558,0.47421883563490835,0.7953470201404591,0.9361702127659575,0.06382978723404255,6.388400221161359e-26
1744,dna-private,42,38,4,8030,759,0.897945205479452,-0.15530068354562512,0.7813655501740419,0.9047619047619048,0.09523809523809523,6.388400221161359e-26
1745,dna-private,30,25,5,8043,758,0.4712172075096357,-1.0855358716452634,0.1780799653288134,0.8333333333333334,0.16666666666666666,6.137591276259506e-74
1746,prot-private,1347,1146,201,6922,562,0.4629065018737575,-1.1112072683665453,8.916998218944116e-17,0.8507795100222717,0.1492204899777283,6.137591276259506e-74
1747,prot-private,42,41,1,8027,762,3.8921141148623395,1.9605540098447405,0.2616948784456305,0.9761904761904762,0.023809523809523808,6.137591276259506e-74
1748,dna-private,12,10,2,8058,761,0.47220153884338545,-1.0825253517576907,0.27814822883872553,0.8333333333333334,0.16666666666666666,1.3486175434808079e-64
1749,prot-private,17,16,1,8052,762,1.5141579731743666,0.5985157305719824,1.0,0.9411764705882353,0.058823529411764705,1.499676973186056e-14
1751,dna-private,33,30,3,8038,760,0.9455088330430456,-0.08083715884043495,0.7604116415681585,0.9090909090909091,0.09090909090909091,6.388400221161359e-26
1752,shared,12,12,0,8056,763,2.369204989759821,1.2444030296948858,0.6160300460842021,1.0,0.0,6.388400221161359e-26
1753,prot-private,1886,1805,81,6263,682,2.426577410344508,1.2789228843093106,7.145951329280941e-16,0.957051961823966,0.04294803817603393,6.137591276259506e-74
1754,dna-private,14,12,2,8056,761,0.5667825223435948,-0.8191328237820831,0.3441645340324851,0.8571428571428571,0.14285714285714285,1.3486175434808079e-64
1755,dna-private,80,62,18,8006,745,0.32052349626668886,-1.6414979760934518,0.00012385585615899054,0.775,0.225,6.137591276259506e-74
1756,dna-private,17,15,2,8053,761,0.7087420836955172,-0.49666737894466767,0.6538307945337098,0.8823529411764706,0.11764705882352941,6.388400221161359e-26
1757,dna-private,14,12,2,8056,761,0.5667825223435948,-0.8191328237820831,0.3441645340324851,0.8571428571428571,0.14285714285714285,1.3486175434808079e-64
1758,dna-private,64,61,3,8007,760,1.9299779359726905,0.9485843543095553,0.3696849056344961,0.953125,0.046875,1.3486175434808079e-64
1759,dna-private,56,51,5,8017,758,0.964400648621679,-0.05229547364106991,0.8132229511731766,0.9107142857142857,0.08928571428571429,1.499676973186056e-14
1760,dead,47,44,3,8024,760,1.3891658358258558,0.47421883563490835,0.7953470201404591,0.9361702127659575,0.06382978723404255,6.388400221161359e-26
1761,dna-private,36,33,3,8035,760,1.0404480398257623,0.05720491840578896,1.0,0.9166666666666666,0.08333333333333333,0.00470690484633421
1762,prot-private,240,167,73,7901,690,0.19978397047018498,-2.3234872607604613,6.530732504186755e-23,0.6958333333333333,0.30416666666666664,6.137591276259506e-74
1763,dna-private,77,56,21,8012,742,0.2469628889998336,-2.0176338299130605,1.336022475478722e-06,0.7272727272727273,0.2727272727272727,6.137591276259506e-74
1764,dna-private,23,21,2,8047,761,0.9929787498446626,-0.010165251073051074,1.0,0.9130434782608695,0.08695652173913043,0.00470690484633421
1765,dna-private,10,10,0,8058,763,1.9896382701495317,0.9925061627800148,1.0,1.0,0.0,0.00470690484633421
1766,dna-private,25,22,3,8046,760,0.692683735189328,-0.5297312963785412,0.4725039628434682,0.88,0.12,1.3486175434808079e-64
1767,dna-private,164,162,2,7906,761,7.796736655704528,2.9628704065685563,0.00010406194988649133,0.9878048780487805,0.012195121951219513,6.137591276259506e-74
1768,dead,28,27,1,8041,762,2.5586369854495707,1.355375475067056,0.5093441065762562,0.9642857142857143,0.03571428571428571,1.3486175434808079e-64
1769,prot-private,17,17,0,8051,763,3.3189467801030865,1.7307254957322895,0.3917859073460155,1.0,0.0,1.3486175434808079e-64
1770,dna-private,55,49,6,8019,757,0.7709398511867648,-0.37530978958445066,0.47277276808572144,0.8909090909090909,0.10909090909090909,1.3486175434808079e-64
1772,dna-private,62,50,12,8018,751,0.3902677309387212,-1.3574639155829304,0.00968776809419537,0.8064516129032258,0.1935483870967742,6.137591276259506e-74
1773,shared,11,11,0,8057,763,2.179398076326404,1.1239297349069568,0.6147434751291604,1.0,0.0,6.388400221161359e-26
1774,dna-private,32,28,4,8040,759,0.6608208955223881,-0.5976687885932205,0.3527235621150381,0.875,0.125,1.3486175434808079e-64
1775,dna-private,29,25,4,8043,759,0.589798582618426,-0.7617057395135263,0.31079880204109256,0.8620689655172413,0.13793103448275862,1.3486175434808079e-64
1776,dna-private,344,313,31,7755,732,0.9530417420602733,-0.06938869109366762,0.7692044406863009,0.9098837209302325,0.09011627906976744,6.388400221161359e-26
1777,dna-private,56,52,4,8016,759,1.2309131736526946,0.29972900036135003,1.0,0.9285714285714286,0.07142857142857142,0.00470690484633421
1778,dna-private,106,101,5,7967,758,1.9218777457010168,0.9425165664547708,0.16629687651954295,0.9528301886792453,0.04716981132075472,6.137591276259506e-74
1779,prot-private,16,15,1,8053,762,1.4193468272693406,0.5052271650451089,1.0,0.9375,0.0625,1.499676973186056e-14
1780,dna-private,17,15,2,8053,761,0.7087420836955172,-0.49666737894466767,0.6538307945337098,0.8823529411764706,0.11764705882352941,6.388400221161359e-26
1781,prot-private,14,14,0,8054,763,2.748960208579055,1.4588860238748205,0.6261069302735234,1.0,0.0,6.388400221161359e-26
1782,prot-private,103,85,18,7983,745,0.44069341795760436,-1.1821527456984628,0.0038354948243529627,0.8252427184466019,0.17475728155339806,6.137591276259506e-74
1784,dna-private,43,37,6,8031,757,0.5812684182127589,-0.7827235694684087,0.2664842551043347,0.8604651162790697,0.13953488372093023,6.137591276259506e-74
1785,dna-private,13,11,2,8057,761,0.5194861611021472,-0.9448427780489919,0.31132490475252955,0.8461538461538461,0.15384615384615385,1.3486175434808079e-64
1788,dna-private,11,10,1,8058,762,0.9456440804169769,-0.08063080776791416,1.0,0.9090909090909091,0.09090909090909091,0.00470690484633421
1789,shared,17,16,1,8052,762,1.5141579731743666,0.5985157305719824,1.0,0.9411764705882353,0.058823529411764705,0.00470690484633421
1790,prot-private,37,31,6,8037,757,0.48664509974700343,-1.0390580669120846,0.13025347875770235,0.8378378378378378,0.16216216216216217,6.137591276259506e-74
1791,dna-private,74,62,12,8006,751,0.48465734032808727,-1.0449629932075477,0.03366401842800495,0.8378378378378378,0.16216216216216217,6.137591276259506e-74
1792,dna-private,19,17,2,8051,761,0.8034405663892684,-0.3157367887801676,0.677113499984792,0.8947368421052632,0.10526315789473684,6.388400221161359e-26
1793,prot-private,16,15,1,8053,762,1.4193468272693406,0.5052271650451089,1.0,0.9375,0.0625,8.510575869671689e-13
1794,dna-private,30,29,1,8039,762,2.7488493593730565,1.4588278473964156,0.5123772522077924,0.9666666666666667,0.03333333333333333,1.3486175434808079e-64
1795,dna-private,81,70,11,7998,752,0.5983314010320762,-0.7409833158248229,0.11226765563831263,0.8641975308641975,0.13580246913580246,6.137591276259506e-74
1796,dna-private,83,79,4,7989,759,1.876361246714232,0.9079376096607988,0.322085067854452,0.9518072289156626,0.04819277108433735,1.3486175434808079e-64
1797,shared,20,17,3,8051,760,0.5349231979464248,-0.9025963246739215,0.24653007314042663,0.85,0.15,6.137591276259506e-74
1798,dna-private,33,30,3,8038,760,0.9455088330430456,-0.08083715884043495,0.7604116415681585,0.9090909090909091,0.09090909090909091,6.388400221161359e-26
1799,dead,28,26,2,8042,761,1.2301666252176076,0.29885374084427707,1.0,0.9285714285714286,0.07142857142857142,8.510575869671689e-13
1800,dna-private,31,30,1,8038,762,2.8439910425478976,1.5079169210430954,0.5158143009548789,0.967741935483871,0.03225806451612903,1.3486175434808079e-64
1801,prot-private,634,599,35,7469,728,1.668121569152497,0.7382244331604866,0.0026008850083229324,0.944794952681388,0.055205047318611984,6.137591276259506e-74
1802,prot-private,15,15,0,8053,763,2.9389085490780404,1.5552804669020328,0.6340216938892271,1.0,0.0,6.388400221161359e-26
1803,shared,28,28,0,8040,763,5.412536533797649,2.436304857844131,0.16804864765234273,1.0,0.0,6.137591276259506e-74
1805,dna-private,185,167,18,7901,745,0.8748189399372794,-0.19294363963876388,0.5957642933246433,0.9027027027027027,0.0972972972972973,6.388400221161359e-26
1806,dna-private,35,29,6,8039,757,0.45513538168097195,-1.1356323508323312,0.11876717028896247,0.8285714285714286,0.17142857142857143,6.137591276259506e-74
1808,dna-private,36,28,8,8040,755,0.32866915422885573,-1.6052920297962456,0.01024865593509701,0.7777777777777778,0.2222222222222222,6.137591276259506e-74
1809,dna-private,87,84,3,7984,760,2.6653306613226455,1.4143145250512916,0.08547118192088624,0.9655172413793104,0.034482758620689655,6.137591276259506e-74
1810,dna-private,15,15,0,8053,763,2.9389085490780404,1.5552804669020328,0.6340216938892271,1.0,0.0,6.388400221161359e-26
1811,dna-private,53,52,1,8016,762,4.9431137724550895,2.3054201124392057,0.08570192744399394,0.9811320754716981,0.018867924528301886,6.137591276259506e-74
1812,prot-private,54,51,3,8017,760,1.6115754022701758,0.6884716906849924,0.6248836820460282,0.9444444444444444,0.05555555555555555,6.388400221161359e-26
1813,dna-private,38,37,1,8031,762,3.5106462457975347,1.811736628760338,0.2528650305028388,0.9736842105263158,0.02631578947368421,6.137591276259506e-74
1814,dna-private,117,109,8,7959,755,1.2924833521799222,0.3701456980395157,0.6186858084432021,0.9316239316239316,0.06837606837606838,6.388400221161359e-26
1815,dna-private,89,82,7,7986,756,1.1089406461307287,0.14918215014850422,1.0,0.9213483146067416,0.07865168539325842,8.510575869671689e-13
1816,dna-private,75,62,13,8006,750,0.44678029939084146,-1.1623625227585122,0.012389928372426279,0.8266666666666667,0.17333333333333334,6.137591276259506e-74
1817,prot-private,93,75,18,7993,745,0.3883606489011218,-1.3645310694941455,0.0010866474203802801,0.8064516129032258,0.1935483870967742,6.137591276259506e-74
1818,dna-private,30,29,1,8039,762,2.7488493593730565,1.4588278473964156,0.5123772522077924,0.9666666666666667,0.03333333333333333,1.3486175434808079e-64
1819,dna-private,23,16,7,8052,756,0.21460506706408347,-2.220243954757871,0.002500366431321196,0.6956521739130435,0.30434782608695654,6.137591276259506e-74
1820,dna-private,13,9,4,8059,759,0.21190594366546717,-2.2385040410308137,0.021001542276485385,0.6923076923076923,0.3076923076923077,6.137591276259506e-74
1821,dna-private,23,20,3,8048,760,0.629555997349238,-0.667593387308373,0.4442764268572269,0.8695652173913043,0.13043478260869565,1.3486175434808079e-64
1822,dna-private,123,114,9,7954,754,1.200737574386053,0.2639208791858822,0.7462289737681167,0.926829268292683,0.07317073170731707,6.388400221161359e-26
1825,dna-private,15,13,2,8055,761,0.614090626939789,-0.7034765119492934,0.37647785138890716,0.8666666666666667,0.13333333333333333,1.3486175434808079e-64
1827,dna-private,30,29,1,8039,762,2.7488493593730565,1.4588278473964156,0.5123772522077924,0.9666666666666667,0.03333333333333333,1.3486175434808079e-64
1828,dna-private,527,490,37,7578,726,1.2687509362093685,0.34340888686066307,0.2002435103143509,0.9297912713472486,0.07020872865275142,6.137591276259506e-74
1829,prot-private,15,14,1,8054,762,1.3245592252296996,0.40551235260517215,1.0,0.9333333333333333,0.06666666666666667,1.499676973186056e-14
1830,dna-private,52,47,5,8021,758,0.8883181648173545,-0.17085160232914326,0.8023241620725681,0.9038461538461539,0.09615384615384616,1.499676973186056e-14
1831,prot-private,36,15,21,8053,742,0.06581398236681982,-3.92546206860617,5.708989078021978e-14,0.4166666666666667,0.5833333333333334,6.137591276259506e-74
1832,prot-private,16,13,3,8055,760,0.40885578315745913,-1.2903360478430472,0.15504769204284768,0.8125,0.1875,6.137591276259506e-74
1833,dead,21,21,0,8047,763,4.079589934762349,2.028424145133909,0.25142759190310204,1.0,0.0,6.137591276259506e-74
1834,dna-private,29,28,1,8040,762,2.653731343283582,1.4080223234846352,0.5101863863798867,0.9655172413793104,0.034482758620689655,1.3486175434808079e-64
1835,dead,26,25,1,8043,762,2.36851920925028,1.2439853725643295,0.7222754442803372,0.9615384615384616,0.038461538461538464,6.388400221161359e-26
1836,prot-private,100,81,19,7987,744,0.39711900258973465,-1.332356697797215,0.0009168657620993912,0.81,0.19,6.137591276259506e-74
1837,prot-private,2766,2727,39,5341,724,9.478432445667046,3.244648484244086,1.6588084530431097e-77,0.9859002169197397,0.014099783080260303,6.137591276259506e-74
1838,dead,29,26,3,8042,760,0.8190334079416397,-0.2880057950494767,0.7354723604369783,0.896551724137931,0.10344827586206896,6.388400221161359e-26
1839,dna-private,26,22,4,8046,759,0.5188292319164802,-0.9466683285728665,0.2775668458116302,0.8461538461538461,0.15384615384615385,6.137591276259506e-74
1840,prot-private,24,20,4,8048,759,0.47154572564612324,-1.0845304195026986,0.14800296197823892,0.8333333333333334,0.16666666666666666,6.137591276259506e-74
1842,dna-private,46,43,3,8025,760,1.3574247144340603,0.4408721854148619,0.7950578534474642,0.9347826086956522,0.06521739130434782,6.388400221161359e-26
1843,dna-private,43,41,2,8027,761,1.943503176778373,0.9586594658549641,0.582055335925062,0.9534883720930233,0.046511627906976744,6.388400221161359e-26
1846,dna-private,79,77,2,7991,761,3.6664372418971345,1.8743788450981103,0.06578767375117439,0.9746835443037974,0.02531645569620253,6.137591276259506e-74
1847,dna-private,69,61,8,8007,755,0.7189802672661422,-0.47597591908779496,0.38515438168687777,0.8840579710144928,0.11594202898550725,1.3486175434808079e-64
1848,dna-private,99,89,10,7979,753,0.8399172828675272,-0.2516808401779342,0.5877381455508467,0.898989898989899,0.10101010101010101,6.388400221161359e-26
1849,dna-private,57,48,9,8020,754,0.5014131338320864,-0.9959283087947747,0.09075130521348701,0.8421052631578947,0.15789473684210525,6.137591276259506e-74
1850,dna-private,40,32,8,8036,755,0.3758088601294176,-1.4119290145208507,0.019194549275229046,0.8,0.2,6.137591276259506e-74
1851,dna-private,30,26,4,8042,759,0.6134667993036558,-0.7049428272438021,0.3239706779083888,0.8666666666666667,0.13333333333333333,1.3486175434808079e-64
1852,dna-private,34,31,3,8037,760,0.9771473601260835,-0.033351948566868406,1.0,0.9117647058823529,0.08823529411764706,1.499676973186056e-14
1853,prot-private,112,83,29,7985,734,0.2630881178070952,-1.9263820032360297,4.665674970694615e-08,0.7410714285714286,0.25892857142857145,6.137591276259506e-74
1854,prot-private,123,119,4,7949,759,2.8406403321172475,1.5062161761528878,0.03357246716798427,0.967479674796748,0.032520325203252036,6.137591276259506e-74
1855,prot-private,43,32,11,8036,752,0.2722295126476311,-1.8771046156929518,0.0008167342294088392,0.7441860465116279,0.2558139534883721,6.137591276259506e-74
1856,prot-private,156,126,30,7942,733,0.3876353563334173,-1.3672279294992584,3.274822235689596e-05,0.8076923076923077,0.19230769230769232,6.137591276259506e-74
1857,dna-private,59,56,3,8012,760,1.7706773173572974,0.8243013238546881,0.4833287820344563,0.9491525423728814,0.05084745762711865,1.3486175434808079e-64
1858,dna-private,175,159,16,7909,747,0.9385905297762043,-0.09143219100300266,0.7854918920260089,0.9085714285714286,0.09142857142857143,6.388400221161359e-26
1859,dna-private,76,56,20,8012,743,0.2596605092361458,-1.9453014781038696,4.355542364710476e-06,0.7368421052631579,0.2631578947368421,6.137591276259506e-74
1860,prot-private,63,59,4,8009,759,1.3978336871020103,0.4831927204655367,0.6558285694653705,0.9365079365079365,0.06349206349206349,6.388400221161359e-26
1861,dna-private,102,96,6,7972,757,1.5193176116407425,0.6034234951466736,0.3791693087780589,0.9411764705882353,0.058823529411764705,1.3486175434808079e-64
1862,prot-private,742,737,5,7331,758,15.24064929750375,3.929852462176242,1.1911052107878908e-23,0.9932614555256065,0.006738544474393531,6.137591276259506e-74
1864,dna-private,43,39,4,8029,759,0.9216901233030266,-0.11764630379571438,0.7852915920495436,0.9069767441860465,0.09302325581395349,6.388400221161359e-26
1865,dna-private,43,36,7,8032,756,0.48406374501992033,-1.0467310503449911,0.09378022069229547,0.8372093023255814,0.16279069767441862,6.137591276259506e-74
1866,prot-private,43,41,2,8027,761,1.943503176778373,0.9586594658549641,0.582055335925062,0.9534883720930233,0.046511627906976744,6.388400221161359e-26
1867,dna-private,57,54,3,8014,760,1.7070127277264786,0.7714738153424622,0.4814145085434018,0.9473684210526315,0.05263157894736842,1.3486175434808079e-64
1868,dna-private,72,66,6,8002,757,1.040614846288428,0.05743619527742707,1.0,0.9166666666666666,0.08333333333333333,1.499676973186056e-14
1869,shared,15,9,6,8059,757,0.1408983744881499,-2.8272731271817046,0.0010331837664044512,0.6,0.4,6.137591276259506e-74
1870,dna-private,30,26,4,8042,759,0.6134667993036558,-0.7049428272438021,0.3239706779083888,0.8666666666666667,0.13333333333333333,1.3486175434808079e-64
1871,shared,63,60,3,8008,760,1.898101898101898,0.9245574443823166,0.3685680573327895,0.9523809523809523,0.047619047619047616,1.3486175434808079e-64
1872,prot-private,888,811,77,7257,686,0.9956280456487153,-0.006321225005897211,0.9498298739455165,0.9132882882882883,0.08671171171171171,1.499676973186056e-14
1874,prot-private,10,9,1,8059,762,0.8509740662613228,-0.2328129289529579,0.59509736615207,0.9,0.1,6.388400221161359e-26
1875,prot-private,10,6,4,8062,759,0.14121806003473084,-2.824003491714457,0.007601667583545369,0.6,0.4,6.137591276259506e-74
1876,dna-private,17,15,2,8053,761,0.7087420836955172,-0.49666737894466767,0.6538307945337098,0.8823529411764706,0.11764705882352941,6.388400221161359e-26
1877,dna-private,115,109,6,7959,757,1.7278761988524522,0.7889998530916499,0.24079578721254732,0.9478260869565217,0.05217391304347826,6.137591276259506e-74
1878,prot-private,111,91,20,7977,743,0.42379967406293095,-1.2385456167288935,0.0016662179124478206,0.8198198198198198,0.18018018018018017,6.137591276259506e-74
1879,dna-private,27,17,10,8051,753,0.15899888212644392,-2.6529114724991474,4.7269276037530105e-05,0.6296296296296297,0.37037037037037035,6.137591276259506e-74
1880,dna-private,51,47,4,8021,759,1.1118626106470515,0.15297852980259363,1.0,0.9215686274509803,0.0784313725490196,1.499676973186056e-14
1881,dna-private,38,30,8,8038,755,0.3522331425727793,-1.5053974322377852,0.014215028816340472,0.7894736842105263,0.21052631578947367,6.137591276259506e-74
1882,prot-private,11,11,0,8057,763,2.179398076326404,1.1239297349069568,0.6147434751291604,1.0,0.0,6.388400221161359e-26
1885,dna-private,25,20,5,8048,758,0.37673956262425445,-1.4083605516344355,0.05921837402854664,0.8,0.2,6.137591276259506e-74
1886,dna-private,17,15,2,8053,761,0.7087420836955172,-0.49666737894466767,0.6538307945337098,0.8823529411764706,0.11764705882352941,6.388400221161359e-26
1887,dna-private,29,23,6,8045,757,0.3607002278848146,-1.4711277602892203,0.03469919040833027,0.7931034482758621,0.20689655172413793,6.137591276259506e-74
1888,dna-private,12,10,2,8058,761,0.47220153884338545,-1.0825253517576907,0.27814822883872553,0.8333333333333334,0.16666666666666666,1.3486175434808079e-64
1889,dead,21,19,2,8049,761,0.8981861100757859,-0.15491368303454628,0.7021801097644735,0.9047619047619048,0.09523809523809523,6.388400221161359e-26
1890,dna-private,43,39,4,8029,759,0.9216901233030266,-0.11764630379571438,0.7852915920495436,0.9069767441860465,0.09302325581395349,6.388400221161359e-26
1891,dna-private,10,9,1,8059,762,0.8509740662613228,-0.2328129289529579,0.59509736615207,0.9,0.1,6.388400221161359e-26
1892,dna-private,67,52,15,8016,748,0.3234863606121091,-1.628223210774998,0.00047250823390907213,0.7761194029850746,0.22388059701492538,6.137591276259506e-74
1893,dna-private,24,23,1,8045,762,2.1784959602237413,1.1233324379395262,0.7174205323835983,0.9583333333333334,0.041666666666666664,6.388400221161359e-26
1894,dna-private,44,42,2,8026,761,1.9911537503114876,0.9936046255023103,0.5852566852075065,0.9545454545454546,0.045454545454545456,6.388400221161359e-26
1895,dead,44,40,4,8028,759,0.945440956651719,-0.0809407310597884,0.7895081975499975,0.9090909090909091,0.09090909090909091,6.388400221161359e-26
1896,dna-private,31,28,3,8040,760,0.8822553897180763,-0.18073175639889522,0.7471571356606916,0.9032258064516129,0.0967741935483871,6.388400221161359e-26
1897,dead,21,19,2,8049,761,0.8981861100757859,-0.15491368303454628,0.7021801097644735,0.9047619047619048,0.09523809523809523,6.388400221161359e-26
1898,dna-private,308,279,29,7789,734,0.906610117716851,-0.1414458331798152,0.6055922686718981,0.9058441558441559,0.09415584415584416,6.388400221161359e-26
1899,prot-private,39,19,20,8049,743,0.08769412349360169,-3.511376020886858,6.0083589103108296e-12,0.48717948717948717,0.5128205128205128,6.137591276259506e-74
1900,dna-private,13,11,2,8057,761,0.5194861611021472,-0.9448427780489919,0.31132490475252955,0.8461538461538461,0.15384615384615385,1.3486175434808079e-64
1901,dna-private,18,17,1,8051,762,1.6089926717177991,0.6861577552096091,1.0,0.9444444444444444,0.05555555555555555,1.499676973186056e-14
1902,dna-private,19,14,5,8054,758,0.2635212316861187,-1.9240088916044207,0.019870482712073607,0.7368421052631579,0.2631578947368421,6.137591276259506e-74
1903,dna-private,30,27,3,8041,760,0.8506404676035318,-0.2333786048164745,0.741081562259439,0.9,0.1,6.388400221161359e-26
1904,dna-private,11,9,2,8059,761,0.424928651197419,-1.2347074729427345,0.24486416172403402,0.8181818181818182,0.18181818181818182,6.137591276259506e-74
1905,shared,51,43,8,8025,755,0.5056853582554517,-0.9836880879824887,0.07918697580209162,0.8431372549019608,0.1568627450980392,6.137591276259506e-74
1906,prot-private,28,27,1,8041,762,2.5586369854495707,1.355375475067056,0.5093441065762562,0.9642857142857143,0.03571428571428571,1.3486175434808079e-64
1908,prot-private,30,30,0,8038,763,5.793804814331032,2.5345110829272883,0.10648958059562064,1.0,0.0,6.137591276259506e-74
1909,dna-private,21,21,0,8047,763,4.079589934762349,2.028424145133909,0.25142759190310204,1.0,0.0,6.137591276259506e-74
1910,dna-private,53,46,7,8022,756,0.6192969334330591,-0.6912967925940274,0.2194947463373195,0.8679245283018868,0.1320754716981132,6.137591276259506e-74
1911,dna-private,44,34,10,8034,753,0.3186706497386109,-1.6498619450105614,0.003612651544815319,0.7727272727272727,0.22727272727272727,6.137591276259506e-74
1912,shared,30,28,2,8040,761,1.3251243781094528,0.4061277794948587,1.0,0.9333333333333333,0.06666666666666667,1.499676973186056e-14
1913,dna-private,98,89,9,7979,754,0.934480789851137,-0.09776308813614797,0.8556881302560527,0.9081632653061225,0.09183673469387756,1.499676973186056e-14
1914,dna-private,354,342,12,7726,751,2.7703209940460782,1.4700531494470823,9.782916490182862e-05,0.9661016949152542,0.03389830508474576,6.137591276259506e-74
1916,dna-private,75,72,3,7996,760,2.2811405702851424,1.1897553523074762,0.21177355882808813,0.96,0.04,6.137591276259506e-74
1917,dna-private,51,48,3,8020,760,1.5162094763092269,0.6004690869886651,0.6226219697680933,0.9411764705882353,0.058823529411764705,6.388400221161359e-26
1918,dna-private,16,13,3,8055,760,0.40885578315745913,-1.2903360478430472,0.15504769204284768,0.8125,0.1875,6.137591276259506e-74
1919,dna-private,78,71,7,7997,756,0.9588595723396274,-0.06060855088874098,0.8397622399026872,0.9102564102564102,0.08974358974358974,1.499676973186056e-14
1920,prot-private,225,218,7,7850,756,2.999235668789809,1.5845948882740433,0.0015637611537466225,0.9688888888888889,0.03111111111111111,6.137591276259506e-74
1921,dna-private,88,86,2,7982,761,4.099599097970433,2.035482834694372,0.033050067132208386,0.9772727272727273,0.022727272727272728,6.137591276259506e-74
1922,shared,24,23,1,8045,762,2.1784959602237413,1.1233324379395262,0.7174205323835983,0.9583333333333334,0.041666666666666664,6.388400221161359e-26
1923,dna-private,30,29,1,8039,762,2.7488493593730565,1.4588278473964156,0.5123772522077924,0.9666666666666667,0.03333333333333333,1.3486175434808079e-64
1924,prot-private,43,37,6,8031,757,0.5812684182127589,-0.7827235694684087,0.2664842551043347,0.8604651162790697,0.13953488372093023,6.137591276259506e-74
1925,prot-private,185,154,31,7914,732,0.4594878818264081,-1.1219012813806322,0.00029164768737033163,0.8324324324324325,0.16756756756756758,6.137591276259506e-74
1926,dna-private,107,100,7,7968,756,1.355421686746988,0.43874175987011227,0.6016865357056518,0.9345794392523364,0.06542056074766354,6.388400221161359e-26
1927,prot-private,20,11,9,8057,754,0.11437949057410396,-3.128099709726185,1.795581251379076e-05,0.55,0.45,6.137591276259506e-74
1928,dna-private,27,24,3,8044,760,0.7558428642466435,-0.40384175797440397,0.5034960913993611,0.8888888888888888,0.1111111111111111,1.3486175434808079e-64
1929,dna-private,49,46,3,8022,760,1.4526718191639658,0.5387088128522957,0.7970958400885375,0.9387755102040817,0.061224489795918366,6.388400221161359e-26
1930,dna-private,35,32,3,8036,760,1.0087937614070017,0.012631258876499603,1.0,0.9142857142857143,0.08571428571428572,1.499676973186056e-14
1931,dna-private,34,31,3,8037,760,0.9771473601260835,-0.033351948566868406,1.0,0.9117647058823529,0.08823529411764706,1.499676973186056e-14
1932,dna-private,226,208,18,7860,745,1.0952784845914616,0.1312977349023348,0.8106672329200657,0.9203539823008849,0.07964601769911504,1.499676973186056e-14
1933,dna-private,18,14,4,8054,759,0.3298361062825925,-1.6001787594726835,0.06376998954225302,0.7777777777777778,0.2222222222222222,6.137591276259506e-74
1934,dna-private,68,59,9,8009,754,0.6171667984628404,-0.6962676431235778,0.18861795272647697,0.8676470588235294,0.1323529411764706,6.137591276259506e-74
1935,prot-private,96,86,10,7982,753,0.8113004259584065,-0.3016918490246077,0.4679556116301472,0.8958333333333334,0.10416666666666667,1.3486175434808079e-64
1936,dna-private,32,26,6,8042,757,0.4079001906656719,-1.2937119133946928,0.05320593297080169,0.8125,0.1875,6.137591276259506e-74
1937,dna-private,24,23,1,8045,762,2.1784959602237413,1.1233324379395262,0.7174205323835983,0.9583333333333334,0.041666666666666664,6.388400221161359e-26
1938,shared,18,18,0,8050,763,3.509036705794671,1.8110750389315806,0.39580838671128105,1.0,0.0,1.3486175434808079e-64
1940,shared,26,24,2,8044,761,1.1352560914967678,0.1830177779193497,1.0,0.9230769230769231,0.07692307692307693,1.499676973186056e-14
1941,dead,13,13,0,8055,763,2.5590590279932965,1.3556134253808918,0.6199739488311733,1.0,0.0,6.388400221161359e-26
1942,prot-private,435,423,12,7645,751,3.462753433616743,1.7919196636648984,6.745094506474625e-07,0.9724137931034482,0.027586206896551724,6.137591276259506e-74
1943,shared,12,11,1,8057,762,1.0403375946382027,0.05705176594078467,1.0,0.9166666666666666,0.08333333333333333,1.499676973186056e-14
1944,dna-private,59,53,6,8015,757,0.834289873154502,-0.26137936121413574,0.6397721118409453,0.8983050847457628,0.1016949152542373,6.388400221161359e-26
1945,dna-private,36,35,1,8033,762,3.3200547740570148,1.731207043261528,0.3656725407212863,0.9722222222222222,0.027777777777777776,1.3486175434808079e-64
1946,prot-private,13,13,0,8055,763,2.5590590279932965,1.3556134253808918,0.6199739488311733,1.0,0.0,6.388400221161359e-26
1947,dna-private,235,231,4,7837,759,5.592988388413934,2.4836193351518463,9.762909712875326e-06,0.9829787234042553,0.01702127659574468,6.137591276259506e-74
1948,dead,70,67,3,8001,760,2.1214014914802317,1.0850176877954818,0.28164500143638416,0.9571428571428572,0.04285714285714286,1.3486175434808079e-64
1949,dna-private,20,18,2,8050,761,0.850807453416149,-0.2330954229434839,0.689509959490357,0.9,0.1,6.388400221161359e-26
1950,dna-private,13,11,2,8057,761,0.5194861611021472,-0.9448427780489919,0.31132490475252955,0.8461538461538461,0.15384615384615385,1.3486175434808079e-64
1951,dna-private,52,45,7,8023,756,0.6057584444721426,-0.7231854834267266,0.2118898369389518,0.8653846153846154,0.1346153846153846,6.137591276259506e-74
1952,dna-private,96,88,8,7980,755,1.0407268170426065,0.05759142174003036,1.0,0.9166666666666666,0.08333333333333333,1.499676973186056e-14
1954,prot-private,65,61,4,8007,759,1.4455788684900712,0.53164732211523,0.6568589537646927,0.9384615384615385,0.06153846153846154,6.388400221161359e-26
1955,shared,29,23,6,8045,757,0.3607002278848146,-1.4711277602892203,0.03469919040833027,0.7931034482758621,0.20689655172413793,6.137591276259506e-74
1956,prot-private,307,302,5,7766,758,5.895338655678599,2.5595746907003307,2.3770598731938852e-07,0.9837133550488599,0.016286644951140065,6.137591276259506e-74
1957,prot-private,28,27,1,8041,762,2.5586369854495707,1.355375475067056,0.5093441065762562,0.9642857142857143,0.03571428571428571,1.3486175434808079e-64
1958,dna-private,21,18,3,8050,760,0.5664596273291925,-0.8199549588372377,0.42023358676848527,0.8571428571428571,0.14285714285714285,1.3486175434808079e-64
1959,dna-private,37,32,5,8036,758,0.603683424589348,-0.7281359054495624,0.24680288050724591,0.8648648648648649,0.13513513513513514,6.137591276259506e-74
1960,dna-private,17,13,4,8055,759,0.3062383612662942,-1.7072730800373728,0.053095201205350134,0.7647058823529411,0.23529411764705882,6.137591276259506e-74
1961,dna-private,20,19,1,8049,762,1.798732761833768,0.8469808609552302,1.0,0.95,0.05,1.499676973186056e-14
1962,dna-private,57,46,11,8022,752,0.3920128736882664,-1.351027061717156,0.008634421048008333,0.8070175438596491,0.19298245614035087,6.137591276259506e-74
1963,dna-private,13,10,3,8058,760,0.31438735831885495,-1.6693848876514445,0.09567651131280328,0.7692307692307693,0.23076923076923078,6.137591276259506e-74
1964,dead,34,31,3,8037,760,0.9771473601260835,-0.033351948566868406,1.0,0.9117647058823529,0.08823529411764706,1.499676973186056e-14
1966,dna-private,118,117,1,7951,762,11.212929191296693,3.487091302355639,0.00042691345528136405,0.9915254237288136,0.00847457627118644,6.137591276259506e-74
1967,shared,12,11,1,8057,762,1.0403375946382027,0.05705176594078467,1.0,0.9166666666666666,0.08333333333333333,1.499676973186056e-14
1969,dna-private,156,150,6,7918,757,2.3901237686284413,1.2570853277303595,0.029919469339929842,0.9615384615384616,0.038461538461538464,6.137591276259506e-74
1970,dna-private,538,522,16,7546,747,3.2296415319374505,1.6913740445490122,7.965840772168536e-08,0.9702602230483272,0.02973977695167286,6.137591276259506e-74
1971,dna-private,47,43,4,8025,759,1.016728971962617,0.02393515322053655,1.0,0.9148936170212766,0.0851063829787234,1.499676973186056e-14
1972,dna-private,56,43,13,8025,750,0.30913012221423436,-1.6937138549527788,0.0007719393309454938,0.7678571428571429,0.23214285714285715,6.137591276259506e-74
1973,dna-private,56,55,1,8013,762,5.230250842381131,2.3868801396617156,0.08869038644278064,0.9821428571428571,0.017857142857142856,6.137591276259506e-74
1974,dna-private,57,57,0,8011,763,10.959558135180679,3.454117728127936,0.014331289327713263,1.0,0.0,6.137591276259506e-74
1975,dna-private,36,33,3,8035,760,1.0404480398257623,0.05720491840578896,1.0,0.9166666666666666,0.08333333333333333,1.499676973186056e-14
1976,dna-private,12,8,4,8060,759,0.18833746898263026,-2.4086080479998633,0.0155844761709749,0.6666666666666666,0.3333333333333333,6.137591276259506e-74
1977,dna-private,31,29,2,8039,761,1.3726209727578056,0.4569333034066387,1.0,0.9354838709677419,0.06451612903225806,1.499676973186056e-14
1978,dna-private,85,71,14,7997,749,0.47499062148305615,-1.0740290666510626,0.01761182829057149,0.8352941176470589,0.16470588235294117,6.137591276259506e-74
1979,dna-private,22,19,3,8049,760,0.598003892823125,-0.7417732189283001,0.43163260794238584,0.8636363636363636,0.13636363636363635,1.3486175434808079e-64
1980,shared,16,15,1,8053,762,1.4193468272693406,0.5052271650451089,1.0,0.9375,0.0625,1.499676973186056e-14
1981,prot-private,66,61,5,8007,758,1.1549394280004996,0.20781718998349313,1.0,0.9242424242424242,0.07575757575757576,1.499676973186056e-14
1982,dna-private,53,51,2,8017,761,2.420543844330797,1.2753312265787462,0.3216808357150166,0.9622641509433962,0.03773584905660377,1.3486175434808079e-64
1983,shared,18,14,4,8054,759,0.3298361062825925,-1.6001787594726835,0.06376998954225302,0.7777777777777778,0.2222222222222222,6.137591276259506e-74
1984,dna-private,16,14,2,8054,761,0.6614104792649615,-0.5963821913846045,0.6433648787155277,0.875,0.125,6.388400221161359e-26
1988,dna-private,19,14,5,8054,758,0.2635212316861187,-1.9240088916044207,0.019870482712073607,0.7368421052631579,0.2631578947368421,6.137591276259506e-74
1989,shared,18,18,0,8050,763,3.509036705794671,1.8110750389315806,0.39580838671128105,1.0,0.0,1.3486175434808079e-64
1990,dna-private,63,57,6,8011,757,0.8977031581575334,-0.15568962436519637,0.8202440076053734,0.9047619047619048,0.09523809523809523,1.499676973186056e-14
1991,shared,13,12,1,8056,762,1.1350546176762661,0.18276172020769355,1.0,0.9230769230769231,0.07692307692307693,1.499676973186056e-14
1992,dna-private,68,62,6,8006,757,0.9770588725122824,-0.03348260073608785,0.8303897837748552,0.9117647058823529,0.08823529411764706,1.499676973186056e-14
1993,prot-private,26,22,4,8046,759,0.5188292319164802,-0.9466683285728665,0.2775668458116302,0.8461538461538461,0.15384615384615385,1.3486175434808079e-64
1994,dna-private,34,27,7,8041,756,0.3626414625046636,-1.4633842102627974,0.023897733564864732,0.7941176470588235,0.20588235294117646,6.137591276259506e-74
1995,dna-private,33,29,4,8039,759,0.6845067794501803,-0.5468632646814404,0.526019630132248,0.8787878787878788,0.12121212121212122,6.388400221161359e-26
1996,dna-private,111,97,14,7971,749,0.651047547359177,-0.6191651846233881,0.12782726178460582,0.8738738738738738,0.12612612612612611,6.137591276259506e-74
1997,prot-private,13,13,0,8055,763,2.5590590279932965,1.3556134253808918,0.6199739488311733,1.0,0.0,6.388400221161359e-26
1998,dead,41,39,2,8029,761,1.8482376385602193,0.8861502642923648,0.5779771795959323,0.9512195121951219,0.04878048780487805,6.388400221161359e-26
1999,prot-private,87,80,7,7988,756,1.0816224336504756,0.11319697960685818,1.0,0.9195402298850575,0.08045977011494253,1.499676973186056e-14
2000,shared,28,26,2,8042,761,1.2301666252176076,0.29885374084427707,1.0,0.9285714285714286,0.07142857142857142,1.499676973186056e-14
2001,dna-private,48,45,3,8023,760,1.4209148697494702,0.5068201220195966,0.7960332633665161,0.9375,0.0625,6.388400221161359e-26
2002,dna-private,29,27,2,8041,761,1.2776395970650416,0.3534809310772793,1.0,0.9310344827586207,0.06896551724137931,1.499676973186056e-14
2003,dna-private,82,75,7,7993,756,1.0133867133742025,0.01918481876211155,1.0,0.9146341463414634,0.08536585365853659,1.499676973186056e-14
2004,dna-private,15,13,2,8055,761,0.614090626939789,-0.7034765119492934,0.37647785138890716,0.8666666666666667,0.13333333333333333,1.3486175434808079e-64
2005,dna-private,45,40,5,8028,758,0.7553562531141006,-0.4047708631915255,0.5891647220141945,0.8888888888888888,0.1111111111111111,6.388400221161359e-26
2006,dna-private,91,89,2,7979,761,4.244203534277478,2.0854938435410455,0.022853190712356343,0.978021978021978,0.02197802197802198,6.137591276259506e-74
2007,dead,17,16,1,8052,762,1.5141579731743666,0.5985157305719824,1.0,0.9411764705882353,0.058823529411764705,1.499676973186056e-14
2008,dna-private,50,46,4,8022,759,1.0880703066566941,0.12177178065797026,1.0,0.92,0.08,1.499676973186056e-14
2009,dna-private,11,10,1,8058,762,0.9456440804169769,-0.08063080776791416,1.0,0.9090909090909091,0.09090909090909091,1.499676973186056e-14
2010,dna-private,28,25,3,8043,760,0.787434207799743,-0.344768707319201,0.7304102003319707,0.8928571428571429,0.10714285714285714,6.388400221161359e-26
2011,dna-private,531,521,10,7547,753,5.198264210944746,2.378029963193069,2.9058430254448937e-11,0.9811676082862524,0.018832391713747645,6.137591276259506e-74
2012,dna-private,219,192,27,7876,736,0.6645223181536031,-0.5896104412868531,0.06613107018486908,0.8767123287671232,0.1232876712328767,6.137591276259506e-74
2013,dna-private,26,24,2,8044,761,1.1352560914967678,0.1830177779193497,1.0,0.9230769230769231,0.07692307692307693,1.499676973186056e-14
2014,dna-private,416,383,33,7685,730,1.1024624908814888,0.14072957175574946,0.655359164869147,0.9206730769230769,0.07932692307692307,6.388400221161359e-26
2015,prot-private,47,36,11,8032,752,0.30641072075335024,-1.7064613194681195,0.001798508616836502,0.7659574468085106,0.23404255319148937,6.137591276259506e-74
2016,prot-private,122,113,9,7955,754,1.1900551714505203,0.2510284590231296,0.7459241911737964,0.9262295081967213,0.07377049180327869,6.388400221161359e-26
2017,shared,25,23,2,8045,761,1.0878185208203854,0.12143789394974983,1.0,0.92,0.08,1.499676973186056e-14
2018,prot-private,14,14,0,8054,763,2.748960208579055,1.4588860238748205,0.6261069302735234,1.0,0.0,6.388400221161359e-26
2019,dna-private,59,52,7,8016,756,0.7005988023952096,-0.5133395728906478,0.3504617436888584,0.8813559322033898,0.11864406779661017,1.3486175434808079e-64
2020,dna-private,29,26,3,8042,760,0.8190334079416397,-0.2880057950494767,0.7354723604369783,0.896551724137931,0.10344827586206896,6.388400221161359e-26
2021,dna-private,41,36,5,8032,758,0.6794820717131475,-0.5574926092247302,0.39759452388256966,0.8780487804878049,0.12195121951219512,1.3486175434808079e-64
2022,dna-private,29,27,2,8041,761,1.2776395970650416,0.3534809310772793,1.0,0.9310344827586207,0.06896551724137931,1.499676973186056e-14
2023,dna-private,38,34,4,8034,759,0.8030246452576549,-0.3164838293796611,0.5664327681214596,0.8947368421052632,0.10526315789473684,6.388400221161359e-26
2024,dna-private,52,48,4,8020,759,1.1356608478802992,0.18353205479433976,1.0,0.9230769230769231,0.07692307692307693,1.499676973186056e-14
2025,dna-private,18,15,3,8053,760,0.4718738358375761,-1.0835269148384212,0.19951958732975172,0.8333333333333334,0.16666666666666666,6.137591276259506e-74
2026,dead,14,14,0,8054,763,2.748960208579055,1.4588860238748205,0.6261069302735234,1.0,0.0,6.388400221161359e-26
2027,dna-private,79,70,9,7998,754,0.7332388652718735,-0.4476448370388109,0.4166503140031176,0.8860759493670886,0.11392405063291139,1.3486175434808079e-64
2028,dead,17,16,1,8052,762,1.5141579731743666,0.5985157305719824,1.0,0.9411764705882353,0.058823529411764705,1.499676973186056e-14
2029,dna-private,474,451,23,7617,740,1.905006535723867,0.9297959473460182,0.0017806118495592368,0.9514767932489452,0.04852320675105485,6.137591276259506e-74
2030,shared,11,11,0,8057,763,2.179398076326404,1.1239297349069568,0.6147434751291604,1.0,0.0,6.388400221161359e-26
2031,dead,16,15,1,8053,762,1.4193468272693406,0.5052271650451089,1.0,0.9375,0.0625,1.499676973186056e-14
2032,dna-private,51,40,11,8028,752,0.3406259908502061,-1.5537395734349146,0.0035803037429422324,0.7843137254901961,0.21568627450980393,6.137591276259506e-74
2033,dna-private,28,26,2,8042,761,1.2301666252176076,0.29885374084427707,1.0,0.9285714285714286,0.07142857142857142,1.499676973186056e-14
2034,dna-private,54,41,13,8027,750,0.29467853686117046,-1.7627861104064304,0.0005319070386800166,0.7592592592592593,0.24074074074074073,6.137591276259506e-74
2035,prot-private,18,16,2,8052,761,0.7560854446100348,-0.40337881341779425,0.6651558352122813,0.8888888888888888,0.1111111111111111,6.388400221161359e-26
2036,dead,38,38,0,8030,763,7.320777037544362,2.871996786312047,0.07363254662948548,1.0,0.0,6.137591276259506e-74
2037,dna-private,51,45,6,8023,757,0.7076529976318086,-0.4988859963256196,0.4469545753346063,0.8823529411764706,0.11764705882352941,1.3486175434808079e-64
2038,dead,55,54,1,8014,762,5.134514599450961,2.3602278952259925,0.08715562943947111,0.9818181818181818,0.01818181818181818,6.137591276259506e-74
2039,dna-private,25,25,0,8043,763,4.840989618946976,2.2753020004764437,0.16333070103528635,1.0,0.0,6.137591276259506e-74
2041,dna-private,115,113,2,7955,761,5.4049654305468255,2.434285390700323,0.003919917933745795,0.9826086956521739,0.017391304347826087,6.137591276259506e-74
2042,dna-private,26,26,0,8042,763,5.031457880012434,2.3309764858199498,0.16341990288205965,1.0,0.0,6.137591276259506e-74
2044,prot-private,31,29,2,8039,761,1.3726209727578056,0.4569333034066387,1.0,0.9354838709677419,0.06451612903225806,8.510575869671689e-13
2045,dna-private,11,6,5,8062,758,0.11282560158769536,-3.147833623846194,0.001411182035029074,0.5454545454545454,0.45454545454545453,6.137591276259506e-74
2046,dna-private,42,33,9,8035,754,0.34407799211781787,-1.5391924773776509,0.008480687949955386,0.7857142857142857,0.21428571428571427,6.137591276259506e-74
2047,dna-private,138,131,7,7937,756,1.782537482676074,0.8339324135568713,0.16730075178634354,0.9492753623188406,0.050724637681159424,6.137591276259506e-74
2048,dna-private,202,197,5,7871,758,3.7943336297802057,1.9238465382295298,0.000533544909982849,0.9752475247524752,0.024752475247524754,6.137591276259506e-74
2049,dna-private,72,60,12,8008,751,0.4689060939060939,-1.0926290664343594,0.031021563110372512,0.8333333333333334,0.16666666666666666,6.137591276259506e-74
2050,dna-private,149,144,5,7924,758,2.754972236244321,1.4620377798365551,0.017589181488954435,0.9664429530201343,0.03355704697986577,6.137591276259506e-74
2051,dna-private,206,196,10,7872,753,1.8748475609756097,0.9067732985605341,0.05829723719034885,0.9514563106796117,0.04854368932038835,6.137591276259506e-74
2053,dna-private,288,223,65,7845,698,0.3052488110996715,-1.7119424187539576,2.0418578246303e-13,0.7743055555555556,0.22569444444444445,6.137591276259506e-74
2054,dna-private,34,31,3,8037,760,0.9771473601260835,-0.033351948566868406,1.0,0.9117647058823529,0.08823529411764706,1.0
2055,dna-private,22,18,4,8050,759,0.42428571428571427,-1.236891991031563,0.11640137205561549,0.8181818181818182,0.18181818181818182,6.137591276259506e-74
2056,dna-private,31,27,4,8041,759,0.637140902872777,-0.6503156370107998,0.33798369846811566,0.8709677419354839,0.12903225806451613,1.3486175434808079e-64
2057,prot-private,1840,1829,11,6239,752,20.041207069897567,4.324897498695504,1.087816176482019e-63,0.9940217391304348,0.005978260869565218,6.137591276259506e-74
2058,prot-private,59,55,4,8013,759,1.3024148259078996,0.38118902758385975,0.8161985798301079,0.9322033898305084,0.06779661016949153,1.499676973186056e-14
2059,dna-private,40,39,1,8029,762,3.7013326690746045,1.8880448082821413,0.2551092409239627,0.975,0.025,6.137591276259506e-74
2060,dna-private,217,192,25,7876,738,0.7196343321482986,-0.4746640788947261,0.14045656220522157,0.8847926267281107,0.1152073732718894,6.137591276259506e-74
2061,dna-private,16,13,3,8055,760,0.40885578315745913,-1.2903360478430472,0.15504769204284768,0.8125,0.1875,6.137591276259506e-74
2062,dna-private,207,197,10,7871,753,1.8846525219158938,0.9142985547303664,0.045288954729874834,0.9516908212560387,0.04830917874396135,6.137591276259506e-74
2064,dna-private,61,54,7,8014,756,0.7277264786623409,-0.45853179010386097,0.36524814508200953,0.8852459016393442,0.11475409836065574,1.3486175434808079e-64
2065,shared,15,14,1,8054,762,1.3245592252296996,0.40551235260517215,1.0,0.9333333333333333,0.06666666666666667,1.499676973186056e-14
2066,dna-private,376,357,19,7711,744,1.8129125173197551,0.8583093090456252,0.010914823882450131,0.949468085106383,0.05053191489361702,6.137591276259506e-74
2067,dna-private,40,37,3,8031,760,1.167143983729714,0.2229825488768074,1.0,0.925,0.075,1.499676973186056e-14
2068,dna-private,15,9,6,8059,757,0.1408983744881499,-2.8272731271817046,0.0010331837664044512,0.6,0.4,6.137591276259506e-74
2069,dna-private,42,39,3,8029,760,1.2305392950554241,0.299290728398611,1.0,0.9285714285714286,0.07142857142857142,1.499676973186056e-14
2070,dna-private,15,15,0,8053,763,2.9389085490780404,1.5552804669020328,0.6340216938892271,1.0,0.0,6.388400221161359e-26
2071,shared,22,22,0,8046,763,4.269868887093767,2.0941917703507418,0.25303447370103727,1.0,0.0,6.137591276259506e-74
2072,prot-private,20,15,5,8053,758,0.28237923755122313,-1.8242940791644837,0.024659972710545527,0.75,0.25,6.137591276259506e-74
2073,dna-private,25,22,3,8046,760,0.692683735189328,-0.5297312963785412,0.4725039628434682,0.88,0.12,1.3486175434808079e-64
2074,dna-private,47,46,1,8022,762,4.369483919222139,2.127462892735826,0.18434086421492807,0.9787234042553191,0.02127659574468085,6.137591276259506e-74
2075,prot-private,17,17,0,8051,763,3.3189467801030865,1.7307254957322895,0.3917859073460155,1.0,0.0,1.3486175434808079e-64
2076,prot-private,12,12,0,8056,763,2.369204989759821,1.2444030296948858,0.6160300460842021,1.0,0.0,6.388400221161359e-26
2077,prot-private,80,75,5,7993,758,1.4224946828474916,0.5084232598823722,0.5518695976089072,0.9375,0.0625,6.388400221161359e-26
2078,dna-private,26,23,3,8045,760,0.7242593743525999,-0.4654216419440042,0.48773304782795196,0.8846153846153846,0.11538461538461539,1.3486175434808079e-64
2079,dna-private,34,32,2,8036,761,1.5151816824290691,0.5994907947702535,0.765131878985169,0.9411764705882353,0.058823529411764705,6.388400221161359e-26
2080,dna-private,236,225,11,7843,752,1.9612161394642589,0.9717485391761919,0.02513623828375839,0.9533898305084746,0.046610169491525424,6.137591276259506e-74
2081,dna-private,37,34,3,8034,760,1.0721101983237906,0.10045320281466442,1.0,0.918918918918919,0.08108108108108109,1.499676973186056e-14
2082,dna-private,46,42,4,8026,759,0.9929603787690008,-0.010191942585768658,1.0,0.9130434782608695,0.08695652173913043,1.499676973186056e-14
2084,shared,17,16,1,8052,762,1.5141579731743666,0.5985157305719824,1.0,0.9411764705882353,0.058823529411764705,1.499676973186056e-14
2086,dna-private,41,35,6,8033,757,0.5497116062907175,-0.8632531549672186,0.16285314593579853,0.8536585365853658,0.14634146341463414,6.137591276259506e-74
2087,dna-private,25,20,5,8048,758,0.37673956262425445,-1.4083605516344355,0.05921837402854664,0.8,0.2,6.137591276259506e-74
2088,dna-private,39,37,2,8031,761,1.7530195492466691,0.8098420847705613,0.7717129128023361,0.9487179487179487,0.05128205128205128,6.388400221161359e-26
2089,dna-private,46,44,2,8024,761,2.086490528414756,1.0610783715286622,0.43094864261548504,0.9565217391304348,0.043478260869565216,1.3486175434808079e-64
2090,dna-private,148,115,33,7953,730,0.31987167030546887,-1.6444348702351137,2.70098173425422e-07,0.777027027027027,0.22297297297297297,6.137591276259506e-74
2091,dna-private,52,50,2,8018,761,2.3727862309802945,1.2465821311274996,0.3195524912756258,0.9615384615384616,0.038461538461538464,1.3486175434808079e-64
2093,dna-private,24,23,1,8045,762,2.1784959602237413,1.1233324379395262,0.7174205323835983,0.9583333333333334,0.041666666666666664,6.388400221161359e-26
2094,dead,46,42,4,8026,759,0.9929603787690008,-0.010191942585768658,1.0,0.9130434782608695,0.08695652173913043,1.499676973186056e-14
2095,dna-private,19,16,3,8052,760,0.5033946017552575,-0.990238349311548,0.22277766157339868,0.8421052631578947,0.15789473684210525,6.137591276259506e-74
2096,prot-private,100,95,5,7973,758,1.8063464191646807,0.8530745978489612,0.27913347909713404,0.95,0.05,1.3486175434808079e-64
2098,prot-private,10,9,1,8059,762,0.8509740662613228,-0.2328129289529579,0.59509736615207,0.9,0.1,6.388400221161359e-26
2099,dna-private,11,9,2,8059,761,0.424928651197419,-1.2347074729427345,0.24486416172403402,0.8181818181818182,0.18181818181818182,6.137591276259506e-74
2100,dna-private,42,38,4,8030,759,0.897945205479452,-0.15530068354562512,0.7813655501740419,0.9047619047619048,0.09523809523809523,6.388400221161359e-26
2101,dna-private,17,16,1,8052,762,1.5141579731743666,0.5985157305719824,1.0,0.9411764705882353,0.058823529411764705,0.011508001441379862
2102,dead,11,10,1,8058,762,0.9456440804169769,-0.08063080776791416,1.0,0.9090909090909091,0.09090909090909091,0.011508001441379862
2103,dna-private,16,12,4,8056,759,0.2826464746772592,-1.8229293918701623,0.04347584763160735,0.75,0.25,6.137591276259506e-74
2105,dna-private,118,95,23,7973,740,0.3833590541992267,-1.383231840975469,0.00018099728666755017,0.8050847457627118,0.19491525423728814,6.137591276259506e-74
2106,dead,16,14,2,8054,761,0.6614104792649615,-0.5963821913846045,0.6433648787155277,0.875,0.125,6.388400221161359e-26
2108,dna-private,19,17,2,8051,761,0.8034405663892684,-0.3157367887801676,0.677113499984792,0.8947368421052632,0.10526315789473684,6.388400221161359e-26
2109,dna-private,39,36,3,8032,760,1.1354581673306774,0.18327455510133217,1.0,0.9230769230769231,0.07692307692307693,1.499676973186056e-14
2110,prot-private,13,12,1,8056,762,1.1350546176762661,0.18276172020769355,1.0,0.9230769230769231,0.07692307692307693,1.499676973186056e-14
2112,dna-private,54,49,5,8019,758,0.9263499189425115,-0.11037083556529682,0.8072869656177273,0.9074074074074074,0.09259259259259259,1.499676973186056e-14
2113,dna-private,10,7,3,8061,760,0.21998924864574287,-2.1844950770669267,0.04865901572148691,0.7,0.3,6.137591276259506e-74
2114,dna-private,148,141,7,7927,756,1.9210293932130693,0.9418795935054242,0.10294126767499882,0.9527027027027027,0.0472972972972973,6.137591276259506e-74
2115,shared,11,7,4,8061,759,0.16477484183103833,-2.601432109261252,0.011139087896983257,0.6363636363636364,0.36363636363636365,6.137591276259506e-74
2116,dna-private,29,29,0,8039,763,5.603146961875739,2.486237332723165,0.17242845368326137,1.0,0.0,6.137591276259506e-74
2117,dna-private,239,228,11,7840,752,1.988126159554731,0.9914093082025113,0.025593897123429136,0.9539748953974896,0.04602510460251046,6.137591276259506e-74
2118,dna-private,19,17,2,8051,761,0.8034405663892684,-0.3157367887801676,0.677113499984792,0.8947368421052632,0.10526315789473684,6.388400221161359e-26
2119,dna-private,38,34,4,8034,759,0.8030246452576549,-0.3164838293796611,0.5664327681214596,0.8947368421052632,0.10526315789473684,6.388400221161359e-26
2120,dna-private,35,31,4,8037,759,0.7318962299365435,-0.4502889807611938,0.5400047448892422,0.8857142857142857,0.11428571428571428,6.388400221161359e-26
2121,dead,39,38,1,8030,762,3.605977584059776,1.8503904285322308,0.2534186687730674,0.9743589743589743,0.02564102564102564,6.137591276259506e-74
2122,prot-private,170,158,12,7910,751,1.2500842815002107,0.32202536561006434,0.5804160572848569,0.9294117647058824,0.07058823529411765,6.388400221161359e-26
2123,dna-private,290,252,38,7816,725,0.6151349458600441,-0.7010251570097575,0.010229948191765011,0.8689655172413793,0.1310344827586207,6.137591276259506e-74
2124,dna-private,75,71,4,7997,759,1.684662998624484,0.7524600223632567,0.4090710873656145,0.9466666666666667,0.05333333333333334,1.3486175434808079e-64
2125,dna-private,62,59,3,8009,760,1.8662338202855122,0.9001297526598621,0.3681670075315167,0.9516129032258065,0.04838709677419355,1.3486175434808079e-64
2126,shared,13,13,0,8055,763,2.5590590279932965,1.3556134253808918,0.6199739488311733,1.0,0.0,6.388400221161359e-26
2127,dna-private,34,27,7,8041,756,0.3626414625046636,-1.4633842102627974,0.023897733564864732,0.7941176470588235,0.20588235294117646,6.137591276259506e-74
2128,dna-private,96,91,5,7977,758,1.7294220885044502,0.7902900209036017,0.2755209249583031,0.9479166666666666,0.052083333333333336,6.137591276259506e-74
2129,dna-private,43,34,9,8034,754,0.35454872348076233,-1.4959441929687753,0.009926131263223923,0.7906976744186046,0.20930232558139536,6.137591276259506e-74
2130,shared,10,10,0,8058,763,1.9896382701495317,0.9925061627800148,1.0,1.0,0.0,1.499676973186056e-14
2131,dna-private,14,13,1,8055,762,1.2297951582867783,0.29841803204048295,1.0,0.9285714285714286,0.07142857142857142,1.499676973186056e-14
2133,dna-private,20,17,3,8051,760,0.5349231979464248,-0.9025963246739215,0.24653007314042663,0.85,0.15,6.137591276259506e-74
2134,dna-private,299,298,1,7770,762,29.224710424710423,4.869116824660411,7.109176678710406e-11,0.9966555183946488,0.0033444816053511705,6.137591276259506e-74
2135,prot-private,31,31,0,8037,763,5.984510108864697,2.581233153194096,0.10691894429686633,1.0,0.0,6.137591276259506e-74
2136,dna-private,43,42,1,8026,762,3.9875404933964615,1.995499169492087,0.17691603473387985,0.9767441860465116,0.023255813953488372,6.137591276259506e-74
2137,dna-private,17,12,5,8056,758,0.22581926514399206,-2.146759524001899,0.0122129485169433,0.7058823529411765,0.29411764705882354,6.137591276259506e-74
2138,dna-private,42,37,5,8031,758,0.6984435313161499,-0.5177846154492549,0.40660776219771855,0.8809523809523809,0.11904761904761904,1.3486175434808079e-64
2139,dead,15,13,2,8055,761,0.614090626939789,-0.7034765119492934,0.37647785138890716,0.8666666666666667,0.13333333333333333,1.3486175434808079e-64
2140,dna-private,124,98,26,7970,737,0.34854743750603223,-1.5205730738086485,1.6107233330662836e-05,0.7903225806451613,0.20967741935483872,6.137591276259506e-74
2141,dna-private,57,52,5,8016,758,0.9834331337325349,-0.024101131770386884,1.0,0.9122807017543859,0.08771929824561403,1.499676973186056e-14
2142,dna-private,45,41,4,8027,759,0.9691977077363897,-0.04513710223311509,0.7939792105708714,0.9111111111111111,0.08888888888888889,6.388400221161359e-26
2143,dna-private,54,48,6,8020,757,0.7551122194513715,-0.4052370313565511,0.46542309281206906,0.8888888888888888,0.1111111111111111,1.3486175434808079e-64
2144,dna-private,52,47,5,8021,758,0.8883181648173545,-0.17085160232914326,0.8023241620725681,0.9038461538461539,0.09615384615384616,1.499676973186056e-14
2145,dna-private,14,11,3,8057,760,0.34586901659012864,-1.5317023139427457,0.1142871290727978,0.7857142857142857,0.21428571428571427,6.137591276259506e-74
2146,dead,25,22,3,8046,760,0.692683735189328,-0.5297312963785412,0.4725039628434682,0.88,0.12,1.3486175434808079e-64
2147,dna-private,73,57,16,8011,747,0.33219167394832105,-1.5899121808405348,0.00039900932021114566,0.7808219178082192,0.2191780821917808,6.137591276259506e-74
2148,shared,22,20,2,8048,761,0.9455765407554672,-0.08073385141461938,0.7149840631017713,0.9090909090909091,0.09090909090909091,6.388400221161359e-26
2149,dna-private,16,13,3,8055,760,0.40885578315745913,-1.2903360478430472,0.15504769204284768,0.8125,0.1875,6.137591276259506e-74
2151,prot-private,55,45,10,8023,753,0.42234824878474386,-1.2434950258056292,0.02485359940723393,0.8181818181818182,0.18181818181818182,6.137591276259506e-74
2152,shared,10,8,2,8060,761,0.37766749379652603,-1.4048114799117843,0.21174867571160536,0.8,0.2,6.137591276259506e-74
2153,dna-private,16,11,5,8057,758,0.20697530098051384,-2.2724694782688077,0.0092674991092931,0.6875,0.3125,6.137591276259506e-74
2154,prot-private,55,53,2,8015,761,2.5160948222083594,1.3311862930248344,0.23296433625348986,0.9636363636363636,0.03636363636363636,6.137591276259506e-74
2155,dna-private,89,87,2,7981,761,4.1477884976819945,2.052342330717,0.03375519962008937,0.9775280898876404,0.02247191011235955,6.137591276259506e-74
2156,shared,22,19,3,8049,760,0.598003892823125,-0.7417732189283001,0.43163260794238584,0.8636363636363636,0.13636363636363635,1.3486175434808079e-64
2157,dna-private,38,37,1,8031,762,3.5106462457975347,1.811736628760338,0.2528650305028388,0.9736842105263158,0.02631578947368421,6.137591276259506e-74
2158,dead,13,13,0,8055,763,2.5590590279932965,1.3556134253808918,0.6199739488311733,1.0,0.0,6.388400221161359e-26
2160,prot-private,28,28,0,8040,763,5.412536533797649,2.436304857844131,0.16804864765234273,1.0,0.0,6.137591276259506e-74
2161,dna-private,29,27,2,8041,761,1.2776395970650416,0.3534809310772793,1.0,0.9310344827586207,0.06896551724137931,1.499676973186056e-14
2162,dna-private,58,52,6,8016,757,0.8184464404524284,-0.2890400857895409,0.6358237371480248,0.896551724137931,0.10344827586206896,6.388400221161359e-26
2163,dna-private,15,14,1,8054,762,1.3245592252296996,0.40551235260517215,1.0,0.9333333333333333,0.06666666666666667,1.499676973186056e-14
2164,dna-private,34,31,3,8037,760,0.9771473601260835,-0.033351948566868406,1.0,0.9117647058823529,0.08823529411764706,1.499676973186056e-14
2165,prot-private,606,599,7,7469,756,8.661400455214888,3.114600312070225,3.2832340224053734e-16,0.9884488448844885,0.01155115511551155,6.137591276259506e-74
2166,dna-private,42,39,3,8029,760,1.2305392950554241,0.299290728398611,1.0,0.9285714285714286,0.07142857142857142,1.499676973186056e-14
2167,dna-private,66,61,5,8007,758,1.1549394280004996,0.20781718998349313,1.0,0.9242424242424242,0.07575757575757576,1.499676973186056e-14
2168,dna-private,12,11,1,8057,762,1.0403375946382027,0.05705176594078467,1.0,0.9166666666666666,0.08333333333333333,1.499676973186056e-14
2169,dna-private,325,292,33,7776,730,0.8306833769796733,-0.26762941031683746,0.31439395654123536,0.8984615384615384,0.10153846153846154,1.3486175434808079e-64
2170,prot-private,59,53,6,8015,757,0.834289873154502,-0.26137936121413574,0.6397721118409453,0.8983050847457628,0.1016949152542373,6.388400221161359e-26
2171,dna-private,34,23,11,8045,752,0.1954460703994576,-2.3551575165134557,8.348054103178698e-05,0.6764705882352942,0.3235294117647059,6.137591276259506e-74
2172,dna-private,70,64,6,8004,757,1.0088289188738964,0.012681537358834259,1.0,0.9142857142857143,0.08571428571428572,1.499676973186056e-14
2173,dna-private,323,315,8,7753,755,3.8344028118147815,1.9390019030159336,6.801500696827798e-06,0.9752321981424149,0.02476780185758514,6.137591276259506e-74
2174,dna-private,37,32,5,8036,758,0.603683424589348,-0.7281359054495624,0.24680288050724591,0.8648648648648649,0.13513513513513514,6.137591276259506e-74
2175,dna-private,16,16,0,8052,763,3.1289040670599193,1.6456574258851278,0.3903018394628883,1.0,0.0,1.3486175434808079e-64
2176,dna-private,12,11,1,8057,762,1.0403375946382027,0.05705176594078467,1.0,0.9166666666666666,0.08333333333333333,1.499676973186056e-14
2177,dna-private,32,28,4,8040,759,0.6608208955223881,-0.5976687885932205,0.3527235621150381,0.875,0.125,1.3486175434808079e-64
2178,dna-private,51,37,14,8031,749,0.24648238077449883,-2.0204435723318372,7.175712500471061e-05,0.7254901960784313,0.27450980392156865,6.137591276259506e-74
2179,prot-private,115,103,12,7965,751,0.8093011090186232,-0.30525152243633813,0.5016080160607633,0.8956521739130435,0.10434782608695652,1.3486175434808079e-64
2180,dna-private,298,252,46,7816,717,0.5025477281829914,-0.9926674758235768,8.839216615989845e-05,0.8456375838926175,0.15436241610738255,6.137591276259506e-74
2181,dna-private,97,83,14,7985,749,0.5561051972448341,-0.8465702745505231,0.06542073045048187,0.8556701030927835,0.14432989690721648,6.137591276259506e-74
2182,prot-private,342,277,65,7791,698,0.38179358826259097,-1.3891352201691776,7.40861797717459e-10,0.8099415204678363,0.19005847953216373,6.137591276259506e-74
2183,dna-private,56,56,0,8012,763,10.76761310452418,3.4286265728185734,0.013778946936202897,1.0,0.0,6.137591276259506e-74
2184,dna-private,189,165,24,7903,739,0.6428729596355814,-0.6373944251597944,0.04952746267751217,0.873015873015873,0.12698412698412698,6.137591276259506e-74
2185,dna-private,16,10,6,8058,757,0.15657317779432448,-2.6750910059966606,0.0015333638643821406,0.625,0.375,6.137591276259506e-74
2186,dna-private,13,9,4,8059,759,0.21190594366546717,-2.2385040410308137,0.021001542276485385,0.6923076923076923,0.3076923076923077,6.137591276259506e-74
2187,dna-private,10,9,1,8059,762,0.8509740662613228,-0.2328129289529579,0.59509736615207,0.9,0.1,6.388400221161359e-26
2188,dna-private,33,28,5,8040,758,0.5279601990049752,-0.9214989207249574,0.20188821211829633,0.8484848484848485,0.15151515151515152,6.137591276259506e-74
2189,dna-private,16,15,1,8053,762,1.4193468272693406,0.5052271650451089,1.0,0.9375,0.0625,1.499676973186056e-14
2190,dna-private,31,24,7,8044,756,0.32222774738935855,-1.6338473634207271,0.014629950189399336,0.7741935483870968,0.22580645161290322,6.137591276259506e-74
2192,dna-private,19,17,2,8051,761,0.8034405663892684,-0.3157367887801676,0.677113499984792,0.8947368421052632,0.10526315789473684,6.388400221161359e-26
2193,dna-private,70,64,6,8004,757,1.0088289188738964,0.012681537358834259,1.0,0.9142857142857143,0.08571428571428572,1.499676973186056e-14
2194,dna-private,17,12,5,8056,758,0.22581926514399206,-2.146759524001899,0.0122129485169433,0.7058823529411765,0.29411764705882354,6.137591276259506e-74
2195,dna-private,143,91,52,7977,711,0.15597969161338848,-2.6805698909018045,1.8030651865731693e-20,0.6363636363636364,0.36363636363636365,6.137591276259506e-74
2196,dna-private,63,54,9,8014,754,0.564512103818318,-0.8249235804409775,0.11363096042094702,0.8571428571428571,0.14285714285714285,6.137591276259506e-74
2197,prot-private,17,17,0,8051,763,3.3189467801030865,1.7307254957322895,0.3917859073460155,1.0,0.0,1.3486175434808079e-64
2198,shared,17,16,1,8052,762,1.5141579731743666,0.5985157305719824,1.0,0.9411764705882353,0.058823529411764705,1.499676973186056e-14
2200,dna-private,15,15,0,8053,763,2.9389085490780404,1.5552804669020328,0.6340216938892271,1.0,0.0,6.388400221161359e-26
2202,prot-private,22,20,2,8048,761,0.9455765407554672,-0.08073385141461938,0.7149840631017713,0.9090909090909091,0.09090909090909091,6.388400221161359e-26
2203,dna-private,44,37,7,8031,756,0.49757190885319386,-1.0070230565695157,0.09972989598360424,0.8409090909090909,0.1590909090909091,6.137591276259506e-74
2204,dna-private,16,11,5,8057,758,0.20697530098051384,-2.2724694782688077,0.0092674991092931,0.6875,0.3125,6.137591276259506e-74
2205,dna-private,65,60,5,8008,758,1.135864135864136,0.18379028005625445,1.0,0.9230769230769231,0.07692307692307693,1.499676973186056e-14
2206,dead,16,14,2,8054,761,0.6614104792649615,-0.5963821913846045,0.6433648787155277,0.875,0.125,6.388400221161359e-26
2207,dna-private,24,19,5,8049,758,0.3578581190209964,-1.4825403832543624,0.050845175438360646,0.7916666666666666,0.20833333333333334,6.137591276259506e-74
2208,dna-private,10,10,0,8058,763,1.9896382701495317,0.9925061627800148,1.0,1.0,0.0,1.499676973186056e-14
2209,dna-private,47,42,5,8026,758,0.7933217044605033,-0.3340220747175058,0.598894847488208,0.8936170212765957,0.10638297872340426,6.388400221161359e-26
2210,prot-private,54,43,11,8025,752,0.3663098272444067,-1.4488636891545896,0.005675669132531537,0.7962962962962963,0.2037037037037037,6.137591276259506e-74
2211,dna-private,12,10,2,8058,761,0.47220153884338545,-1.0825253517576907,0.27814822883872553,0.8333333333333334,0.16666666666666666,1.3486175434808079e-64
2212,shared,17,17,0,8051,763,3.3189467801030865,1.7307254957322895,0.3917859073460155,1.0,0.0,1.3486175434808079e-64
2213,dna-private,13,10,3,8058,760,0.31438735831885495,-1.6693848876514445,0.09567651131280328,0.7692307692307693,0.23076923076923078,6.137591276259506e-74
2214,dna-private,51,48,3,8020,760,1.5162094763092269,0.6004690869886651,0.6226219697680933,0.9411764705882353,0.058823529411764705,6.388400221161359e-26
2215,prot-private,21,21,0,8047,763,4.079589934762349,2.028424145133909,0.25142759190310204,1.0,0.0,6.137591276259506e-74
2216,dna-private,359,342,17,7726,746,1.9425012562622772,0.9579155316588651,0.00525150335998654,0.9526462395543176,0.04735376044568245,6.137591276259506e-74
2217,dna-private,26,21,5,8047,758,0.39562569901826766,-1.3377919512928673,0.06832843727733481,0.8076923076923077,0.19230769230769232,6.137591276259506e-74
2218,shared,32,31,1,8037,762,2.939156401642404,1.555402131316662,0.5203953958732317,0.96875,0.03125,6.388400221161359e-26
2219,dna-private,18,13,5,8055,758,0.24466790813159528,-2.0311032121691097,0.01573344202619005,0.7222222222222222,0.2777777777777778,6.137591276259506e-74
2220,dna-private,14,9,5,8059,758,0.1693014021590768,-2.562334173162551,0.004911449152307102,0.6428571428571429,0.35714285714285715,6.137591276259506e-74
2221,prot-private,146,117,29,7951,734,0.37244501884386694,-1.4249006274220426,1.762218528886739e-05,0.8013698630136986,0.19863013698630136,6.137591276259506e-74
2222,dna-private,43,36,7,8032,756,0.48406374501992033,-1.0467310503449911,0.09378022069229547,0.8372093023255814,0.16279069767441862,6.137591276259506e-74
2223,prot-private,157,120,37,7948,726,0.2962499489927774,-1.7551131892743506,1.0632071116200976e-08,0.7643312101910829,0.2356687898089172,6.137591276259506e-74
2224,dna-private,220,206,14,7862,749,1.4018061561943527,0.4872868651602714,0.27310101467571374,0.9363636363636364,0.06363636363636363,6.137591276259506e-74
2225,dna-private,33,30,3,8038,760,0.9455088330430456,-0.08083715884043495,0.7604116415681585,0.9090909090909091,0.09090909090909091,6.388400221161359e-26
2226,shared,17,16,1,8052,762,1.5141579731743666,0.5985157305719824,1.0,0.9411764705882353,0.058823529411764705,1.499676973186056e-14
2227,dna-private,97,70,27,7998,736,0.23857816305928334,-2.0674660949716186,2.6036012644330948e-08,0.7216494845360825,0.27835051546391754,6.137591276259506e-74
2228,dna-private,50,43,7,8025,756,0.5786915887850468,-0.7891334200314613,0.1986707155330188,0.86,0.14,6.137591276259506e-74
2229,dna-private,40,37,3,8031,760,1.167143983729714,0.2229825488768074,1.0,0.925,0.075,1.499676973186056e-14
2230,shared,27,25,2,8043,761,1.1827054581623773,0.2420908285745528,1.0,0.9259259259259259,0.07407407407407407,1.499676973186056e-14
2231,shared,39,37,2,8031,761,1.7530195492466691,0.8098420847705613,0.7717129128023361,0.9487179487179487,0.05128205128205128,6.388400221161359e-26
2232,shared,33,23,10,8045,753,0.21527656929770045,-2.2157367897692297,0.0003215758942950651,0.696969696969697,0.30303030303030304,6.137591276259506e-74
2233,dna-private,45,36,9,8032,754,0.3754980079681275,-1.4131228406821077,0.013363569442770468,0.8,0.2,6.137591276259506e-74
2234,prot-private,28,24,4,8044,759,0.5661362506215813,-0.8207787901687292,0.2985886706930741,0.8571428571428571,0.14285714285714285,1.3486175434808079e-64
2235,shared,23,20,3,8048,760,0.629555997349238,-0.667593387308373,0.4442764268572269,0.8695652173913043,0.13043478260869565,1.3486175434808079e-64
2236,dna-private,121,111,10,7957,753,1.0504335804951614,0.07098494247772813,1.0,0.9173553719008265,0.08264462809917356,1.499676973186056e-14
2237,dna-private,246,233,13,7835,750,1.7156742427961318,0.7787756525364887,0.06442352629683462,0.9471544715447154,0.052845528455284556,6.137591276259506e-74
2238,dna-private,21,17,4,8051,759,0.4006645137250031,-1.3195333568682468,0.10183922039866987,0.8095238095238095,0.19047619047619047,6.137591276259506e-74
2239,dna-private,355,330,25,7738,738,1.2589299560609977,0.33219801708827074,0.3340693729971267,0.9295774647887324,0.07042253521126761,1.3486175434808079e-64
2240,shared,34,33,1,8035,762,3.1295581829495953,1.6459589982893192,0.360483975156175,0.9705882352941176,0.029411764705882353,1.3486175434808079e-64
2242,dna-private,18,17,1,8051,762,1.6089926717177991,0.6861577552096091,1.0,0.9444444444444444,0.05555555555555555,1.499676973186056e-14
2243,dna-private,12,11,1,8057,762,1.0403375946382027,0.05705176594078467,1.0,0.9166666666666666,0.08333333333333333,1.499676973186056e-14
2244,dna-private,76,69,7,7999,756,0.9316164520565071,-0.10219197756834389,0.836572709814127,0.9078947368421053,0.09210526315789473,1.499676973186056e-14
2245,dna-private,91,78,13,7990,750,0.5632040050062578,-0.8282705017109399,0.06037513964297134,0.8571428571428571,0.14285714285714285,6.137591276259506e-74
2246,dna-private,29,28,1,8040,762,2.653731343283582,1.4080223234846352,0.5101863863798867,0.9655172413793104,0.034482758620689655,1.3486175434808079e-64
2247,shared,45,42,3,8026,760,1.3256915026164964,0.40674508960855665,1.0,0.9333333333333333,0.06666666666666667,1.499676973186056e-14
2248,dna-private,31,24,7,8044,756,0.32222774738935855,-1.6338473634207271,0.014629950189399336,0.7741935483870968,0.22580645161290322,6.137591276259506e-74
2249,dna-private,54,51,3,8017,760,1.6115754022701758,0.6884716906849924,0.6248836820460282,0.9444444444444444,0.05555555555555555,6.388400221161359e-26
2250,dna-private,20,16,4,8052,759,0.3770491803278688,-1.4071753815058734,0.08818066269357304,0.8,0.2,6.137591276259506e-74
2251,prot-private,10,9,1,8059,762,0.8509740662613228,-0.2328129289529579,0.59509736615207,0.9,0.1,6.388400221161359e-26
2252,prot-private,139,134,5,7934,758,2.5604234938240484,1.3563824515962213,0.03176961983286383,0.9640287769784173,0.03597122302158273,6.137591276259506e-74
2253,dna-private,470,448,22,7620,741,1.9802433786685756,0.9856777533454564,0.0009576111206007507,0.9531914893617022,0.04680851063829787,6.137591276259506e-74
2254,prot-private,52,43,9,8025,754,0.4489027345102111,-1.155525210368578,0.041375960480036784,0.8269230769230769,0.17307692307692307,6.137591276259506e-74
2255,dna-private,29,26,3,8042,760,0.8190334079416397,-0.2880057950494767,0.7354723604369783,0.896551724137931,0.10344827586206896,6.388400221161359e-26
2256,dna-private,189,172,17,7896,746,0.9558972525180285,-0.06507254074940136,0.7942443361249636,0.91005291005291,0.08994708994708994,6.388400221161359e-26
2258,dna-private,77,73,4,7995,759,1.7325515947467167,0.7928983159277891,0.4117546373776285,0.948051948051948,0.05194805194805195,1.3486175434808079e-64
2259,shared,22,16,6,8052,757,0.2507037589004802,-1.9959444676567644,0.009127457762199647,0.7272727272727273,0.2727272727272727,6.137591276259506e-74
2260,dna-private,59,58,1,8010,762,5.5176029962546815,2.4640416553248214,0.05982892690094781,0.9830508474576272,0.01694915254237288,6.137591276259506e-74
2261,dna-private,112,102,10,7966,753,0.96417273412001,-0.05263646260812463,0.8654500496217699,0.9107142857142857,0.08928571428571429,1.499676973186056e-14
2262,shared,17,13,4,8055,759,0.3062383612662942,-1.7072730800373728,0.053095201205350134,0.7647058823529411,0.23529411764705882,6.137591276259506e-74
2263,dna-private,52,47,5,8021,758,0.8883181648173545,-0.17085160232914326,0.8023241620725681,0.9038461538461539,0.09615384615384616,1.499676973186056e-14
2264,dna-private,259,233,26,7835,737,0.8429679446271661,-0.24645032375168485,0.4308754777765153,0.8996138996138996,0.10038610038610038,1.3486175434808079e-64
2265,shared,28,27,1,8041,762,2.5586369854495707,1.355375475067056,0.5093441065762562,0.9642857142857143,0.03571428571428571,1.3486175434808079e-64
2266,dna-private,31,26,5,8042,758,0.49012683412086544,-1.028772959375539,0.18492513850854314,0.8387096774193549,0.16129032258064516,6.137591276259506e-74
2267,dna-private,51,46,5,8022,758,0.8693093991523311,-0.20205835147376677,0.8002634787141999,0.9019607843137255,0.09803921568627451,6.388400221161359e-26
2268,dna-private,74,73,1,7995,762,6.9575984990619135,2.798589428005645,0.019867849931234537,0.9864864864864865,0.013513513513513514,6.137591276259506e-74
2269,dna-private,33,30,3,8038,760,0.9455088330430456,-0.08083715884043495,0.7604116415681585,0.9090909090909091,0.09090909090909091,6.388400221161359e-26
2270,prot-private,21,20,1,8048,762,1.893638170974155,0.9211606925751572,1.0,0.9523809523809523,0.047619047619047616,1.499676973186056e-14
2271,prot-private,47,28,19,8040,744,0.13637077769049488,-2.8743935663442413,3.4089245056374365e-09,0.5957446808510638,0.40425531914893614,6.137591276259506e-74
2272,shared,27,24,3,8044,760,0.7558428642466435,-0.40384175797440397,0.5034960913993611,0.8888888888888888,0.1111111111111111,1.3486175434808079e-64
2273,dna-private,43,42,1,8026,762,3.9875404933964615,1.995499169492087,0.17691603473387985,0.9767441860465116,0.023255813953488372,6.137591276259506e-74
2274,dna-private,106,97,9,7971,754,1.0195012475780258,0.027863540801816734,1.0,0.9150943396226415,0.08490566037735849,1.499676973186056e-14
2276,shared,21,19,2,8049,761,0.8981861100757859,-0.15491368303454628,0.7021801097644735,0.9047619047619048,0.09523809523809523,6.388400221161359e-26
2278,dna-private,18,10,8,8058,755,0.11711963266319186,-3.093945161048795,5.9777240825006056e-05,0.5555555555555556,0.4444444444444444,6.137591276259506e-74
2279,dna-private,12,8,4,8060,759,0.18833746898263026,-2.4086080479998633,0.0155844761709749,0.6666666666666666,0.3333333333333333,6.137591276259506e-74
2280,dna-private,580,574,6,7494,757,9.663686504759363,3.2725736536111496,2.919104593171747e-16,0.9896551724137931,0.010344827586206896,6.137591276259506e-74
2281,shared,40,40,0,8028,763,7.702995578252476,2.9454195971656594,0.04590007629092993,1.0,0.0,6.137591276259506e-74
2282,dna-private,34,34,0,8034,763,6.556910822079781,2.7130162734774426,0.11435924573523856,1.0,0.0,6.137591276259506e-74
2283,dna-private,72,70,2,7998,761,3.330207551887972,1.7356120946383826,0.08900505056689029,0.9722222222222222,0.027777777777777776,6.137591276259506e-74
2284,prot-private,23,23,0,8045,763,4.460195140140451,2.157106831570286,0.2566084918038831,1.0,0.0,6.137591276259506e-74
2285,dna-private,24,15,9,8053,754,0.1560495053603212,-2.6799243106218613,0.0001018248244967914,0.625,0.375,6.137591276259506e-74
2286,dna-private,51,49,2,8019,761,2.3250405287442324,1.2172558646545193,0.31828275403058753,0.9607843137254902,0.0392156862745098,1.3486175434808079e-64
2287,dna-private,26,22,4,8046,759,0.5188292319164802,-0.9466683285728665,0.2775668458116302,0.8461538461538461,0.15384615384615385,1.3486175434808079e-64
2288,dna-private,12,10,2,8058,761,0.47220153884338545,-1.0825253517576907,0.27814822883872553,0.8333333333333334,0.16666666666666666,1.3486175434808079e-64
2289,dna-private,23,20,3,8048,760,0.629555997349238,-0.667593387308373,0.4442764268572269,0.8695652173913043,0.13043478260869565,1.3486175434808079e-64
2291,dna-private,90,83,7,7985,756,1.1226048841577958,0.16685024121179826,1.0,0.9222222222222223,0.07777777777777778,1.499676973186056e-14
2292,dna-private,461,422,39,7646,724,1.0245947269227416,0.03505337209349342,1.0,0.9154013015184381,0.08459869848156182,1.499676973186056e-14
2293,dna-private,32,26,6,8042,757,0.4079001906656719,-1.2937119133946928,0.05320593297080169,0.8125,0.1875,6.137591276259506e-74
2294,dna-private,229,210,19,7858,744,1.046469571740499,0.06553036287188171,1.0,0.9170305676855895,0.08296943231441048,1.499676973186056e-14
2295,dna-private,116,94,22,7974,741,0.3970517819276284,-1.3326009246511568,0.000355866161018945,0.8103448275862069,0.1896551724137931,6.137591276259506e-74
2296,prot-private,10,10,0,8058,763,1.9896382701495317,0.9925061627800148,1.0,1.0,0.0,1.499676973186056e-14
2297,dna-private,293,262,31,7806,732,0.79254171728943,-0.33544121800433396,0.24354098734321122,0.89419795221843,0.10580204778156997,6.137591276259506e-74
2299,shared,27,22,5,8046,758,0.41451652995277155,-1.2704984607046035,0.0781680204327629,0.8148148148148148,0.18518518518518517,6.137591276259506e-74
2300,prot-private,15,15,0,8053,763,2.9389085490780404,1.5552804669020328,0.6340216938892271,1.0,0.0,6.388400221161359e-26
2301,shared,20,17,3,8051,760,0.5349231979464248,-0.9025963246739215,0.24653007314042663,0.85,0.15,6.137591276259506e-74
2302,dna-private,27,24,3,8044,760,0.7558428642466435,-0.40384175797440397,0.5034960913993611,0.8888888888888888,0.1111111111111111,1.3486175434808079e-64
2303,dna-private,121,103,18,7965,745,0.5352235474646021,-0.9017865053222421,0.021129056042217195,0.8512396694214877,0.1487603305785124,6.137591276259506e-74
2304,dna-private,12,9,3,8059,760,0.2829135128427845,-1.8215670088364881,0.07844382615057613,0.75,0.25,6.137591276259506e-74
2305,shared,14,13,1,8055,762,1.2297951582867783,0.29841803204048295,1.0,0.9285714285714286,0.07142857142857142,1.499676973186056e-14
2306,shared,37,36,1,8032,762,3.4153386454183265,1.7720286349848624,0.37004759409297505,0.972972972972973,0.02702702702702703,1.3486175434808079e-64
2307,dna-private,14,12,2,8056,761,0.5667825223435948,-0.8191328237820831,0.3441645340324851,0.8571428571428571,0.14285714285714285,1.3486175434808079e-64
2308,dna-private,19,15,4,8053,759,0.3534397119086055,-1.5004639470327465,0.0754765246969675,0.7894736842105263,0.21052631578947367,6.137591276259506e-74
2309,dna-private,39,34,5,8034,758,0.6415733134179736,-0.640313961511398,0.3819673631645426,0.8717948717948718,0.1282051282051282,1.3486175434808079e-64
2310,shared,16,13,3,8055,760,0.40885578315745913,-1.2903360478430472,0.15504769204284768,0.8125,0.1875,6.137591276259506e-74
2311,dna-private,26,23,3,8045,760,0.7242593743525999,-0.4654216419440042,0.48773304782795196,0.8846153846153846,0.11538461538461539,1.3486175434808079e-64
2312,dead,20,17,3,8051,760,0.5349231979464248,-0.9025963246739215,0.24653007314042663,0.85,0.15,6.137591276259506e-74
2313,dna-private,148,142,6,7926,757,2.260366725544621,1.1765568568012739,0.05296571633904257,0.9594594594594594,0.04054054054054054,6.137591276259506e-74
2314,dna-private,52,42,10,8026,753,0.3940443558435086,-1.3435700582166692,0.012310318790780334,0.8076923076923077,0.19230769230769232,6.137591276259506e-74
2315,dna-private,307,294,13,7774,750,2.1818289762719916,1.1255380197393183,0.003578562730730185,0.9576547231270358,0.04234527687296417,6.137591276259506e-74
2316,dna-private,65,61,4,8007,759,1.4455788684900712,0.53164732211523,0.6568589537646927,0.9384615384615385,0.06153846153846154,6.388400221161359e-26
2317,dna-private,28,27,1,8041,762,2.5586369854495707,1.355375475067056,0.5093441065762562,0.9642857142857143,0.03571428571428571,1.3486175434808079e-64
2320,dna-private,14,13,1,8055,762,1.2297951582867783,0.29841803204048295,1.0,0.9285714285714286,0.07142857142857142,1.499676973186056e-14
2321,dna-private,38,36,2,8032,761,1.7054282868525896,0.7701340909950858,0.7693366757055152,0.9473684210526315,0.05263157894736842,6.388400221161359e-26
2323,dna-private,27,24,3,8044,760,0.7558428642466435,-0.40384175797440397,0.5034960913993611,0.8888888888888888,0.1111111111111111,1.3486175434808079e-64
2324,dna-private,62,45,17,8023,746,0.24613060979096862,-2.022504006585297,1.2524556752255146e-05,0.7258064516129032,0.27419354838709675,6.137591276259506e-74
2325,dna-private,77,76,1,7992,762,7.246246246246246,2.8572338331444893,0.013383879838274163,0.987012987012987,0.012987012987012988,6.137591276259506e-74
2326,dna-private,19,15,4,8053,759,0.3534397119086055,-1.5004639470327465,0.0754765246969675,0.7894736842105263,0.21052631578947367,6.137591276259506e-74
2327,dna-private,58,52,6,8016,757,0.8184464404524284,-0.2890400857895409,0.6358237371480248,0.896551724137931,0.10344827586206896,6.388400221161359e-26
2329,dna-private,45,41,4,8027,759,0.9691977077363897,-0.04513710223311509,0.7939792105708714,0.9111111111111111,0.08888888888888889,6.388400221161359e-26
2330,dna-private,26,24,2,8044,761,1.1352560914967678,0.1830177779193497,1.0,0.9230769230769231,0.07692307692307693,1.499676973186056e-14
2331,prot-private,436,350,86,7718,677,0.35698789299553446,-1.4860529478360267,1.2704169488247256e-13,0.8027522935779816,0.19724770642201836,6.137591276259506e-74
2332,dna-private,25,21,4,8047,759,0.49518454082266683,-1.0139618191611302,0.2690266390706343,0.84,0.16,6.137591276259506e-74
2333,dna-private,72,65,7,8003,756,0.8771710608521804,-0.18906987869635503,0.6738013167272671,0.9027777777777778,0.09722222222222222,6.388400221161359e-26
2334,dna-private,81,72,9,7996,754,0.7543771885942971,-0.40664204347596333,0.42360441141677685,0.8888888888888888,0.1111111111111111,1.3486175434808079e-64
2335,dna-private,48,46,2,8022,761,2.181874844178509,1.1255683487460493,0.43485333151682726,0.9583333333333334,0.041666666666666664,1.3486175434808079e-64
2336,dna-private,38,30,8,8038,755,0.3522331425727793,-1.5053974322377852,0.014215028816340472,0.7894736842105263,0.21052631578947367,6.137591276259506e-74
2337,prot-private,30,30,0,8038,763,5.793804814331032,2.5345110829272883,0.10648958059562064,1.0,0.0,6.137591276259506e-74
2339,dna-private,99,92,7,7976,756,1.2457372116349048,0.3169997638222856,0.7193352652459577,0.9292929292929293,0.0707070707070707,6.388400221161359e-26
2340,dna-private,75,45,30,8023,733,0.13704349993767917,-2.8672941930649016,1.3075590427634123e-13,0.6,0.4,6.137591276259506e-74
2342,dna-private,24,18,6,8050,757,0.282111801242236,-1.825661077182454,0.014198257816908267,0.75,0.25,6.137591276259506e-74
2343,dna-private,574,563,11,7505,752,5.128411362122222,2.358511988612519,5.700310780501687e-12,0.980836236933798,0.01916376306620209,6.137591276259506e-74
2344,dna-private,332,303,29,7765,734,0.9876412727313099,-0.017940968086071905,0.9207078554138459,0.9126506024096386,0.08734939759036145,1.499676973186056e-14
2345,dna-private,50,49,1,8019,762,4.656191545080434,2.2191504086442957,0.12500179299940722,0.98,0.02,6.137591276259506e-74
2346,shared,26,25,1,8043,762,2.36851920925028,1.2439853725643295,0.7222754442803372,0.9615384615384616,0.038461538461538464,6.388400221161359e-26
2347,prot-private,215,203,12,7865,751,1.615310447128629,0.6918114636752429,0.11087140156773162,0.9441860465116279,0.05581395348837209,6.137591276259506e-74
2348,dna-private,193,163,30,7905,733,0.5038119333755008,-0.9890428004893621,0.001613501764871332,0.844559585492228,0.15544041450777202,6.137591276259506e-74
2349,dna-private,65,57,8,8011,755,0.6714985644738485,-0.5745437794173306,0.26786571136270154,0.8769230769230769,0.12307692307692308,6.137591276259506e-74
2350,dna-private,101,92,9,7976,754,0.9663434748690516,-0.04939202651483115,0.8587058934318766,0.9108910891089109,0.0891089108910891,1.499676973186056e-14
2351,dna-private,19,12,7,8056,756,0.1608738828202582,-2.63599796512216,0.0006978628484707713,0.631578947368421,0.3684210526315789,6.137591276259506e-74
2352,dna-private,21,14,7,8054,756,0.18773280357586292,-2.4132473327246813,0.0013816706228640778,0.6666666666666666,0.3333333333333333,6.137591276259506e-74
2353,dna-private,43,41,2,8027,761,1.943503176778373,0.9586594658549641,0.582055335925062,0.9534883720930233,0.046511627906976744,6.388400221161359e-26
2354,dna-private,43,20,23,8048,740,0.0799550522949261,-3.6446669904588656,4.5776347848234695e-14,0.46511627906976744,0.5348837209302325,6.137591276259506e-74
2355,dna-private,73,68,5,8000,758,1.2886,0.36580449987198166,0.8330946964386712,0.9315068493150684,0.0684931506849315,1.499676973186056e-14
2356,prot-private,22,21,1,8047,762,1.988567167888654,0.9917292929167254,1.0,0.9545454545454546,0.045454545454545456,8.510575869671689e-13
2357,dna-private,59,49,10,8019,753,0.4601197156752712,-1.1199188190644604,0.03313861186707278,0.8305084745762712,0.1694915254237288,6.137591276259506e-74
2358,dna-private,56,48,8,8020,755,0.5648379052369077,-0.8240911864086853,0.14622245253218735,0.8571428571428571,0.14285714285714285,6.137591276259506e-74
2359,dna-private,117,100,17,7968,746,0.5507323411292228,-0.8605767632884579,0.03005147145901775,0.8547008547008547,0.1452991452991453,6.137591276259506e-74
2360,dna-private,19,18,1,8050,762,1.7038509316770187,0.7687991210462928,1.0,0.9473684210526315,0.05263157894736842,8.510575869671689e-13
2361,dna-private,38,36,2,8032,761,1.7054282868525896,0.7701340909950858,0.7693366757055152,0.9473684210526315,0.05263157894736842,6.388400221161359e-26
2362,dna-private,161,140,21,7928,742,0.6239488731920619,-0.6805002763994786,0.06351705332236293,0.8695652173913043,0.13043478260869565,6.137591276259506e-74
2363,dna-private,88,74,14,7994,749,0.4952464348261196,-1.0137815053903503,0.021250034431349377,0.8409090909090909,0.1590909090909091,6.137591276259506e-74
2364,dna-private,47,43,4,8025,759,1.016728971962617,0.02393515322053655,1.0,0.9148936170212766,0.0851063829787234,0.003801376386235594
2365,dna-private,440,412,28,7656,735,1.4126175548589341,0.4983709303633154,0.08199537850719626,0.9363636363636364,0.06363636363636363,6.137591276259506e-74
2366,dna-private,15,15,0,8053,763,2.9389085490780404,1.5552804669020328,0.6340216938892271,1.0,0.0,6.388400221161359e-26
2367,dna-private,66,62,4,8006,759,1.4694604046964777,0.5552864854148031,0.6580667744540096,0.9393939393939394,0.06060606060606061,6.388400221161359e-26
2368,dna-private,30,24,6,8044,757,0.37642963699651916,-1.40954787631962,0.040320928311090076,0.8,0.2,6.137591276259506e-74
2369,prot-private,71,58,13,8010,750,0.4177470469605301,-1.2592984649263492,0.00871537981398137,0.8169014084507042,0.18309859154929578,6.137591276259506e-74
2370,dna-private,75,71,4,7997,759,1.684662998624484,0.7524600223632567,0.4090710873656145,0.9466666666666667,0.05333333333333334,1.3486175434808079e-64
2371,dna-private,98,40,58,8028,705,0.06056388845935776,-4.045398354316671,4.935523649131809e-37,0.40816326530612246,0.5918367346938775,6.137591276259506e-74
2372,prot-private,181,179,2,7889,761,8.633476993281786,3.109941698537977,2.2085218991563516e-05,0.988950276243094,0.011049723756906077,6.137591276259506e-74
2373,dna-private,493,452,41,7616,722,1.0451168272186924,0.0636642213763315,0.8689634761770701,0.9168356997971603,0.08316430020283976,1.499676973186056e-14
2374,dna-private,17,17,0,8051,763,3.3189467801030865,1.7307254957322895,0.3917859073460155,1.0,0.0,1.3486175434808079e-64
2375,dna-private,24,20,4,8048,759,0.47154572564612324,-1.0845304195026986,0.14800296197823892,0.8333333333333334,0.16666666666666666,6.137591276259506e-74
2376,dna-private,96,91,5,7977,758,1.7294220885044502,0.7902900209036017,0.2755209249583031,0.9479166666666666,0.052083333333333336,6.137591276259506e-74
2377,prot-private,12,11,1,8057,762,1.0403375946382027,0.05705176594078467,1.0,0.9166666666666666,0.08333333333333333,0.003801376386235594
2378,dna-private,11,10,1,8058,762,0.9456440804169769,-0.08063080776791416,1.0,0.9090909090909091,0.09090909090909091,0.0001848215361554573
2379,shared,33,33,0,8035,763,6.366063095015867,2.670401455813828,0.11089073460605553,1.0,0.0,6.137591276259506e-74
2380,dna-private,48,35,13,8033,750,0.25136695745434695,-1.992133076989643,0.00015044609457118532,0.7291666666666666,0.2708333333333333,6.137591276259506e-74
2381,dna-private,243,224,19,7844,744,1.1182264687726455,0.16121239952990105,0.7287525912875825,0.9218106995884774,0.07818930041152264,6.388400221161359e-26
2382,dna-private,23,22,1,8046,762,2.08351976137211,1.059022783504989,0.716472396975913,0.9565217391304348,0.043478260869565216,6.388400221161359e-26
2383,prot-private,25,25,0,8043,763,4.840989618946976,2.2753020004764437,0.16333070103528635,1.0,0.0,6.137591276259506e-74
2385,dna-private,41,36,5,8032,758,0.6794820717131475,-0.5574926092247302,0.39759452388256966,0.8780487804878049,0.12195121951219512,1.3486175434808079e-64
2386,shared,18,17,1,8051,762,1.6089926717177991,0.6861577552096091,1.0,0.9444444444444444,0.05555555555555555,0.00470690484633421
2387,dna-private,11,10,1,8058,762,0.9456440804169769,-0.08063080776791416,1.0,0.9090909090909091,0.09090909090909091,0.00470690484633421
2388,dna-private,49,47,2,8021,761,2.2295848397955367,1.1567750978906728,0.4381006704700901,0.9591836734693877,0.04081632653061224,1.3486175434808079e-64
2389,dna-private,11,8,3,8060,760,0.25144747725392885,-1.9916710158055382,0.06272898865567579,0.7272727272727273,0.2727272727272727,6.137591276259506e-74
2390,dna-private,40,38,2,8030,761,1.8006226650062267,0.8484958845424542,0.577200390112483,0.95,0.05,6.388400221161359e-26
2391,dna-private,20,18,2,8050,761,0.850807453416149,-0.2330954229434839,0.689509959490357,0.9,0.1,6.388400221161359e-26
2392,dna-private,66,53,13,8015,750,0.3814962330246173,-1.3902592832365601,0.003738872601433919,0.803030303030303,0.19696969696969696,6.137591276259506e-74
2393,dna-private,242,241,1,7827,762,23.46262935990801,4.552292794184676,9.246769496900142e-09,0.9958677685950413,0.004132231404958678,6.137591276259506e-74
2394,dna-private,45,42,3,8026,760,1.3256915026164964,0.40674508960855665,1.0,0.9333333333333333,0.06666666666666667,1.499676973186056e-14
2396,dna-private,19,15,4,8053,759,0.3534397119086055,-1.5004639470327465,0.0754765246969675,0.7894736842105263,0.21052631578947367,6.137591276259506e-74
2397,dna-private,50,45,5,8023,758,0.8503053720553408,-0.2339470423064658,0.6175136262134565,0.9,0.1,6.388400221161359e-26
2398,prot-private,694,688,6,7380,757,11.761878952122855,3.556046643018915,1.4381165040609566e-20,0.9913544668587896,0.008645533141210375,6.137591276259506e-74
2399,dna-private,22,18,4,8050,759,0.42428571428571427,-1.236891991031563,0.11640137205561549,0.8181818181818182,0.18181818181818182,6.137591276259506e-74
2400,dna-private,48,47,1,8021,762,4.4650292980925075,2.1586696418804494,0.12332252487605919,0.9791666666666666,0.020833333333333332,6.137591276259506e-74
2401,dna-private,10,7,3,8061,760,0.21998924864574287,-2.1844950770669267,0.04865901572148691,0.7,0.3,6.137591276259506e-74
2402,dna-private,55,39,16,8029,747,0.22677948686013202,-2.140637946421944,9.85160619416641e-06,0.7090909090909091,0.2909090909090909,6.137591276259506e-74
2403,dna-private,49,47,2,8021,761,2.2295848397955367,1.1567750978906728,0.4381006704700901,0.9591836734693877,0.04081632653061224,1.3486175434808079e-64
2404,dna-private,26,25,1,8043,762,2.36851920925028,1.2439853725643295,0.7222754442803372,0.9615384615384616,0.038461538461538464,6.388400221161359e-26
2405,dna-private,23,15,8,8053,755,0.17578852601514963,-2.508087188235772,0.0004532390599152506,0.6521739130434783,0.34782608695652173,6.137591276259506e-74
2406,dna-private,59,55,4,8013,759,1.3024148259078996,0.38118902758385975,0.8161985798301079,0.9322033898305084,0.06779661016949153,1.499676973186056e-14
2407,shared,11,11,0,8057,763,2.179398076326404,1.1239297349069568,0.6147434751291604,1.0,0.0,6.388400221161359e-26
2408,dna-private,29,28,1,8040,762,2.653731343283582,1.4080223234846352,0.5101863863798867,0.9655172413793104,0.034482758620689655,1.3486175434808079e-64
2409,dna-private,47,45,2,8023,761,2.134176741867132,1.0936796579133503,0.4324542966864182,0.9574468085106383,0.0425531914893617,1.3486175434808079e-64
2410,dna-private,23,17,6,8051,757,0.2664058295035813,-1.9083024430191375,0.011466431173097915,0.7391304347826086,0.2608695652173913,6.137591276259506e-74
2411,dead,47,45,2,8023,761,2.134176741867132,1.0936796579133503,0.4324542966864182,0.9574468085106383,0.0425531914893617,1.3486175434808079e-64
2412,dna-private,26,24,2,8044,761,1.1352560914967678,0.1830177779193497,1.0,0.9230769230769231,0.07692307692307693,0.0001848215361554573
2413,dead,46,44,2,8024,761,2.086490528414756,1.0610783715286622,0.43094864261548504,0.9565217391304348,0.043478260869565216,1.3486175434808079e-64
2415,dna-private,46,44,2,8024,761,2.086490528414756,1.0610783715286622,0.43094864261548504,0.9565217391304348,0.043478260869565216,1.3486175434808079e-64
2416,dna-private,40,30,10,8038,753,0.2810400597163473,-1.831152306665661,0.001691489974689598,0.75,0.25,6.137591276259506e-74
2418,dna-private,25,21,4,8047,759,0.49518454082266683,-1.0139618191611302,0.2690266390706343,0.84,0.16,6.137591276259506e-74
2419,dna-private,133,124,9,7944,754,1.3077095222110329,0.38704211468485333,0.5344954305100738,0.9323308270676691,0.06766917293233082,6.388400221161359e-26
2420,prot-private,60,55,5,8013,758,1.040559091476351,0.0573588954521229,1.0,0.9166666666666666,0.08333333333333333,0.00470690484633421
2421,shared,16,11,5,8057,758,0.20697530098051384,-2.2724694782688077,0.0092674991092931,0.6875,0.3125,6.137591276259506e-74
2423,dna-private,27,26,1,8042,762,2.463566277045511,1.3007482848340537,0.7259809616915744,0.9629629629629629,0.037037037037037035,6.388400221161359e-26
2425,dna-private,34,30,4,8038,759,0.708198556854939,-0.49777419103476034,0.5325881344964782,0.8823529411764706,0.11764705882352941,6.388400221161359e-26
2426,dna-private,31,30,1,8038,762,2.8439910425478976,1.5079169210430954,0.5158143009548789,0.967741935483871,0.03225806451612903,1.3486175434808079e-64
2427,dna-private,10,10,0,8058,763,1.9896382701495317,0.9925061627800148,1.0,1.0,0.0,0.00470690484633421
2428,dna-private,24,21,3,8047,760,0.6611159438299987,-0.5970247869668049,0.45796208248726505,0.875,0.125,1.3486175434808079e-64
2429,shared,27,25,2,8043,761,1.1827054581623773,0.2420908285745528,1.0,0.9259259259259259,0.07407407407407407,0.00470690484633421
2430,dna-private,108,72,36,7996,727,0.18184092046023012,-2.4592512028250333,3.313642064942357e-13,0.6666666666666666,0.3333333333333333,6.137591276259506e-74
2432,prot-private,259,256,3,7812,760,8.301757979177333,3.0534168737229996,2.41834937819914e-07,0.9884169884169884,0.011583011583011582,6.137591276259506e-74
2434,dna-private,152,147,5,7921,758,2.813432647393006,1.4923314261872982,0.012889062150837209,0.9671052631578947,0.03289473684210526,6.137591276259506e-74
2435,dna-private,117,59,58,8009,705,0.08954365993429805,-3.481264902791346,2.543008412211275e-31,0.5042735042735043,0.49572649572649574,6.137591276259506e-74
2436,shared,28,27,1,8041,762,2.5586369854495707,1.355375475067056,0.5093441065762562,0.9642857142857143,0.03571428571428571,1.3486175434808079e-64
2437,dna-private,70,67,3,8001,760,2.1214014914802317,1.0850176877954818,0.28164500143638416,0.9571428571428572,0.04285714285714286,1.3486175434808079e-64
2438,prot-private,316,263,53,7805,710,0.451403913794979,-1.1475091677441236,1.938500486659396e-06,0.8322784810126582,0.16772151898734178,6.137591276259506e-74
2439,prot-private,32,16,16,8052,747,0.0927719821162444,-3.4301670241321025,1.3294701949006255e-09,0.5,0.5,6.137591276259506e-74
2440,dna-private,85,79,6,7989,757,1.2476112988692787,0.3191685235099081,0.8451519574198458,0.9294117647058824,0.07058823529411765,1.499676973186056e-14
2441,dead,25,22,3,8046,760,0.692683735189328,-0.5297312963785412,0.4725039628434682,0.88,0.12,1.3486175434808079e-64
2442,dna-private,65,55,10,8013,753,0.5168476226132535,-0.9521890880470407,0.07075039185831292,0.8461538461538461,0.15384615384615385,6.137591276259506e-74
2443,dna-private,13,11,2,8057,761,0.5194861611021472,-0.9448427780489919,0.31132490475252955,0.8461538461538461,0.15384615384615385,1.3486175434808079e-64
2444,dna-private,24,16,8,8052,755,0.1875310481867859,-2.4147986227088984,0.0006289461776244801,0.6666666666666666,0.3333333333333333,6.137591276259506e-74
2445,dna-private,41,38,3,8030,760,1.198837691988377,0.2616363486487004,1.0,0.926829268292683,0.07317073170731707,0.00470690484633421
2446,prot-private,100,67,33,8001,730,0.18524199626561832,-2.432516885405384,4.469786520615892e-12,0.67,0.33,6.137591276259506e-74
2447,dead,28,27,1,8041,762,2.5586369854495707,1.355375475067056,0.5093441065762562,0.9642857142857143,0.03571428571428571,1.3486175434808079e-64
2448,dna-private,21,21,0,8047,763,4.079589934762349,2.028424145133909,0.25142759190310204,1.0,0.0,6.137591276259506e-74
2449,prot-private,31,30,1,8038,762,2.8439910425478976,1.5079169210430954,0.5158143009548789,0.967741935483871,0.03225806451612903,1.3486175434808079e-64
2450,prot-private,38,33,5,8035,758,0.6226260112009957,-0.6835622459202733,0.3755053214500226,0.868421052631579,0.13157894736842105,1.3486175434808079e-64
2451,prot-private,48,43,5,8025,758,0.8123115264797508,-0.2998949789112005,0.6046146557937583,0.8958333333333334,0.10416666666666667,6.388400221161359e-26
2452,dna-private,82,72,10,7996,753,0.6780390195097549,-0.5605597955177495,0.23577566934645777,0.8780487804878049,0.12195121951219512,6.137591276259506e-74
2453,dna-private,17,17,0,8051,763,3.3189467801030865,1.7307254957322895,0.3917859073460155,1.0,0.0,1.3486175434808079e-64
2455,shared,13,11,2,8057,761,0.5194861611021472,-0.9448427780489919,0.31132490475252955,0.8461538461538461,0.15384615384615385,1.3486175434808079e-64
2456,dead,26,21,5,8047,758,0.39562569901826766,-1.3377919512928673,0.06832843727733481,0.8076923076923077,0.19230769230769232,6.137591276259506e-74
2457,dna-private,60,57,3,8011,760,1.802521532892273,0.8500164939800197,0.48531791239479105,0.95,0.05,1.3486175434808079e-64
2458,dead,45,43,2,8025,761,2.038816199376947,1.0277317213086157,0.43037991709652534,0.9555555555555556,0.044444444444444446,1.3486175434808079e-64
2460,shared,16,14,2,8054,761,0.6614104792649615,-0.5963821913846045,0.6433648787155277,0.875,0.125,6.388400221161359e-26
2461,dna-private,65,52,13,8016,750,0.37425149700598803,-1.4179200078119651,0.003252915924918053,0.8,0.2,6.137591276259506e-74
2462,dna-private,14,12,2,8056,761,0.5667825223435948,-0.8191328237820831,0.3441645340324851,0.8571428571428571,0.14285714285714285,1.3486175434808079e-64
2463,dead,35,30,5,8038,758,0.5658123911420752,-0.8216043231664972,0.22271049171388355,0.8571428571428571,0.14285714285714285,6.137591276259506e-74
2464,dna-private,35,31,4,8037,759,0.7318962299365435,-0.4502889807611938,0.5400047448892422,0.8857142857142857,0.11428571428571428,6.388400221161359e-26
2465,dna-private,17,15,2,8053,761,0.7087420836955172,-0.49666737894466767,0.6538307945337098,0.8823529411764706,0.11764705882352941,6.388400221161359e-26
2466,dna-private,20,15,5,8053,758,0.28237923755122313,-1.8242940791644837,0.024659972710545527,0.75,0.25,6.137591276259506e-74
2467,dna-private,46,40,6,8028,757,0.6286331174223551,-0.6697098172106793,0.2861923865624174,0.8695652173913043,0.13043478260869565,1.3486175434808079e-64
2468,dna-private,40,32,8,8036,755,0.3758088601294176,-1.4119290145208507,0.019194549275229046,0.8,0.2,6.137591276259506e-74
2469,dna-private,89,79,10,7989,753,0.7446113405933158,-0.4254405059701017,0.3443699263649758,0.8876404494382022,0.11235955056179775,1.3486175434808079e-64
2470,prot-private,157,143,14,7925,749,0.9653627760252366,-0.05085689673459562,0.8857421461876779,0.910828025477707,0.08917197452229299,1.499676973186056e-14
2471,dna-private,65,55,10,8013,753,0.5168476226132535,-0.9521890880470407,0.07075039185831292,0.8461538461538461,0.15384615384615385,6.137591276259506e-74
2472,dna-private,147,121,26,7947,737,0.4315948930897968,-1.2122503008622063,0.0004898062495412794,0.8231292517006803,0.17687074829931973,6.137591276259506e-74
2473,prot-private,11,8,3,8060,760,0.25144747725392885,-1.9916710158055382,0.06272898865567579,0.7272727272727273,0.2727272727272727,6.137591276259506e-74
2474,dna-private,36,34,2,8034,761,1.6102813044560618,0.6873127387084181,0.7660921570241743,0.9444444444444444,0.05555555555555555,6.388400221161359e-26
2475,prot-private,124,111,13,7957,750,0.8048066047311995,-0.31328595006468646,0.42195257921614693,0.8951612903225806,0.10483870967741936,1.3486175434808079e-64
2476,dna-private,115,106,9,7962,754,1.1153534846074409,0.15750101029820154,0.8682411402485991,0.9217391304347826,0.0782608695652174,1.499676973186056e-14
2477,dna-private,43,39,4,8029,759,0.9216901233030266,-0.11764630379571438,0.7852915920495436,0.9069767441860465,0.09302325581395349,6.388400221161359e-26
2478,dna-private,14,13,1,8055,762,1.2297951582867783,0.29841803204048295,1.0,0.9285714285714286,0.07142857142857142,0.00470690484633421
2479,dna-private,13,10,3,8058,760,0.31438735831885495,-1.6693848876514445,0.09567651131280328,0.7692307692307693,0.23076923076923078,6.137591276259506e-74
2481,dna-private,19,12,7,8056,756,0.1608738828202582,-2.63599796512216,0.0006978628484707713,0.631578947368421,0.3684210526315789,6.137591276259506e-74
2482,prot-private,103,100,3,7968,760,3.179384203480589,1.6687473653164355,0.03324636778952659,0.970873786407767,0.02912621359223301,6.137591276259506e-74
2483,dna-private,149,142,7,7926,756,1.934897804693414,0.9522573697001667,0.10353222150990778,0.9530201342281879,0.04697986577181208,6.137591276259506e-74
2484,dna-private,31,31,0,8037,763,5.984510108864697,2.581233153194096,0.10691894429686633,1.0,0.0,6.137591276259506e-74
2485,dna-private,12,11,1,8057,762,1.0403375946382027,0.05705176594078467,1.0,0.9166666666666666,0.08333333333333333,8.510575869671689e-13
2486,dna-private,71,66,5,8002,758,1.2503874031492126,0.3223751492965808,0.8317555343109059,0.9295774647887324,0.07042253521126761,1.499676973186056e-14
2487,shared,39,35,4,8033,759,0.8267459230673472,-0.2744840688163277,0.5763509902567905,0.8974358974358975,0.10256410256410256,6.388400221161359e-26
2488,prot-private,210,139,71,7929,692,0.1708614659326878,-2.549101029507176,2.1764616803963644e-25,0.6619047619047619,0.3380952380952381,6.137591276259506e-74
2489,dna-private,69,54,15,8014,748,0.3360119790366858,-1.5734154279882113,0.0006583013420176156,0.782608695652174,0.21739130434782608,6.137591276259506e-74
2490,dna-private,59,54,5,8014,758,1.0215123533815822,0.030706651016399893,1.0,0.9152542372881356,0.0847457627118644,8.510575869671689e-13
2491,prot-private,152,150,2,7918,761,7.20825966153069,2.8496509819693294,0.00020818576731329575,0.9868421052631579,0.013157894736842105,6.137591276259506e-74
2492,dna-private,66,51,15,8017,748,0.317225894973182,-1.6564175526456812,0.00039783251323787525,0.7727272727272727,0.22727272727272727,6.137591276259506e-74
2493,dna-private,25,24,1,8044,762,2.2734957732471406,1.1849123219091262,0.7193889252568892,0.96,0.04,6.388400221161359e-26
2494,dna-private,111,73,38,7995,725,0.17420427240709654,-2.5211480880289656,2.709939349689873e-14,0.6576576576576577,0.34234234234234234,6.137591276259506e-74
2495,prot-private,414,378,36,7690,727,0.9926527958387517,-0.010638906150834184,0.9287024254575559,0.9130434782608695,0.08695652173913043,1.499676973186056e-14
2496,dna-private,63,59,4,8009,759,1.3978336871020103,0.4831927204655367,0.6558285694653705,0.9365079365079365,0.06349206349206349,6.388400221161359e-26
2497,prot-private,95,92,3,7976,760,2.9220996322300232,1.5470053692686085,0.06352443818935882,0.968421052631579,0.031578947368421054,6.137591276259506e-74
2498,prot-private,25,23,2,8045,761,1.0878185208203854,0.12143789394974983,1.0,0.92,0.08,8.510575869671689e-13
2499,prot-private,214,214,0,7854,763,41.701126742631615,5.382014459949294,7.227103892489358e-09,1.0,0.0,6.137591276259506e-74
2500,dna-private,17,15,2,8053,761,0.7087420836955172,-0.49666737894466767,0.6538307945337098,0.8823529411764706,0.11764705882352941,6.388400221161359e-26
2501,prot-private,15,13,2,8055,761,0.614090626939789,-0.7034765119492934,0.37647785138890716,0.8666666666666667,0.13333333333333333,1.3486175434808079e-64
2502,dna-private,32,31,1,8037,762,2.939156401642404,1.555402131316662,0.5203953958732317,0.96875,0.03125,6.388400221161359e-26
2503,dna-private,15,15,0,8053,763,2.9389085490780404,1.5552804669020328,0.6340216938892271,1.0,0.0,6.388400221161359e-26
2504,dna-private,14,10,4,8058,759,0.23548026805658973,-2.0863219198457696,0.027437579526156688,0.7142857142857143,0.2857142857142857,6.137591276259506e-74
2506,shared,17,17,0,8051,763,3.3189467801030865,1.7307254957322895,0.3917859073460155,1.0,0.0,1.3486175434808079e-64
2507,shared,402,396,6,7672,757,6.512252346193952,2.7031566043260544,8.658077529111015e-10,0.9850746268656716,0.014925373134328358,6.137591276259506e-74
2508,dna-private,164,159,5,7909,758,3.0477177898596537,1.6077293194914897,0.007055186107496733,0.9695121951219512,0.03048780487804878,6.137591276259506e-74
2509,dna-private,51,49,2,8019,761,2.3250405287442324,1.2172558646545193,0.31828275403058753,0.9607843137254902,0.0392156862745098,1.3486175434808079e-64
2510,dna-private,23,18,5,8050,758,0.33898136645962734,-1.5607221231633,0.043210400933891426,0.782608695652174,0.21739130434782608,6.137591276259506e-74
2511,dna-private,81,65,16,8003,747,0.37919373984755717,-1.3989929480705865,0.0019639868312648955,0.8024691358024691,0.19753086419753085,6.137591276259506e-74
2512,dead,36,32,4,8036,759,0.7555998008959681,-0.40430577331782563,0.5481765446359741,0.8888888888888888,0.1111111111111111,6.388400221161359e-26
2513,prot-private,20,19,1,8049,762,1.798732761833768,0.8469808609552302,1.0,0.95,0.05,0.00470690484633421
2514,dna-private,57,45,12,8023,751,0.35102206157297766,-1.5103663887970795,0.0029610171643206025,0.7894736842105263,0.21052631578947367,6.137591276259506e-74
2515,shared,43,39,4,8029,759,0.9216901233030266,-0.11764630379571438,0.7852915920495436,0.9069767441860465,0.09302325581395349,6.388400221161359e-26
2516,prot-private,14,11,3,8057,760,0.34586901659012864,-1.5317023139427457,0.1142871290727978,0.7857142857142857,0.21428571428571427,6.137591276259506e-74
2517,shared,45,43,2,8025,761,2.038816199376947,1.0277317213086157,0.43037991709652534,0.9555555555555556,0.044444444444444446,1.3486175434808079e-64
2518,prot-private,60,56,4,8012,759,1.3262606090863704,0.40736429166036275,0.8168157466432637,0.9333333333333333,0.06666666666666667,1.499676973186056e-14
2519,dna-private,158,148,10,7920,753,1.4071212121212122,0.4927466104465437,0.38956127300841226,0.9367088607594937,0.06329113924050633,1.3486175434808079e-64
2520,prot-private,26,25,1,8043,762,2.36851920925028,1.2439853725643295,0.7222754442803372,0.9615384615384616,0.038461538461538464,6.388400221161359e-26
2522,shared,15,13,2,8055,761,0.614090626939789,-0.7034765119492934,0.37647785138890716,0.8666666666666667,0.13333333333333333,1.3486175434808079e-64
2523,prot-private,339,300,39,7768,724,0.7169452586548364,-0.4800651267023544,0.06075108704032098,0.8849557522123894,0.11504424778761062,6.137591276259506e-74
2524,dna-private,34,29,5,8039,758,0.5468839407886553,-0.8706933968131773,0.21185425029248942,0.8529411764705882,0.14705882352941177,6.137591276259506e-74
2525,dna-private,81,80,1,7988,762,7.631447170756134,2.931956664936712,0.009165302936078139,0.9876543209876543,0.012345679012345678,6.137591276259506e-74
2526,prot-private,77,74,3,7994,760,2.345092152447669,1.2296446158182943,0.15643149207565354,0.961038961038961,0.03896103896103896,6.137591276259506e-74
2527,dna-private,36,32,4,8036,759,0.7555998008959681,-0.40430577331782563,0.5481765446359741,0.8888888888888888,0.1111111111111111,6.388400221161359e-26
2530,dna-private,643,634,9,7434,754,7.144889845454817,2.8369117691040016,7.215470464143434e-16,0.9860031104199067,0.013996889580093312,6.137591276259506e-74
2531,dna-private,265,254,11,7814,752,2.222211880773437,1.151996379628833,0.005393421423584742,0.9584905660377359,0.04150943396226415,6.137591276259506e-74
2533,dna-private,43,38,5,8030,758,0.7174097135740971,-0.47913081567736204,0.41632227297583635,0.8837209302325582,0.11627906976744186,1.3486175434808079e-64
2534,dna-private,55,54,1,8014,762,5.134514599450961,2.3602278952259925,0.08715562943947111,0.9818181818181818,0.01818181818181818,6.137591276259506e-74
2535,dna-private,29,26,3,8042,760,0.8190334079416397,-0.2880057950494767,0.7354723604369783,0.896551724137931,0.10344827586206896,6.388400221161359e-26
2536,dna-private,284,271,13,7797,750,2.0052091040932902,1.0037526894026658,0.009873077620825786,0.954225352112676,0.045774647887323945,6.137591276259506e-74
2537,dna-private,21,20,1,8048,762,1.893638170974155,0.9211606925751572,1.0,0.9523809523809523,0.047619047619047616,1.499676973186056e-14
2538,dna-private,214,206,8,7862,755,2.472812261511066,1.3061527129715655,0.006483074334291017,0.9626168224299065,0.037383177570093455,6.137591276259506e-74
2539,dna-private,54,50,4,8018,759,1.1832751309553504,0.24278556303942034,1.0,0.9259259259259259,0.07407407407407407,1.499676973186056e-14
2540,dna-private,561,536,25,7532,738,2.1007328730748807,1.0708927221292157,0.00012837617489069777,0.9554367201426025,0.044563279857397504,6.137591276259506e-74
2541,dna-private,23,18,5,8050,758,0.33898136645962734,-1.5607221231633,0.043210400933891426,0.782608695652174,0.21739130434782608,6.137591276259506e-74
2542,prot-private,30,19,11,8049,752,0.16137521318289116,-2.6315090934977516,2.198646146960486e-05,0.6333333333333333,0.36666666666666664,6.137591276259506e-74
2543,dna-private,88,83,5,7985,758,1.5758046336881653,0.6560886823320591,0.44365265870577075,0.9431818181818182,0.056818181818181816,1.3486175434808079e-64
2544,shared,24,23,1,8045,762,2.1784959602237413,1.1233324379395262,0.7174205323835983,0.9583333333333334,0.041666666666666664,6.388400221161359e-26
2546,dna-private,24,20,4,8048,759,0.47154572564612324,-1.0845304195026986,0.14800296197823892,0.8333333333333334,0.16666666666666666,6.137591276259506e-74
2547,dna-private,23,18,5,8050,758,0.33898136645962734,-1.5607221231633,0.043210400933891426,0.782608695652174,0.21739130434782608,6.137591276259506e-74
2548,dna-private,50,48,2,8020,761,2.2773067331670824,1.1873286228824191,0.3179051122649078,0.96,0.04,1.3486175434808079e-64
2549,dna-private,397,382,15,7686,748,2.478410963656865,1.309415431252064,0.00015822235941655987,0.9622166246851386,0.037783375314861464,6.137591276259506e-74
2550,dna-private,26,24,2,8044,761,1.1352560914967678,0.1830177779193497,1.0,0.9230769230769231,0.07692307692307693,1.499676973186056e-14
2551,dna-private,52,44,8,8024,755,0.5175099700897308,-0.9503414377624423,0.08505202690051364,0.8461538461538461,0.15384615384615385,6.137591276259506e-74
2552,dna-private,52,47,5,8021,758,0.8883181648173545,-0.17085160232914326,0.8023241620725681,0.9038461538461539,0.09615384615384616,1.499676973186056e-14
2553,dna-private,48,46,2,8022,761,2.181874844178509,1.1255683487460493,0.43485333151682726,0.9583333333333334,0.041666666666666664,1.3486175434808079e-64
2555,dna-private,51,50,1,8018,762,4.751808431030182,2.248476675117276,0.126899377633103,0.9803921568627451,0.0196078431372549,6.137591276259506e-74
2557,prot-private,67,67,0,8001,763,12.881647191151659,3.687245179222133,0.0037753465498433928,1.0,0.0,6.137591276259506e-74
2558,dna-private,81,71,10,7997,753,0.6685382018256847,-0.5809180932676437,0.23085068450006402,0.8765432098765432,0.12345679012345678,6.137591276259506e-74
2559,dna-private,42,33,9,8035,754,0.34407799211781787,-1.5391924773776509,0.008480687949955386,0.7857142857142857,0.21428571428571427,6.137591276259506e-74
2560,dna-private,169,148,21,7920,742,0.6602693602693602,-0.5988733954959793,0.09488635400200573,0.8757396449704142,0.1242603550295858,6.137591276259506e-74
2561,dna-private,59,57,2,8011,761,2.707339907627013,1.4368760298737735,0.2386021978668214,0.9661016949152542,0.03389830508474576,6.137591276259506e-74
2562,prot-private,18,18,0,8050,763,3.509036705794671,1.8110750389315806,0.39580838671128105,1.0,0.0,1.3486175434808079e-64
2563,shared,27,26,1,8042,762,2.463566277045511,1.3007482848340537,0.7259809616915744,0.9629629629629629,0.037037037037037035,6.388400221161359e-26
2564,dna-private,38,35,3,8033,760,1.1037802398439769,0.14245296337799762,1.0,0.9210526315789473,0.07894736842105263,8.510575869671689e-13
2565,dna-private,57,45,12,8023,751,0.35102206157297766,-1.5103663887970795,0.0029610171643206025,0.7894736842105263,0.21052631578947367,6.137591276259506e-74
2567,dna-private,49,44,5,8024,758,0.8313060817547357,-0.26654832869115413,0.6108372502750749,0.8979591836734694,0.10204081632653061,6.388400221161359e-26
2568,prot-private,21,21,0,8047,763,4.079589934762349,2.028424145133909,0.25142759190310204,1.0,0.0,6.137591276259506e-74
2569,dna-private,46,39,7,8029,756,0.5245983310499439,-0.9307148770477123,0.11342007414662528,0.8478260869565217,0.15217391304347827,6.137591276259506e-74
2570,dna-private,673,652,21,7416,742,3.106436533621,1.6352605794475898,4.826066813112819e-09,0.9687964338781575,0.031203566121842496,6.137591276259506e-74
2571,dna-private,28,25,3,8043,760,0.787434207799743,-0.344768707319201,0.7304102003319707,0.8928571428571429,0.10714285714285714,6.388400221161359e-26
2572,dna-private,88,86,2,7982,761,4.099599097970433,2.035482834694372,0.033050067132208386,0.9772727272727273,0.022727272727272728,6.137591276259506e-74
2573,dead,34,32,2,8036,761,1.5151816824290691,0.5994907947702535,0.765131878985169,0.9411764705882353,0.058823529411764705,6.388400221161359e-26
2574,dna-private,35,31,4,8037,759,0.7318962299365435,-0.4502889807611938,0.5400047448892422,0.8857142857142857,0.11428571428571428,6.388400221161359e-26
2576,dna-private,40,33,7,8035,756,0.4435594275046671,-1.172800687040534,0.07971035981555347,0.825,0.175,6.137591276259506e-74
2577,dna-private,18,13,5,8055,758,0.24466790813159528,-2.0311032121691097,0.01573344202619005,0.7222222222222222,0.2777777777777778,6.137591276259506e-74
2578,dead,27,23,4,8045,759,0.5424798011187073,-0.8823586741383294,0.28746707582594033,0.8518518518518519,0.14814814814814814,1.3486175434808079e-64
2579,shared,23,23,0,8045,763,4.460195140140451,2.157106831570286,0.2566084918038831,1.0,0.0,6.137591276259506e-74
2580,dna-private,145,132,13,7936,750,0.9595998759305211,-0.0594951237862707,0.8811363221903388,0.9103448275862069,0.0896551724137931,1.499676973186056e-14
2581,dna-private,46,43,3,8025,760,1.3574247144340603,0.4408721854148619,0.7950578534474642,0.9347826086956522,0.06521739130434782,6.388400221161359e-26
2582,dna-private,252,229,23,7839,740,0.9398936199714915,-0.0894306174849338,0.7333784872035214,0.9087301587301587,0.09126984126984126,6.388400221161359e-26
2583,dna-private,36,30,6,8038,757,0.4708882806668325,-1.0865432771856511,0.12407763485417378,0.8333333333333334,0.16666666666666666,6.137591276259506e-74
2584,dead,37,35,2,8033,761,1.6578488733972363,0.7293124992717513,0.7674493121844022,0.9459459459459459,0.05405405405405406,6.388400221161359e-26
2585,prot-private,31,24,7,8044,756,0.32222774738935855,-1.6338473634207271,0.014629950189399336,0.7741935483870968,0.22580645161290322,6.137591276259506e-74
2586,dna-private,59,53,6,8015,757,0.834289873154502,-0.26137936121413574,0.6397721118409453,0.8983050847457628,0.1016949152542373,6.388400221161359e-26
2587,dna-private,19,14,5,8054,758,0.2635212316861187,-1.9240088916044207,0.019870482712073607,0.7368421052631579,0.2631578947368421,6.137591276259506e-74
2589,dna-private,12,11,1,8057,762,1.0403375946382027,0.05705176594078467,1.0,0.9166666666666666,0.08333333333333333,8.510575869671689e-13
2590,prot-private,91,82,9,7986,754,0.8602276205581991,-0.21720964018861225,0.5774937962654534,0.9010989010989011,0.0989010989010989,6.388400221161359e-26
2591,dna-private,81,74,7,7994,756,0.9997498123592694,-0.00036098962802863114,1.0,0.9135802469135802,0.08641975308641975,8.510575869671689e-13
2592,dna-private,43,38,5,8030,758,0.7174097135740971,-0.47913081567736204,0.41632227297583635,0.8837209302325582,0.11627906976744186,1.3486175434808079e-64
2593,dead,61,60,1,8008,762,5.709290709290709,2.513311524265847,0.06188387398200929,0.9836065573770492,0.01639344262295082,6.137591276259506e-74
2594,dna-private,68,65,3,8003,760,2.057561747677954,1.040935726749968,0.2791915717124593,0.9558823529411765,0.04411764705882353,1.3486175434808079e-64
2595,shared,35,30,5,8038,758,0.5658123911420752,-0.8216043231664972,0.22271049171388355,0.8571428571428571,0.14285714285714285,6.137591276259506e-74
2596,shared,28,24,4,8044,759,0.5661362506215813,-0.8207787901687292,0.2985886706930741,0.8571428571428571,0.14285714285714285,1.3486175434808079e-64
2597,dna-private,54,50,4,8018,759,1.1832751309553504,0.24278556303942034,1.0,0.9259259259259259,0.07407407407407407,1.499676973186056e-14
2598,dna-private,16,15,1,8053,762,1.4193468272693406,0.5052271650451089,1.0,0.9375,0.0625,1.499676973186056e-14
2599,dna-private,24,20,4,8048,759,0.47154572564612324,-1.0845304195026986,0.14800296197823892,0.8333333333333334,0.16666666666666666,6.137591276259506e-74
2600,dna-private,13,11,2,8057,761,0.5194861611021472,-0.9448427780489919,0.31132490475252955,0.8461538461538461,0.15384615384615385,1.3486175434808079e-64
2601,dna-private,48,36,12,8032,751,0.28050298804780877,-1.833911955715344,0.0005994834194782573,0.75,0.25,6.137591276259506e-74
2602,dna-private,293,282,11,7786,752,2.4760525885622213,1.3080419560918504,0.0013816685353811435,0.962457337883959,0.03754266211604096,6.137591276259506e-74
2603,prot-private,135,122,13,7946,750,0.8857867528896978,-0.17496867328306148,0.643051543229743,0.9037037037037037,0.0962962962962963,6.388400221161359e-26
2606,dead,31,28,3,8040,760,0.8822553897180763,-0.18073175639889522,0.7471571356606916,0.9032258064516129,0.0967741935483871,6.388400221161359e-26
2607,shared,34,33,1,8035,762,3.1295581829495953,1.6459589982893192,0.360483975156175,0.9705882352941176,0.029411764705882353,1.3486175434808079e-64
2608,dna-private,186,177,9,7891,754,1.8791872597473915,0.9101088375125751,0.06425326569365863,0.9516129032258065,0.04838709677419355,6.137591276259506e-74
2609,dna-private,168,141,27,7927,736,0.4848688729097459,-1.0443334547645,0.00193571056916369,0.8392857142857143,0.16071428571428573,6.137591276259506e-74
2610,dna-private,83,64,19,8004,744,0.3131066045924406,-1.6752741542412954,6.302629469382982e-05,0.7710843373493976,0.2289156626506024,6.137591276259506e-74
2611,dna-private,620,604,16,7464,747,3.7780345659163985,1.9176359012625572,2.782250088781426e-10,0.9741935483870968,0.025806451612903226,6.137591276259506e-74
2612,dna-private,130,126,4,7942,759,3.010387811634349,1.5899493533909146,0.017688024947400294,0.9692307692307692,0.03076923076923077,6.137591276259506e-74
2613,prot-private,22,20,2,8048,761,0.9455765407554672,-0.08073385141461938,0.7149840631017713,0.9090909090909091,0.09090909090909091,6.388400221161359e-26
2614,prot-private,92,90,2,7978,761,4.2924291802456755,2.101794331746057,0.02312095997936171,0.9782608695652174,0.021739130434782608,6.137591276259506e-74
2615,dna-private,71,64,7,8004,756,0.863568215892054,-0.21161794974227255,0.6702707107429249,0.9014084507042254,0.09859154929577464,6.388400221161359e-26
2616,prot-private,42,27,15,8041,748,0.16744186046511628,-2.578267848147148,1.0434591433844244e-06,0.6428571428571429,0.35714285714285715,6.137591276259506e-74
2617,prot-private,92,74,18,7994,745,0.38313457315208627,-1.3840768778842856,0.0009983257669468524,0.8043478260869565,0.1956521739130435,6.137591276259506e-74
2618,dna-private,12,11,1,8057,762,1.0403375946382027,0.05705176594078467,1.0,0.9166666666666666,0.08333333333333333,1.499676973186056e-14
2619,dna-private,19,15,4,8053,759,0.3534397119086055,-1.5004639470327465,0.0754765246969675,0.7894736842105263,0.21052631578947367,6.137591276259506e-74
2620,prot-private,294,286,8,7782,755,3.4684207144692882,1.7942789060179751,4.9002806932614616e-05,0.9727891156462585,0.027210884353741496,6.137591276259506e-74
2621,prot-private,28,23,5,8045,758,0.43341205717837167,-1.2061888062700663,0.08872434228178167,0.8214285714285714,0.17857142857142858,6.137591276259506e-74
2622,dna-private,24,22,2,8046,761,1.0403927417350236,0.05712823951521257,1.0,0.9166666666666666,0.08333333333333333,1.499676973186056e-14
2623,shared,11,10,1,8058,762,0.9456440804169769,-0.08063080776791416,1.0,0.9090909090909091,0.09090909090909091,1.499676973186056e-14
2624,shared,32,32,0,8036,763,6.175262863186711,2.626500549384666,0.10839836940242864,1.0,0.0,6.137591276259506e-74
2626,dna-private,18,12,6,8056,757,0.18793445878848064,-2.411698478021053,0.0030596653929017732,0.6666666666666666,0.3333333333333333,6.137591276259506e-74
2628,dna-private,73,66,7,8002,756,0.8907773056735816,-0.1668632918236799,0.6776458371579566,0.9041095890410958,0.0958904109589041,6.388400221161359e-26
2629,dna-private,99,94,5,7974,758,1.7871081013293202,0.837626904964036,0.27754323451547713,0.9494949494949495,0.050505050505050504,6.137591276259506e-74
2630,dna-private,39,37,2,8031,761,1.7530195492466691,0.8098420847705613,0.7717129128023361,0.9487179487179487,0.05128205128205128,6.388400221161359e-26
2631,dna-private,79,78,1,7990,762,7.438798498122654,2.8950696185402314,0.013737019482254345,0.9873417721518988,0.012658227848101266,6.137591276259506e-74
2634,dna-private,30,28,2,8040,761,1.3251243781094528,0.4061277794948587,1.0,0.9333333333333333,0.06666666666666667,1.499676973186056e-14
2635,dna-private,31,28,3,8040,760,0.8822553897180763,-0.18073175639889522,0.7471571356606916,0.9032258064516129,0.0967741935483871,6.388400221161359e-26
2636,dna-private,12,10,2,8058,761,0.47220153884338545,-1.0825253517576907,0.27814822883872553,0.8333333333333334,0.16666666666666666,1.3486175434808079e-64
2637,dna-private,18,15,3,8053,760,0.4718738358375761,-1.0835269148384212,0.19951958732975172,0.8333333333333334,0.16666666666666666,6.137591276259506e-74
2638,shared,38,36,2,8032,761,1.7054282868525896,0.7701340909950858,0.7693366757055152,0.9473684210526315,0.05263157894736842,6.388400221161359e-26
2639,dna-private,45,41,4,8027,759,0.9691977077363897,-0.04513710223311509,0.7939792105708714,0.9111111111111111,0.08888888888888889,6.388400221161359e-26
2640,dna-private,26,21,5,8047,758,0.39562569901826766,-1.3377919512928673,0.06832843727733481,0.8076923076923077,0.19230769230769232,6.137591276259506e-74
2641,dna-private,34,25,9,8043,754,0.2604058739828975,-1.9411661031026406,0.001860175013329245,0.7352941176470589,0.2647058823529412,6.137591276259506e-74
2642,dna-private,118,117,1,7951,762,11.212929191296693,3.487091302355639,0.00042691345528136405,0.9915254237288136,0.00847457627118644,6.137591276259506e-74
2643,dna-private,73,68,5,8000,758,1.2886,0.36580449987198166,0.8330946964386712,0.9315068493150684,0.0684931506849315,1.499676973186056e-14
2644,prot-private,20,18,2,8050,761,0.850807453416149,-0.2330954229434839,0.689509959490357,0.9,0.1,6.388400221161359e-26
2645,shared,14,14,0,8054,763,2.748960208579055,1.4588860238748205,0.6261069302735234,1.0,0.0,6.388400221161359e-26
2646,dna-private,102,93,9,7975,754,0.9769696969696969,-0.03361428060521082,0.859940421890961,0.9117647058823529,0.08823529411764706,1.499676973186056e-14
2647,dna-private,44,33,11,8035,752,0.2807716241443684,-1.8325309561636625,0.0010055317646569435,0.75,0.25,6.137591276259506e-74
2648,dna-private,18,17,1,8051,762,1.6089926717177991,0.6861577552096091,1.0,0.9444444444444444,0.05555555555555555,1.499676973186056e-14
2650,dna-private,50,47,3,8021,760,1.48443668702988,0.5699155619969191,0.7985132540164093,0.94,0.06,6.388400221161359e-26
2651,dna-private,45,41,4,8027,759,0.9691977077363897,-0.04513710223311509,0.7939792105708714,0.9111111111111111,0.08888888888888889,6.388400221161359e-26
2652,dna-private,15,15,0,8053,763,2.9389085490780404,1.5552804669020328,0.6340216938892271,1.0,0.0,6.388400221161359e-26
2653,prot-private,76,73,3,7995,760,2.3131123618928497,1.2098353481221145,0.2136276427862524,0.9605263157894737,0.039473684210526314,6.137591276259506e-74
2654,shared,23,21,2,8047,761,0.9929787498446626,-0.010165251073051074,1.0,0.9130434782608695,0.08695652173913043,1.499676973186056e-14
2655,dna-private,33,27,6,8041,757,0.42364133814202215,-1.2390847231616906,0.0604842771490088,0.8181818181818182,0.18181818181818182,6.137591276259506e-74
2656,dead,34,30,4,8038,759,0.708198556854939,-0.49777419103476034,0.5325881344964782,0.8823529411764706,0.11764705882352941,6.388400221161359e-26
2657,prot-private,278,276,2,7792,761,13.477669404517453,3.752499138199372,6.2274717169976e-09,0.9928057553956835,0.007194244604316547,6.137591276259506e-74
2658,dna-private,35,32,3,8036,760,1.0087937614070017,0.012631258876499603,1.0,0.9142857142857143,0.08571428571428572,1.499676973186056e-14
2659,dna-private,29,27,2,8041,761,1.2776395970650416,0.3534809310772793,1.0,0.9310344827586207,0.06896551724137931,1.499676973186056e-14
2660,dna-private,39,34,5,8034,758,0.6415733134179736,-0.640313961511398,0.3819673631645426,0.8717948717948718,0.1282051282051282,1.3486175434808079e-64
2661,dna-private,41,40,1,8028,762,3.796711509715994,1.9247503810180673,0.2578854518887244,0.975609756097561,0.024390243902439025,6.137591276259506e-74
2662,dna-private,14,13,1,8055,762,1.2297951582867783,0.29841803204048295,1.0,0.9285714285714286,0.07142857142857142,1.499676973186056e-14
2664,dna-private,10,7,3,8061,760,0.21998924864574287,-2.1844950770669267,0.04865901572148691,0.7,0.3,6.137591276259506e-74
2665,shared,20,19,1,8049,762,1.798732761833768,0.8469808609552302,1.0,0.95,0.05,1.499676973186056e-14
2666,dna-private,10,9,1,8059,762,0.8509740662613228,-0.2328129289529579,0.59509736615207,0.9,0.1,6.388400221161359e-26
2669,prot-private,194,171,23,7897,740,0.6966872395130788,-0.5214169556801636,0.11935929012608146,0.8814432989690721,0.11855670103092783,6.137591276259506e-74
2670,dna-private,31,29,2,8039,761,1.3726209727578056,0.4569333034066387,1.0,0.9354838709677419,0.06451612903225806,1.499676973186056e-14
2671,dna-private,21,18,3,8050,760,0.5664596273291925,-0.8199549588372377,0.42023358676848527,0.8571428571428571,0.14285714285714285,1.3486175434808079e-64
2672,prot-private,11,11,0,8057,763,2.179398076326404,1.1239297349069568,0.6147434751291604,1.0,0.0,6.388400221161359e-26
2673,shared,20,17,3,8051,760,0.5349231979464248,-0.9025963246739215,0.24653007314042663,0.85,0.15,6.137591276259506e-74
2674,dna-private,32,28,4,8040,759,0.6608208955223881,-0.5976687885932205,0.3527235621150381,0.875,0.125,1.3486175434808079e-64
2675,dna-private,42,31,11,8037,752,0.2636895268474216,-1.92308782313632,0.0006582843457107967,0.7380952380952381,0.2619047619047619,6.137591276259506e-74
2676,dna-private,14,12,2,8056,761,0.5667825223435948,-0.8191328237820831,0.3441645340324851,0.8571428571428571,0.14285714285714285,1.3486175434808079e-64
2677,dna-private,32,29,3,8039,760,0.9138781772193888,-0.12992623248711502,0.7536237834637938,0.90625,0.09375,6.388400221161359e-26
2678,dna-private,16,13,3,8055,760,0.40885578315745913,-1.2903360478430472,0.15504769204284768,0.8125,0.1875,6.137591276259506e-74
2679,shared,33,32,1,8036,762,3.0343454454952714,1.60138533876003,0.35982551827944353,0.9696969696969697,0.030303030303030304,1.3486175434808079e-64
2680,dna-private,16,13,3,8055,760,0.40885578315745913,-1.2903360478430472,0.15504769204284768,0.8125,0.1875,6.137591276259506e-74
2681,dna-private,57,54,3,8014,760,1.7070127277264786,0.7714738153424622,0.4814145085434018,0.9473684210526315,0.05263157894736842,1.3486175434808079e-64
2682,shared,18,17,1,8051,762,1.6089926717177991,0.6861577552096091,1.0,0.9444444444444444,0.05555555555555555,1.499676973186056e-14
2683,dead,33,32,1,8036,762,3.0343454454952714,1.60138533876003,0.35982551827944353,0.9696969696969697,0.030303030303030304,1.3486175434808079e-64
2684,dna-private,29,26,3,8042,760,0.8190334079416397,-0.2880057950494767,0.7354723604369783,0.896551724137931,0.10344827586206896,6.388400221161359e-26
2685,dna-private,15,13,2,8055,761,0.614090626939789,-0.7034765119492934,0.37647785138890716,0.8666666666666667,0.13333333333333333,1.3486175434808079e-64
2686,dna-private,28,24,4,8044,759,0.5661362506215813,-0.8207787901687292,0.2985886706930741,0.8571428571428571,0.14285714285714285,1.3486175434808079e-64
2687,prot-private,404,363,41,7705,722,0.8296354916826261,-0.26945048113730974,0.27607499639404104,0.8985148514851485,0.10148514851485149,6.137591276259506e-74
2688,dna-private,117,100,17,7968,746,0.5507323411292228,-0.8605767632884579,0.03005147145901775,0.8547008547008547,0.1452991452991453,6.137591276259506e-74
2689,prot-private,22,17,5,8051,758,0.32010930319215003,-1.6433634889999837,0.03630953794241455,0.7727272727272727,0.22727272727272727,6.137591276259506e-74
2690,dna-private,40,39,1,8029,762,3.7013326690746045,1.8880448082821413,0.2551092409239627,0.975,0.025,6.137591276259506e-74
2692,dna-private,11,8,3,8060,760,0.25144747725392885,-1.9916710158055382,0.06272898865567579,0.7272727272727273,0.2727272727272727,6.137591276259506e-74
2693,dna-private,13,10,3,8058,760,0.31438735831885495,-1.6693848876514445,0.09567651131280328,0.7692307692307693,0.23076923076923078,6.137591276259506e-74
2694,dna-private,42,42,0,8026,763,8.085404597271538,3.0153199686120344,0.047577918521787874,1.0,0.0,6.137591276259506e-74
2695,dna-private,41,38,3,8030,760,1.198837691988377,0.2616363486487004,1.0,0.926829268292683,0.07317073170731707,1.499676973186056e-14
2696,prot-private,276,210,66,7858,697,0.28222541012054886,-1.8250802082825943,6.771414285906429e-15,0.7608695652173914,0.2391304347826087,6.137591276259506e-74
2697,dna-private,30,26,4,8042,759,0.6134667993036558,-0.7049428272438021,0.3239706779083888,0.8666666666666667,0.13333333333333333,1.3486175434808079e-64
2698,dead,13,13,0,8055,763,2.5590590279932965,1.3556134253808918,0.6199739488311733,1.0,0.0,6.388400221161359e-26
2699,dna-private,11,11,0,8057,763,2.179398076326404,1.1239297349069568,0.6147434751291604,1.0,0.0,6.388400221161359e-26
2700,dna-private,17,16,1,8052,762,1.5141579731743666,0.5985157305719824,1.0,0.9411764705882353,0.058823529411764705,1.499676973186056e-14
2701,dna-private,49,47,2,8021,761,2.2295848397955367,1.1567750978906728,0.4381006704700901,0.9591836734693877,0.04081632653061224,1.3486175434808079e-64
2702,dna-private,20,20,0,8048,763,3.8893582655153134,1.9595321337374263,0.4103003441798839,1.0,0.0,1.3486175434808079e-64
2703,dna-private,17,16,1,8052,762,1.5141579731743666,0.5985157305719824,1.0,0.9411764705882353,0.058823529411764705,1.499676973186056e-14
2704,prot-private,38,36,2,8032,761,1.7054282868525896,0.7701340909950858,0.7693366757055152,0.9473684210526315,0.05263157894736842,6.388400221161359e-26
2705,prot-private,12,12,0,8056,763,2.369204989759821,1.2444030296948858,0.6160300460842021,1.0,0.0,6.388400221161359e-26
2707,dna-private,283,266,17,7802,746,1.4961171343697695,0.5812231314815258,0.13099243222008236,0.9399293286219081,0.06007067137809187,6.137591276259506e-74
2708,prot-private,346,332,14,7736,749,2.296018614270941,1.1991343382712305,0.0011677376079851825,0.9595375722543352,0.04046242774566474,6.137591276259506e-74
2709,dna-private,46,41,5,8027,758,0.774336613927993,-0.36896723436485207,0.5937279062956088,0.8913043478260869,0.10869565217391304,6.388400221161359e-26
2710,dna-private,120,107,13,7961,750,0.7754147623510769,-0.3669598934996391,0.4105861431753853,0.8916666666666667,0.10833333333333334,1.3486175434808079e-64
2711,dna-private,32,30,2,8038,761,1.4201293854192585,0.5060223770533188,1.0,0.9375,0.0625,1.499676973186056e-14
2712,prot-private,23,23,0,8045,763,4.460195140140451,2.157106831570286,0.2566084918038831,1.0,0.0,6.137591276259506e-74
2715,dna-private,89,71,18,7997,745,0.36746418795937363,-1.444324439144998,0.0008126605755507188,0.797752808988764,0.20224719101123595,6.137591276259506e-74
2716,prot-private,12,12,0,8056,763,2.369204989759821,1.2444030296948858,0.6160300460842021,1.0,0.0,6.388400221161359e-26
2717,dna-private,22,17,5,8051,758,0.32010930319215003,-1.6433634889999837,0.03630953794241455,0.7727272727272727,0.22727272727272727,6.137591276259506e-74
2718,dna-private,21,14,7,8054,756,0.18773280357586292,-2.4132473327246813,0.0013816706228640778,0.6666666666666666,0.3333333333333333,6.137591276259506e-74
2719,dna-private,92,81,11,7987,752,0.6933084444039747,-0.5284307624213209,0.25994013425822066,0.8804347826086957,0.11956521739130435,6.137591276259506e-74
2720,dna-private,14,9,5,8059,758,0.1693014021590768,-2.562334173162551,0.004911449152307102,0.6428571428571429,0.35714285714285715,6.137591276259506e-74
2721,dna-private,82,73,9,7995,754,0.7649503161698283,-0.3865620476613253,0.42780233586600036,0.8902439024390244,0.10975609756097561,1.3486175434808079e-64
2722,dna-private,140,134,6,7934,757,2.13087135534829,1.0914434975770673,0.06793127380792358,0.9571428571428572,0.04285714285714286,6.137591276259506e-74
2723,dna-private,41,28,13,8040,750,0.20091848450057406,-2.3153177967665357,2.4253122689916474e-05,0.6829268292682927,0.3170731707317073,6.137591276259506e-74
2724,dna-private,20,20,0,8048,763,3.8893582655153134,1.9595321337374263,0.4103003441798839,1.0,0.0,1.3486175434808079e-64
2725,dna-private,30,26,4,8042,759,0.6134667993036558,-0.7049428272438021,0.3239706779083888,0.8666666666666667,0.13333333333333333,1.3486175434808079e-64
2726,dna-private,30,23,7,8045,756,0.30876320696084525,-1.6954272473903271,0.012212238797290944,0.7666666666666667,0.23333333333333334,6.137591276259506e-74
2727,dna-private,49,48,1,8020,762,4.560598503740648,2.1892231668721953,0.12380349048910988,0.9795918367346939,0.02040816326530612,6.137591276259506e-74
2728,dna-private,13,7,6,8061,757,0.1095604350163338,-3.1902011954121425,0.00041188561367777365,0.5384615384615384,0.46153846153846156,6.137591276259506e-74
2730,dna-private,15,13,2,8055,761,0.614090626939789,-0.7034765119492934,0.37647785138890716,0.8666666666666667,0.13333333333333333,1.3486175434808079e-64
2731,dna-private,33,30,3,8038,760,0.9455088330430456,-0.08083715884043495,0.7604116415681585,0.9090909090909091,0.09090909090909091,6.388400221161359e-26
2732,dna-private,10,10,0,8058,763,1.9896382701495317,0.9925061627800148,1.0,1.0,0.0,1.499676973186056e-14
2733,dna-private,49,47,2,8021,761,2.2295848397955367,1.1567750978906728,0.4381006704700901,0.9591836734693877,0.04081632653061224,1.3486175434808079e-64
2734,prot-private,438,370,68,7698,695,0.49124677150673207,-1.0254801689339963,1.2564201070527038e-06,0.8447488584474886,0.1552511415525114,6.137591276259506e-74
2735,prot-private,422,392,30,7676,733,1.2477679346882056,0.3193496404451212,0.28642280668166137,0.9289099526066351,0.07109004739336493,1.3486175434808079e-64
2736,dna-private,99,75,24,7993,739,0.28892468409858624,-1.7912346299763624,2.4241991676592987e-06,0.7575757575757576,0.24242424242424243,6.137591276259506e-74
2737,dna-private,207,198,9,7870,754,2.1077509529860228,1.0757044115111127,0.023606924010689413,0.9565217391304348,0.043478260869565216,6.137591276259506e-74
2738,dna-private,81,65,16,8003,747,0.37919373984755717,-1.3989929480705865,0.0019639868312648955,0.8024691358024691,0.19753086419753085,6.137591276259506e-74
2739,dna-private,189,179,10,7889,753,1.7085435416402586,0.772767014818997,0.11492699933478195,0.9470899470899471,0.05291005291005291,6.137591276259506e-74
2740,shared,16,13,3,8055,760,0.40885578315745913,-1.2903360478430472,0.15504769204284768,0.8125,0.1875,6.137591276259506e-74
2741,prot-private,62,60,2,8008,761,2.8508991008991007,1.5114169802760704,0.17058989072962968,0.967741935483871,0.03225806451612903,6.137591276259506e-74
2742,prot-private,245,211,34,7857,729,0.5758035172832019,-0.7963514932879697,0.005327980397807086,0.8612244897959184,0.13877551020408163,6.137591276259506e-74
2743,dna-private,163,154,9,7914,754,1.6302473815741443,0.7050909025485524,0.20300724134277404,0.9447852760736196,0.05521472392638037,6.137591276259506e-74
2744,dna-private,33,23,10,8045,753,0.21527656929770045,-2.2157367897692297,0.0003215758942950651,0.696969696969697,0.30303030303030304,6.137591276259506e-74
2745,dna-private,138,135,3,7933,760,4.3111055086348165,2.1080578710113147,0.0032544333952362245,0.9782608695652174,0.021739130434782608,6.137591276259506e-74
2746,dna-private,23,21,2,8047,761,0.9929787498446626,-0.010165251073051074,1.0,0.9130434782608695,0.08695652173913043,1.499676973186056e-14
2747,dna-private,34,28,6,8040,757,0.4393864013266998,-1.1864378747441116,0.0683242507741826,0.8235294117647058,0.17647058823529413,6.137591276259506e-74
2748,dna-private,46,43,3,8025,760,1.3574247144340603,0.4408721854148619,0.7950578534474642,0.9347826086956522,0.06521739130434782,6.388400221161359e-26
2749,dna-private,12,10,2,8058,761,0.47220153884338545,-1.0825253517576907,0.27814822883872553,0.8333333333333334,0.16666666666666666,1.3486175434808079e-64
2750,dna-private,33,25,8,8043,755,0.29334514484645036,-1.7693289807165513,0.005919127913832364,0.7575757575757576,0.24242424242424243,6.137591276259506e-74
2751,dna-private,494,476,18,7592,745,2.5949830230652147,1.3757251001940456,1.0521058456484722e-05,0.9635627530364372,0.03643724696356275,6.137591276259506e-74
2752,dna-private,18,15,3,8053,760,0.4718738358375761,-1.0835269148384212,0.19951958732975172,0.8333333333333334,0.16666666666666666,6.137591276259506e-74
2753,prot-private,18,17,1,8051,762,1.6089926717177991,0.6861577552096091,1.0,0.9444444444444444,0.05555555555555555,1.499676973186056e-14
2754,prot-private,27,27,0,8041,763,5.221973512404402,2.384595139837708,0.16501930565629472,1.0,0.0,6.137591276259506e-74
2755,dna-private,21,16,5,8052,758,0.3012419274714357,-1.7310055136376103,0.03013179244691118,0.7619047619047619,0.23809523809523808,6.137591276259506e-74
2756,dna-private,15,10,5,8058,758,0.18813601389923057,-2.410152051977507,0.006850581845258427,0.6666666666666666,0.3333333333333333,6.137591276259506e-74
2758,dna-private,37,36,1,8032,762,3.4153386454183265,1.7720286349848624,0.37004759409297505,0.972972972972973,0.02702702702702703,1.3486175434808079e-64
2759,dna-private,81,70,11,7998,752,0.5983314010320762,-0.7409833158248229,0.11226765563831263,0.8641975308641975,0.13580246913580246,6.137591276259506e-74
2760,dna-private,36,31,5,8037,758,0.5847455518228195,-0.7741191128929306,0.23438389955692185,0.8611111111111112,0.1388888888888889,6.137591276259506e-74
2761,dna-private,204,192,12,7876,751,1.5256475368207212,0.6094217016127181,0.2054417330994226,0.9411764705882353,0.058823529411764705,6.137591276259506e-74
2762,dna-private,34,28,6,8040,757,0.4393864013266998,-1.1864378747441116,0.0683242507741826,0.8235294117647058,0.17647058823529413,6.137591276259506e-74
2763,dna-private,21,15,6,8053,757,0.23500558797963492,-2.0892330331836377,0.007150149554175388,0.7142857142857143,0.2857142857142857,6.137591276259506e-74
2764,dna-private,34,31,3,8037,760,0.9771473601260835,-0.033351948566868406,1.0,0.9117647058823529,0.08823529411764706,1.499676973186056e-14
2765,dna-private,61,47,14,8021,749,0.3134895898267049,-1.6735105592117259,0.0005543627139375435,0.7704918032786885,0.22950819672131148,6.137591276259506e-74
2768,dna-private,21,10,11,8058,752,0.08483945937408335,-3.559120762220896,2.93601781820737e-07,0.47619047619047616,0.5238095238095238,6.137591276259506e-74
2769,dna-private,31,26,5,8042,758,0.49012683412086544,-1.028772959375539,0.18492513850854314,0.8387096774193549,0.16129032258064516,6.137591276259506e-74
2770,dna-private,76,73,3,7995,760,2.3131123618928497,1.2098353481221145,0.2136276427862524,0.9605263157894737,0.039473684210526314,6.137591276259506e-74
2771,dna-private,50,46,4,8022,759,1.0880703066566941,0.12177178065797026,1.0,0.92,0.08,1.499676973186056e-14
2772,dna-private,31,22,9,8046,754,0.22907172646173393,-2.1261286921619806,0.0009044847682641359,0.7096774193548387,0.2903225806451613,6.137591276259506e-74
2773,dna-private,56,42,14,8026,749,0.2799651133815101,-1.836681031600088,0.00021449767515756396,0.75,0.25,6.137591276259506e-74
2774,dna-private,23,18,5,8050,758,0.33898136645962734,-1.5607221231633,0.043210400933891426,0.782608695652174,0.21739130434782608,6.137591276259506e-74
2775,dna-private,10,7,3,8061,760,0.21998924864574287,-2.1844950770669267,0.04865901572148691,0.7,0.3,6.137591276259506e-74
2776,dna-private,15,12,3,8056,760,0.37735849056603776,-1.4059923596758368,0.13412797121574013,0.8,0.2,6.137591276259506e-74
2778,prot-private,197,184,13,7884,750,1.346446551926004,0.42915696225567823,0.3687252017011887,0.934010152284264,0.06598984771573604,1.3486175434808079e-64
2780,dna-private,29,29,0,8039,763,5.603146961875739,2.486237332723165,0.17242845368326137,1.0,0.0,6.137591276259506e-74
2781,dna-private,10,8,2,8060,761,0.37766749379652603,-1.4048114799117843,0.21174867571160536,0.8,0.2,6.137591276259506e-74
2782,dna-private,198,176,22,7892,741,0.7511403953370501,-0.41284550841772494,0.20142195844364374,0.8888888888888888,0.1111111111111111,6.137591276259506e-74
2783,dna-private,45,41,4,8027,759,0.9691977077363897,-0.04513710223311509,0.7939792105708714,0.9111111111111111,0.08888888888888889,6.388400221161359e-26
2784,dna-private,21,19,2,8049,761,0.8981861100757859,-0.15491368303454628,0.7021801097644735,0.9047619047619048,0.09523809523809523,6.388400221161359e-26
2785,shared,17,16,1,8052,762,1.5141579731743666,0.5985157305719824,1.0,0.9411764705882353,0.058823529411764705,1.499676973186056e-14
2786,prot-private,12,12,0,8056,763,2.369204989759821,1.2444030296948858,0.6160300460842021,1.0,0.0,6.388400221161359e-26
2787,dna-private,47,37,10,8031,753,0.34691819200597684,-1.5273325989484183,0.005956816311088072,0.7872340425531915,0.2127659574468085,6.137591276259506e-74
2789,dna-private,56,54,2,8014,761,2.5638881956575994,1.3583333512362161,0.23321821760895722,0.9642857142857143,0.03571428571428571,6.137591276259506e-74
2790,dna-private,348,333,15,7735,748,2.146813186813187,1.1021966550139823,0.0023754901780820453,0.9568965517241379,0.04310344827586207,6.137591276259506e-74
2791,dna-private,16,12,4,8056,759,0.2826464746772592,-1.8229293918701623,0.04347584763160735,0.75,0.25,6.137591276259506e-74
2792,dna-private,10,6,4,8062,759,0.14121806003473084,-2.824003491714457,0.007601667583545369,0.6,0.4,6.137591276259506e-74
2793,dna-private,43,40,3,8028,760,1.2622487958810829,0.3359963011345369,1.0,0.9302325581395349,0.06976744186046512,1.499676973186056e-14
2794,dna-private,26,25,1,8043,762,2.36851920925028,1.2439853725643295,0.7222754442803372,0.9615384615384616,0.038461538461538464,6.388400221161359e-26
2795,dna-private,33,29,4,8039,759,0.6845067794501803,-0.5468632646814404,0.526019630132248,0.8787878787878788,0.12121212121212122,6.388400221161359e-26
2796,shared,20,19,1,8049,762,1.798732761833768,0.8469808609552302,1.0,0.95,0.05,1.499676973186056e-14
2797,shared,31,27,4,8041,759,0.637140902872777,-0.6503156370107998,0.33798369846811566,0.8709677419354839,0.12903225806451613,1.3486175434808079e-64
2798,shared,52,51,1,8017,762,4.847449170512661,2.277225770568523,0.1294779011463812,0.9807692307692307,0.019230769230769232,6.137591276259506e-74
2799,prot-private,933,872,61,7196,702,1.3945452391583666,0.4797947362671185,0.016086565015939563,0.9346195069667739,0.06538049303322616,6.137591276259506e-74
2800,dna-private,15,11,4,8057,759,0.2590604443341194,-1.948639346137071,0.03492376050102878,0.7333333333333333,0.26666666666666666,6.137591276259506e-74
2801,prot-private,35,22,13,8046,750,0.15774680204210406,-2.6643173367461817,3.3125958257238746e-06,0.6285714285714286,0.37142857142857144,6.137591276259506e-74
2802,prot-private,71,58,13,8010,750,0.4177470469605301,-1.2592984649263492,0.00871537981398137,0.8169014084507042,0.18309859154929578,6.137591276259506e-74
2803,prot-private,156,150,6,7918,757,2.3901237686284413,1.2570853277303595,0.029919469339929842,0.9615384615384616,0.038461538461538464,6.137591276259506e-74
2804,dna-private,146,137,9,7931,754,1.4471763403802238,0.5332407269087588,0.37109097203281416,0.9383561643835616,0.06164383561643835,1.3486175434808079e-64
2806,dna-private,20,17,3,8051,760,0.5349231979464248,-0.9025963246739215,0.24653007314042663,0.85,0.15,6.137591276259506e-74
2807,prot-private,169,148,21,7920,742,0.6602693602693602,-0.5988733954959793,0.09488635400200573,0.8757396449704142,0.1242603550295858,6.137591276259506e-74
2808,prot-private,15,15,0,8053,763,2.9389085490780404,1.5552804669020328,0.6340216938892271,1.0,0.0,6.388400221161359e-26
2809,dna-private,47,43,4,8025,759,1.016728971962617,0.02393515322053655,1.0,0.9148936170212766,0.0851063829787234,1.499676973186056e-14
2810,dna-private,39,36,3,8032,760,1.1354581673306774,0.18327455510133217,1.0,0.9230769230769231,0.07692307692307693,1.499676973186056e-14
2811,prot-private,16,15,1,8053,762,1.4193468272693406,0.5052271650451089,1.0,0.9375,0.0625,1.499676973186056e-14
2813,prot-private,350,316,34,7752,729,0.874021125478055,-0.19425994416138048,0.43818868208575334,0.9028571428571428,0.09714285714285714,1.3486175434808079e-64
2814,dna-private,75,61,14,8007,749,0.4075808667416011,-1.2948417668990895,0.00556401160622963,0.8133333333333334,0.18666666666666668,6.137591276259506e-74
2815,dna-private,17,15,2,8053,761,0.7087420836955172,-0.49666737894466767,0.6538307945337098,0.8823529411764706,0.11764705882352941,6.388400221161359e-26
2816,dna-private,12,7,5,8061,758,0.13164619774221561,-2.9252622413929887,0.00224831134899996,0.5833333333333334,0.4166666666666667,6.137591276259506e-74
2818,dna-private,32,32,0,8036,763,6.175262863186711,2.626500549384666,0.10839836940242864,1.0,0.0,6.137591276259506e-74
2819,dna-private,281,269,12,7799,751,2.1585993930845837,1.1100955234729266,0.006589843567692896,0.9572953736654805,0.042704626334519574,6.137591276259506e-74
2820,dead,14,12,2,8056,761,0.5667825223435948,-0.8191328237820831,0.3441645340324851,0.8571428571428571,0.14285714285714285,1.3486175434808079e-64
2821,dna-private,18,18,0,8050,763,3.509036705794671,1.8110750389315806,0.39580838671128105,1.0,0.0,1.3486175434808079e-64
2822,dna-private,73,67,6,8001,757,1.0565137691121944,0.07931156945026571,1.0,0.9178082191780822,0.0821917808219178,1.499676973186056e-14
2823,dna-private,199,180,19,7888,744,0.8935625066723604,-0.162359442383791,0.6098996659882556,0.9045226130653267,0.09547738693467336,6.388400221161359e-26
2825,dna-private,18,18,0,8050,763,3.509036705794671,1.8110750389315806,0.39580838671128105,1.0,0.0,1.3486175434808079e-64
2826,dna-private,73,45,28,8023,735,0.14723295525364577,-2.7638274679240724,2.945431780746907e-12,0.6164383561643836,0.3835616438356164,6.137591276259506e-74
2827,dna-private,13,10,3,8058,760,0.31438735831885495,-1.6693848876514445,0.09567651131280328,0.7692307692307693,0.23076923076923078,6.137591276259506e-74
2828,dna-private,165,160,5,7908,758,3.0672736469398076,1.6169568824418836,0.0071470704110648525,0.9696969696969697,0.030303030303030304,6.137591276259506e-74
2829,dna-private,61,56,5,8012,758,1.0596105841238144,0.08353415952862589,1.0,0.9180327868852459,0.08196721311475409,1.499676973186056e-14
2830,prot-private,21,20,1,8048,762,1.893638170974155,0.9211606925751572,1.0,0.9523809523809523,0.047619047619047616,1.499676973186056e-14
2832,dna-private,204,197,7,7871,756,2.7030872824291703,1.434608097109269,0.005105246424204896,0.9656862745098039,0.03431372549019608,6.137591276259506e-74
2833,prot-private,120,119,1,7949,762,11.40747263806768,3.511907288230743,0.0004332299310941297,0.9916666666666667,0.008333333333333333,6.137591276259506e-74
2834,shared,12,12,0,8056,763,2.369204989759821,1.2444030296948858,0.6160300460842021,1.0,0.0,6.388400221161359e-26
2835,dna-private,37,35,2,8033,761,1.6578488733972363,0.7293124992717513,0.7674493121844022,0.9459459459459459,0.05405405405405406,6.388400221161359e-26
2836,dna-private,16,14,2,8054,761,0.6614104792649615,-0.5963821913846045,0.6433648787155277,0.875,0.125,6.388400221161359e-26
2837,dna-private,41,31,10,8037,753,0.29044419559537143,-1.783667096392094,0.002067369051026266,0.7560975609756098,0.24390243902439024,6.137591276259506e-74
2839,prot-private,201,193,8,7875,755,2.312936507936508,1.2097256633185183,0.01508621951806173,0.9601990049751243,0.03980099502487562,6.137591276259506e-74
2840,dna-private,126,120,6,7948,757,1.9048817312531454,0.9297014276234238,0.14848170315988363,0.9523809523809523,0.047619047619047616,6.137591276259506e-74
2841,shared,15,15,0,8053,763,2.9389085490780404,1.5552804669020328,0.6340216938892271,1.0,0.0,6.388400221161359e-26
2843,dead,18,17,1,8051,762,1.6089926717177991,0.6861577552096091,1.0,0.9444444444444444,0.05555555555555555,1.499676973186056e-14
2844,dna-private,43,33,10,8035,753,0.3092594897324207,-1.6931102294194367,0.003020124322052049,0.7674418604651163,0.23255813953488372,6.137591276259506e-74
2845,dna-private,16,14,2,8054,761,0.6614104792649615,-0.5963821913846045,0.6433648787155277,0.875,0.125,6.388400221161359e-26
2846,dna-private,20,20,0,8048,763,3.8893582655153134,1.9595321337374263,0.4103003441798839,1.0,0.0,1.3486175434808079e-64
2847,dna-private,32,29,3,8039,760,0.9138781772193888,-0.12992623248711502,0.7536237834637938,0.90625,0.09375,6.388400221161359e-26
2848,dna-private,41,40,1,8028,762,3.796711509715994,1.9247503810180673,0.2578854518887244,0.975609756097561,0.024390243902439025,6.137591276259506e-74
2849,dna-private,48,40,8,8028,755,0.47022919780767314,-1.0885639722628135,0.06436224515588485,0.8333333333333334,0.16666666666666666,6.137591276259506e-74
2850,prot-private,321,299,22,7769,741,1.2962882785897332,0.3743865915582326,0.26686850775238896,0.9314641744548287,0.06853582554517133,6.137591276259506e-74
2852,dna-private,27,24,3,8044,760,0.7558428642466435,-0.40384175797440397,0.5034960913993611,0.8888888888888888,0.1111111111111111,1.3486175434808079e-64
2853,prot-private,31,30,1,8038,762,2.8439910425478976,1.5079169210430954,0.5158143009548789,0.967741935483871,0.03225806451612903,1.3486175434808079e-64
2854,dna-private,25,16,9,8052,754,0.16647347794888778,-2.5866357450949877,0.00014701349505559757,0.64,0.36,6.137591276259506e-74
2855,prot-private,33,33,0,8035,763,6.366063095015867,2.670401455813828,0.11089073460605553,1.0,0.0,6.137591276259506e-74
2856,dna-private,14,13,1,8055,762,1.2297951582867783,0.29841803204048295,1.0,0.9285714285714286,0.07142857142857142,1.499676973186056e-14
2857,prot-private,13,13,0,8055,763,2.5590590279932965,1.3556134253808918,0.6199739488311733,1.0,0.0,6.388400221161359e-26
2859,dna-private,21,18,3,8050,760,0.5664596273291925,-0.8199549588372377,0.42023358676848527,0.8571428571428571,0.14285714285714285,1.3486175434808079e-64
2860,dna-private,64,51,13,8017,750,0.3670085683307587,-1.4461143496826483,0.002819600824357791,0.796875,0.203125,6.137591276259506e-74
2861,dna-private,482,444,38,7624,725,1.111103440658309,0.15199313389887534,0.6167154690089494,0.921161825726141,0.07883817427385892,6.388400221161359e-26
2862,dna-private,119,108,11,7960,752,0.9275468250342622,-0.10850798022720252,0.7432609361077848,0.907563025210084,0.09243697478991597,6.388400221161359e-26
2863,dna-private,392,369,23,7699,740,1.5420410329969447,0.6248411552098739,0.04320011399951747,0.9413265306122449,0.058673469387755105,6.137591276259506e-74
2864,dna-private,44,42,2,8026,761,1.9911537503114876,0.9936046255023103,0.5852566852075065,0.9545454545454546,0.045454545454545456,6.388400221161359e-26
2865,dna-private,180,153,27,7915,736,0.526931985681196,-0.9243113384383475,0.004424193780407221,0.85,0.15,6.137591276259506e-74
2867,dna-private,16,15,1,8053,762,1.4193468272693406,0.5052271650451089,1.0,0.9375,0.0625,1.499676973186056e-14
2868,dna-private,15,13,2,8055,761,0.614090626939789,-0.7034765119492934,0.37647785138890716,0.8666666666666667,0.13333333333333333,1.3486175434808079e-64
2869,prot-private,33,33,0,8035,763,6.366063095015867,2.670401455813828,0.11089073460605553,1.0,0.0,6.137591276259506e-74
2870,dna-private,19,17,2,8051,761,0.8034405663892684,-0.3157367887801676,0.677113499984792,0.8947368421052632,0.10526315789473684,6.388400221161359e-26
2871,prot-private,212,177,35,7891,728,0.46655683690280064,-1.0998752510600471,0.00016580235212973314,0.8349056603773585,0.1650943396226415,6.137591276259506e-74
2872,dna-private,36,31,5,8037,758,0.5847455518228195,-0.7741191128929306,0.23438389955692185,0.8611111111111112,0.1388888888888889,6.137591276259506e-74
2874,dna-private,41,38,3,8030,760,1.198837691988377,0.2616363486487004,1.0,0.926829268292683,0.07317073170731707,1.499676973186056e-14
2875,dna-private,57,51,6,8017,757,0.8026069602095547,-0.31723442766022386,0.632329514926524,0.8947368421052632,0.10526315789473684,6.388400221161359e-26
2876,dead,38,37,1,8031,762,3.5106462457975347,1.811736628760338,0.2528650305028388,0.9736842105263158,0.02631578947368421,6.137591276259506e-74
2877,dna-private,71,53,18,8015,745,0.27368822346988286,-1.8693947365714996,2.2757654978657254e-05,0.7464788732394366,0.2535211267605634,6.137591276259506e-74
2879,dna-private,12,10,2,8058,761,0.47220153884338545,-1.0825253517576907,0.27814822883872553,0.8333333333333334,0.16666666666666666,1.3486175434808079e-64
2880,dna-private,13,11,2,8057,761,0.5194861611021472,-0.9448427780489919,0.31132490475252955,0.8461538461538461,0.15384615384615385,1.3486175434808079e-64
2881,dna-private,20,19,1,8049,762,1.798732761833768,0.8469808609552302,1.0,0.95,0.05,1.499676973186056e-14
2882,dna-private,112,99,13,7969,750,0.716719596127301,-0.48051929451011305,0.23807330627282425,0.8839285714285714,0.11607142857142858,6.137591276259506e-74
2883,prot-private,30,18,12,8050,751,0.13993788819875777,-2.8371414696539135,3.185095576369308e-06,0.6,0.4,6.137591276259506e-74
2884,dna-private,32,29,3,8039,760,0.9138781772193888,-0.12992623248711502,0.7536237834637938,0.90625,0.09375,6.388400221161359e-26
2885,dna-private,33,22,11,8046,752,0.18692518021377083,-2.4194671709479927,6.119517111168156e-05,0.6666666666666666,0.3333333333333333,6.137591276259506e-74
2886,shared,16,16,0,8052,763,3.1289040670599193,1.6456574258851278,0.3903018394628883,1.0,0.0,1.3486175434808079e-64
2887,dna-private,118,104,14,7964,749,0.6986438975389252,-0.5173708011782634,0.2447121547218368,0.8813559322033898,0.11864406779661017,6.137591276259506e-74
2888,dna-private,55,46,9,8022,754,0.4804011191445746,-1.0576885829311442,0.05137221950725643,0.8363636363636363,0.16363636363636364,6.137591276259506e-74
2889,prot-private,483,425,58,7643,705,0.6759058322467708,-0.5651058318324105,0.009566086026201476,0.8799171842650103,0.12008281573498965,6.137591276259506e-74
2890,dna-private,13,12,1,8056,762,1.1350546176762661,0.18276172020769355,1.0,0.9230769230769231,0.07692307692307693,1.499676973186056e-14
2892,dna-private,35,34,1,8034,762,3.224794622852875,1.6892072826981948,0.3624586490896934,0.9714285714285714,0.02857142857142857,1.3486175434808079e-64
2893,dna-private,24,18,6,8050,757,0.282111801242236,-1.825661077182454,0.014198257816908267,0.75,0.25,6.137591276259506e-74
2894,dna-private,35,33,2,8035,761,1.5627255756067207,0.6440644542995428,0.7653062546149721,0.9428571428571428,0.05714285714285714,6.388400221161359e-26
2895,prot-private,42,20,22,8048,741,0.08370233146575094,-3.578588381249628,2.9148187240682645e-13,0.47619047619047616,0.5238095238095238,6.137591276259506e-74
2896,dna-private,31,24,7,8044,756,0.32222774738935855,-1.6338473634207271,0.014629950189399336,0.7741935483870968,0.22580645161290322,6.137591276259506e-74
2897,dead,31,30,1,8038,762,2.8439910425478976,1.5079169210430954,0.5158143009548789,0.967741935483871,0.03225806451612903,1.3486175434808079e-64
2898,dna-private,16,16,0,8052,763,3.1289040670599193,1.6456574258851278,0.3903018394628883,1.0,0.0,1.3486175434808079e-64
2899,dna-private,80,77,3,7991,760,2.441079547824636,1.2875193092043564,0.15809982949810447,0.9625,0.0375,6.137591276259506e-74
2900,prot-private,19,16,3,8052,760,0.5033946017552575,-0.990238349311548,0.22277766157339868,0.8421052631578947,0.15789473684210525,6.137591276259506e-74
2901,dna-private,450,438,12,7630,751,3.5925950196592398,1.8450263146723962,2.538641734069958e-07,0.9733333333333334,0.02666666666666667,6.137591276259506e-74
2902,dna-private,547,504,43,7564,720,1.1156887582551376,0.1579346171777318,0.5820025498426138,0.9213893967093236,0.07861060329067641,6.388400221161359e-26
2903,dna-private,82,68,14,8000,749,0.45475,-1.1368544570106007,0.01513152025719212,0.8292682926829268,0.17073170731707318,6.137591276259506e-74
2904,dna-private,140,117,23,7951,740,0.4734433185872163,-1.0787363806783838,0.002228032211801002,0.8357142857142857,0.16428571428571428,6.137591276259506e-74
2906,prot-private,206,195,11,7873,752,1.6932438830063623,0.7597897839031937,0.10161749427634585,0.9466019417475728,0.05339805825242718,6.137591276259506e-74
2907,shared,13,13,0,8055,763,2.5590590279932965,1.3556134253808918,0.6199739488311733,1.0,0.0,6.388400221161359e-26
2908,prot-private,13,13,0,8055,763,2.5590590279932965,1.3556134253808918,0.6199739488311733,1.0,0.0,6.388400221161359e-26
2909,prot-private,118,110,8,7958,755,1.3045049007288263,0.3835023640433633,0.6194297229416857,0.9322033898305084,0.06779661016949153,6.388400221161359e-26
2910,dna-private,51,46,5,8022,758,0.8693093991523311,-0.20205835147376677,0.8002634787141999,0.9019607843137255,0.09803921568627451,6.388400221161359e-26
2911,prot-private,10,9,1,8059,762,0.8509740662613228,-0.2328129289529579,0.59509736615207,0.9,0.1,6.388400221161359e-26
2912,dna-private,28,19,9,8049,754,0.197760936486244,-2.3381706147117396,0.0003923095620041631,0.6785714285714286,0.32142857142857145,6.137591276259506e-74
2913,dead,37,34,3,8034,760,1.0721101983237906,0.10045320281466442,1.0,0.918918918918919,0.08108108108108109,1.499676973186056e-14
2914,prot-private,36,35,1,8033,762,3.3200547740570148,1.731207043261528,0.3656725407212863,0.9722222222222222,0.027777777777777776,1.3486175434808079e-64
2915,dead,31,28,3,8040,760,0.8822553897180763,-0.18073175639889522,0.7471571356606916,0.9032258064516129,0.0967741935483871,6.388400221161359e-26
2916,dna-private,18,16,2,8052,761,0.7560854446100348,-0.40337881341779425,0.6651558352122813,0.8888888888888888,0.1111111111111111,6.388400221161359e-26
2917,shared,22,19,3,8049,760,0.598003892823125,-0.7417732189283001,0.43163260794238584,0.8636363636363636,0.13636363636363635,1.3486175434808079e-64
2918,dna-private,93,65,28,8003,735,0.21320129951268274,-2.229711863193701,2.0611122151538434e-09,0.6989247311827957,0.3010752688172043,6.137591276259506e-74
2919,shared,29,26,3,8042,760,0.8190334079416397,-0.2880057950494767,0.7354723604369783,0.896551724137931,0.10344827586206896,6.388400221161359e-26
2920,dna-private,44,41,3,8027,760,1.2939661974170509,0.37179992996121036,1.0,0.9318181818181818,0.06818181818181818,1.499676973186056e-14
2921,dna-private,161,151,10,7917,753,1.4361879499810535,0.5222445630622202,0.32189971564194036,0.937888198757764,0.062111801242236024,1.3486175434808079e-64
2922,dna-private,78,72,6,7996,757,1.1360680340170084,0.18404923396226008,1.0,0.9230769230769231,0.07692307692307693,1.499676973186056e-14
2924,dna-private,114,105,9,7963,754,1.1046925363137845,0.14364488721050825,1.0,0.9210526315789473,0.07894736842105263,1.499676973186056e-14
2926,shared,16,15,1,8053,762,1.4193468272693406,0.5052271650451089,1.0,0.9375,0.0625,1.499676973186056e-14
2927,dna-private,41,37,4,8031,759,0.8742062009712365,-0.19395448331751783,0.7777676696173981,0.9024390243902439,0.0975609756097561,6.388400221161359e-26
2928,dna-private,15,6,9,8062,754,0.06235011990407674,-4.003463855303571,7.963080219302031e-07,0.4,0.6,6.137591276259506e-74
2929,dna-private,28,25,3,8043,760,0.787434207799743,-0.344768707319201,0.7304102003319707,0.8928571428571429,0.10714285714285714,6.388400221161359e-26
2930,prot-private,16,16,0,8052,763,3.1289040670599193,1.6456574258851278,0.3903018394628883,1.0,0.0,1.3486175434808079e-64
2931,dna-private,57,55,2,8013,761,2.611693498065643,1.3849855956719388,0.2342584461718939,0.9649122807017544,0.03508771929824561,6.137591276259506e-74
2932,dna-private,68,64,4,8004,759,1.5172413793103448,0.6014506235097251,0.5205818057307637,0.9411764705882353,0.058823529411764705,6.388400221161359e-26
2933,dna-private,30,25,5,8043,758,0.4712172075096357,-1.0855358716452634,0.1780799653288134,0.8333333333333334,0.16666666666666666,6.137591276259506e-74
2934,dna-private,351,341,10,7727,753,3.3230619904231915,1.7325132061933344,1.546260120228087e-05,0.9715099715099715,0.02849002849002849,6.137591276259506e-74
2935,dna-private,60,56,4,8012,759,1.3262606090863704,0.40736429166036275,0.8168157466432637,0.9333333333333333,0.06666666666666667,1.499676973186056e-14
2936,shared,25,23,2,8045,761,1.0878185208203854,0.12143789394974983,1.0,0.92,0.08,1.499676973186056e-14
2937,dna-private,197,171,26,7897,737,0.6138017358100935,-0.7041553691854853,0.028301547851617224,0.868020304568528,0.1319796954314721,6.137591276259506e-74
2938,dna-private,350,329,21,7739,742,1.5020889865184994,0.5869702832956761,0.07992859072855243,0.94,0.06,6.137591276259506e-74
2939,dna-private,30,29,1,8039,762,2.7488493593730565,1.4588278473964156,0.5123772522077924,0.9666666666666667,0.03333333333333333,1.3486175434808079e-64
2940,dna-private,93,83,10,7985,753,0.7827050720100188,-0.35345930116710433,0.455725810134628,0.8924731182795699,0.10752688172043011,1.3486175434808079e-64
2941,dna-private,318,297,21,7771,742,1.3504053532363918,0.43339252825747454,0.22177506525522594,0.9339622641509434,0.0660377358490566,6.137591276259506e-74
2942,dna-private,16,13,3,8055,760,0.40885578315745913,-1.2903360478430472,0.15504769204284768,0.8125,0.1875,6.137591276259506e-74
2943,dna-private,46,34,12,8034,751,0.2648535391253838,-1.9167333080020117,0.0003931994538104373,0.7391304347826086,0.2608695652173913,6.137591276259506e-74
2944,prot-private,37,34,3,8034,760,1.0721101983237906,0.10045320281466442,1.0,0.918918918918919,0.08108108108108109,1.499676973186056e-14
2945,shared,13,12,1,8056,762,1.1350546176762661,0.18276172020769355,1.0,0.9230769230769231,0.07692307692307693,1.499676973186056e-14
2946,prot-private,220,181,39,7887,724,0.42603050134430887,-1.2309713720350397,1.3740459603915605e-05,0.8227272727272728,0.17727272727272728,6.137591276259506e-74
2948,dna-private,135,125,10,7943,753,1.1850056653657308,0.24489395648683115,0.7570689307760942,0.9259259259259259,0.07407407407407407,6.388400221161359e-26
2949,prot-private,16,16,0,8052,763,3.1289040670599193,1.6456574258851278,0.3903018394628883,1.0,0.0,1.3486175434808079e-64
2950,dna-private,80,67,13,8001,750,0.48311268783709727,-1.0495683525721589,0.024942334464268485,0.8375,0.1625,6.137591276259506e-74
2951,dna-private,30,26,4,8042,759,0.6134667993036558,-0.7049428272438021,0.3239706779083888,0.8666666666666667,0.13333333333333333,1.3486175434808079e-64
2953,dna-private,25,21,4,8047,759,0.49518454082266683,-1.0139618191611302,0.2690266390706343,0.84,0.16,6.137591276259506e-74
2954,dna-private,198,195,3,7873,760,6.274609424615775,2.6495256584726454,3.143793584058438e-05,0.9848484848484849,0.015151515151515152,6.137591276259506e-74
2955,dna-private,130,112,18,7956,745,0.582649014021563,-0.7793010248689284,0.04018758054683827,0.8615384615384616,0.13846153846153847,6.137591276259506e-74
2956,dna-private,167,148,19,7920,744,0.7317384370015949,-0.45060005167357625,0.20928419374937096,0.8862275449101796,0.11377245508982035,6.137591276259506e-74
2957,dead,32,26,6,8042,757,0.4079001906656719,-1.2937119133946928,0.05320593297080169,0.8125,0.1875,6.137591276259506e-74
2958,dna-private,34,32,2,8036,761,1.5151816824290691,0.5994907947702535,0.765131878985169,0.9411764705882353,0.058823529411764705,6.388400221161359e-26
2959,dead,52,47,5,8021,758,0.8883181648173545,-0.17085160232914326,0.8023241620725681,0.9038461538461539,0.09615384615384616,1.499676973186056e-14
2961,dna-private,53,52,1,8016,762,4.9431137724550895,2.3054201124392057,0.08570192744399394,0.9811320754716981,0.018867924528301886,6.137591276259506e-74
2962,dna-private,15,11,4,8057,759,0.2590604443341194,-1.948639346137071,0.03492376050102878,0.7333333333333333,0.26666666666666666,6.137591276259506e-74
2963,dna-private,26,25,1,8043,762,2.36851920925028,1.2439853725643295,0.7222754442803372,0.9615384615384616,0.038461538461538464,6.388400221161359e-26
2964,dna-private,62,51,11,8017,752,0.43489403200018145,-1.201264183884459,0.019671659459620936,0.8225806451612904,0.1774193548387097,6.137591276259506e-74
2965,prot-private,62,37,25,8031,738,0.136002988419873,-2.878289742447313,1.1865608977290627e-11,0.5967741935483871,0.4032258064516129,6.137591276259506e-74
2966,dna-private,44,38,6,8030,757,0.5970527189705271,-0.744069769696516,0.27219974523256757,0.8636363636363636,0.13636363636363635,6.137591276259506e-74
2967,prot-private,17,17,0,8051,763,3.3189467801030865,1.7307254957322895,0.3917859073460155,1.0,0.0,1.3486175434808079e-64
2968,dna-private,80,68,12,8000,751,0.5319583333333333,-0.9106148466186321,0.06723146745125749,0.85,0.15,6.137591276259506e-74
2969,dna-private,38,37,1,8031,762,3.5106462457975347,1.811736628760338,0.2528650305028388,0.9736842105263158,0.02631578947368421,6.137591276259506e-74
2970,prot-private,10,9,1,8059,762,0.8509740662613228,-0.2328129289529579,0.59509736615207,0.9,0.1,6.388400221161359e-26
2971,dna-private,16,12,4,8056,759,0.2826464746772592,-1.8229293918701623,0.04347584763160735,0.75,0.25,6.137591276259506e-74
2972,dna-private,12,10,2,8058,761,0.47220153884338545,-1.0825253517576907,0.27814822883872553,0.8333333333333334,0.16666666666666666,1.3486175434808079e-64
2973,dna-private,13,12,1,8056,762,1.1350546176762661,0.18276172020769355,1.0,0.9230769230769231,0.07692307692307693,1.499676973186056e-14
2974,dna-private,116,112,4,7956,759,2.6711915535444946,1.4174834366393263,0.0445628734691451,0.9655172413793104,0.034482758620689655,6.137591276259506e-74
2975,dna-private,21,19,2,8049,761,0.8981861100757859,-0.15491368303454628,0.7021801097644735,0.9047619047619048,0.09523809523809523,6.388400221161359e-26
2976,dna-private,29,19,10,8049,753,0.17774878866939992,-2.492088366753526,9.567633020892243e-05,0.6551724137931034,0.3448275862068966,6.137591276259506e-74
2977,prot-private,72,69,3,7999,760,2.1852731591448933,1.1278136278779793,0.2096525164776119,0.9583333333333334,0.041666666666666664,6.137591276259506e-74
2978,dna-private,47,46,1,8022,762,4.369483919222139,2.127462892735826,0.18434086421492807,0.9787234042553191,0.02127659574468085,6.137591276259506e-74
2979,dna-private,514,487,27,7581,736,1.7511224454899432,0.8082799663099552,0.0035146513751386577,0.9474708171206225,0.05252918287937743,6.137591276259506e-74
2981,shared,27,24,3,8044,760,0.7558428642466435,-0.40384175797440397,0.5034960913993611,0.8888888888888888,0.1111111111111111,1.3486175434808079e-64
2982,dna-private,25,15,10,8053,753,0.14025828883645847,-2.8338420626636474,2.1489410170025105e-05,0.6,0.4,6.137591276259506e-74
2983,shared,34,34,0,8034,763,6.556910822079781,2.7130162734774426,0.11435924573523856,1.0,0.0,6.137591276259506e-74
2984,dna-private,19,17,2,8051,761,0.8034405663892684,-0.3157367887801676,0.677113499984792,0.8947368421052632,0.10526315789473684,6.388400221161359e-26
2985,shared,13,11,2,8057,761,0.5194861611021472,-0.9448427780489919,0.31132490475252955,0.8461538461538461,0.15384615384615385,1.3486175434808079e-64
2986,shared,37,36,1,8032,762,3.4153386454183265,1.7720286349848624,0.37004759409297505,0.972972972972973,0.02702702702702703,1.3486175434808079e-64
2987,dna-private,89,82,7,7986,756,1.1089406461307287,0.14918215014850422,1.0,0.9213483146067416,0.07865168539325842,1.499676973186056e-14
2988,shared,45,44,1,8024,762,4.178464606181455,2.0629729155184386,0.17885039981340076,0.9777777777777777,0.022222222222222223,6.137591276259506e-74
2989,dna-private,111,107,4,7961,759,2.550339153372692,1.3506891146736761,0.06003937723466342,0.963963963963964,0.036036036036036036,6.137591276259506e-74
2990,prot-private,32,27,5,8041,758,0.5090411640343241,-0.9741457691425367,0.1928866945001127,0.84375,0.15625,6.137591276259506e-74
2991,dead,30,29,1,8039,762,2.7488493593730565,1.4588278473964156,0.5123772522077924,0.9666666666666667,0.03333333333333333,1.3486175434808079e-64
2993,prot-private,37,31,6,8037,757,0.48664509974700343,-1.0390580669120846,0.13025347875770235,0.8378378378378378,0.16216216216216217,6.137591276259506e-74
2994,dna-private,25,20,5,8048,758,0.37673956262425445,-1.4083605516344355,0.05921837402854664,0.8,0.2,6.137591276259506e-74
2995,prot-private,358,343,15,7725,748,2.2141445523193095,1.146749412772831,0.0014118408101224489,0.9581005586592178,0.04189944134078212,6.137591276259506e-74
2996,prot-private,66,28,38,8040,725,0.06644409531290914,-3.9117151925499756,5.362788283037449e-24,0.42424242424242425,0.5757575757575758,6.137591276259506e-74
2997,prot-private,19,16,3,8052,760,0.5033946017552575,-0.990238349311548,0.22277766157339868,0.8421052631578947,0.15789473684210525,6.137591276259506e-74
2998,dna-private,81,79,2,7989,761,3.7626110902490923,1.9117341777488779,0.04526086634254589,0.9753086419753086,0.024691358024691357,6.137591276259506e-74
2999,dna-private,59,54,5,8014,758,1.0215123533815822,0.030706651016399893,1.0,0.9152542372881356,0.0847457627118644,1.499676973186056e-14
3000,dna-private,237,222,15,7846,748,1.4109609992352792,0.4966781105521286,0.24028663756407165,0.9367088607594937,0.06329113924050633,6.137591276259506e-74
3001,dna-private,67,63,4,8005,759,1.4933479075577765,0.5785503115117636,0.6597119977813615,0.9402985074626866,0.05970149253731343,6.388400221161359e-26
3002,dead,15,13,2,8055,761,0.614090626939789,-0.7034765119492934,0.37647785138890716,0.8666666666666667,0.13333333333333333,1.3486175434808079e-64
3003,dna-private,20,18,2,8050,761,0.850807453416149,-0.2330954229434839,0.689509959490357,0.9,0.1,6.388400221161359e-26
3005,dead,37,33,4,8035,759,0.7793092719352831,-0.3597321137885364,0.5570142951867847,0.8918918918918919,0.10810810810810811,6.388400221161359e-26
3007,dna-private,24,24,0,8044,763,4.650568711542047,2.2174071521673038,0.26199068748151555,1.0,0.0,6.137591276259506e-74
3008,dead,40,38,2,8030,761,1.8006226650062267,0.8484958845424542,0.577200390112483,0.95,0.05,6.388400221161359e-26
3009,dna-private,14,12,2,8056,761,0.5667825223435948,-0.8191328237820831,0.3441645340324851,0.8571428571428571,0.14285714285714285,1.3486175434808079e-64
3010,dna-private,87,86,1,7982,762,8.209972437985467,3.0373773786841483,0.006314309510251936,0.9885057471264368,0.011494252873563218,6.137591276259506e-74
3011,dna-private,20,19,1,8049,762,1.798732761833768,0.8469808609552302,1.0,0.95,0.05,1.499676973186056e-14
3012,dead,24,24,0,8044,763,4.650568711542047,2.2174071521673038,0.26199068748151555,1.0,0.0,6.137591276259506e-74
3013,dna-private,26,20,6,8048,757,0.31353545394300864,-1.673299505653589,0.020956108383636048,0.7692307692307693,0.23076923076923078,6.137591276259506e-74
3014,dead,25,20,5,8048,758,0.37673956262425445,-1.4083605516344355,0.05921837402854664,0.8,0.2,6.137591276259506e-74
3015,shared,25,24,1,8044,762,2.2734957732471406,1.1849123219091262,0.7193889252568892,0.96,0.04,6.388400221161359e-26
3016,prot-private,24,24,0,8044,763,4.650568711542047,2.2174071521673038,0.26199068748151555,1.0,0.0,6.137591276259506e-74
3017,dead,16,13,3,8055,760,0.40885578315745913,-1.2903360478430472,0.15504769204284768,0.8125,0.1875,6.137591276259506e-74
3018,dna-private,16,13,3,8055,760,0.40885578315745913,-1.2903360478430472,0.15504769204284768,0.8125,0.1875,6.137591276259506e-74
3019,prot-private,18,17,1,8051,762,1.6089926717177991,0.6861577552096091,1.0,0.9444444444444444,0.05555555555555555,1.499676973186056e-14
3020,dna-private,23,22,1,8046,762,2.08351976137211,1.059022783504989,0.716472396975913,0.9565217391304348,0.043478260869565216,6.388400221161359e-26
3021,dna-private,104,99,5,7969,758,1.883347973396913,0.9132995815314653,0.21636905416989075,0.9519230769230769,0.04807692307692308,6.137591276259506e-74
3022,dna-private,56,53,3,8015,760,1.6751923476814305,0.7443267571310803,0.6293208291051453,0.9464285714285714,0.05357142857142857,6.388400221161359e-26
3023,dna-private,68,64,4,8004,759,1.5172413793103448,0.6014506235097251,0.5205818057307637,0.9411764705882353,0.058823529411764705,6.388400221161359e-26
3024,prot-private,69,61,8,8007,755,0.7189802672661422,-0.47597591908779496,0.38515438168687777,0.8840579710144928,0.11594202898550725,1.3486175434808079e-64
3025,prot-private,20,17,3,8051,760,0.5349231979464248,-0.9025963246739215,0.24653007314042663,0.85,0.15,6.137591276259506e-74
3026,dna-private,112,111,1,7957,762,10.629885635289682,3.4100541701864846,0.0009661003966551754,0.9910714285714286,0.008928571428571428,6.137591276259506e-74
3027,dna-private,17,16,1,8052,762,1.5141579731743666,0.5985157305719824,1.0,0.9411764705882353,0.058823529411764705,1.499676973186056e-14
3028,dna-private,308,285,23,7783,740,1.1781530537570737,0.23652697172610002,0.5353202089829068,0.9253246753246753,0.07467532467532467,6.388400221161359e-26
3029,dead,28,26,2,8042,761,1.2301666252176076,0.29885374084427707,1.0,0.9285714285714286,0.07142857142857142,1.499676973186056e-14
3030,prot-private,322,322,0,7746,763,63.57161298651004,5.990310788920568,2.9454937256131175e-13,1.0,0.0,6.137591276259506e-74
3031,prot-private,29,26,3,8042,760,0.8190334079416397,-0.2880057950494767,0.7354723604369783,0.896551724137931,0.10344827586206896,6.388400221161359e-26
3033,dna-private,21,16,5,8052,758,0.3012419274714357,-1.7310055136376103,0.03013179244691118,0.7619047619047619,0.23809523809523808,6.137591276259506e-74
3034,dna-private,231,222,9,7846,754,2.3704647803551704,1.2451699580993625,0.00614837152185004,0.961038961038961,0.03896103896103896,6.137591276259506e-74
3035,prot-private,332,330,2,7738,761,16.227061256138537,4.020329844306144,4.9553840368662456e-11,0.9939759036144579,0.006024096385542169,6.137591276259506e-74
3036,shared,19,18,1,8050,762,1.7038509316770187,0.7687991210462928,1.0,0.9473684210526315,0.05263157894736842,1.499676973186056e-14
3037,prot-private,19,17,2,8051,761,0.8034405663892684,-0.3157367887801676,0.677113499984792,0.8947368421052632,0.10526315789473684,6.388400221161359e-26
3038,dna-private,37,35,2,8033,761,1.6578488733972363,0.7293124992717513,0.7674493121844022,0.9459459459459459,0.05405405405405406,6.388400221161359e-26
3039,dna-private,33,33,0,8035,763,6.366063095015867,2.670401455813828,0.11089073460605553,1.0,0.0,6.137591276259506e-74
3040,dna-private,71,66,5,8002,758,1.2503874031492126,0.3223751492965808,0.8317555343109059,0.9295774647887324,0.07042253521126761,1.499676973186056e-14
3041,dna-private,25,24,1,8044,762,2.2734957732471406,1.1849123219091262,0.7193889252568892,0.96,0.04,6.388400221161359e-26
3043,dna-private,40,33,7,8035,756,0.4435594275046671,-1.172800687040534,0.07971035981555347,0.825,0.175,6.137591276259506e-74
3044,dna-private,50,48,2,8020,761,2.2773067331670824,1.1873286228824191,0.3179051122649078,0.96,0.04,1.3486175434808079e-64
3045,dna-private,65,59,6,8009,757,0.9294335539185083,-0.10557636568535422,0.8237079582206315,0.9076923076923077,0.09230769230769231,1.499676973186056e-14
3046,dna-private,25,16,9,8052,754,0.16647347794888778,-2.5866357450949877,0.00014701349505559757,0.64,0.36,6.137591276259506e-74
3047,dna-private,99,63,36,8005,727,0.1589319175515303,-2.6535192114264206,1.5363579217062288e-14,0.6363636363636364,0.36363636363636365,6.137591276259506e-74
3048,dna-private,116,104,12,7964,751,0.8172610078687427,-0.29113119078629485,0.5039896077963983,0.896551724137931,0.10344827586206896,1.3486175434808079e-64
3049,dna-private,167,140,27,7928,736,0.4813693612886347,-1.0547837763479775,0.0012441082639329582,0.8383233532934131,0.16167664670658682,6.137591276259506e-74
3050,dna-private,42,37,5,8031,758,0.6984435313161499,-0.5177846154492549,0.40660776219771855,0.8809523809523809,0.11904761904761904,1.3486175434808079e-64
3051,shared,17,16,1,8052,762,1.5141579731743666,0.5985157305719824,1.0,0.9411764705882353,0.058823529411764705,1.499676973186056e-14
3052,dna-private,507,488,19,7580,744,2.5209831967782255,1.3339865021688782,1.3461845276347117e-05,0.9625246548323472,0.03747534516765286,6.137591276259506e-74
3053,prot-private,31,31,0,8037,763,5.984510108864697,2.581233153194096,0.10691894429686633,1.0,0.0,6.137591276259506e-74
3054,dna-private,36,35,1,8033,762,3.3200547740570148,1.731207043261528,0.3656725407212863,0.9722222222222222,0.027777777777777776,1.3486175434808079e-64
3055,shared,12,11,1,8057,762,1.0403375946382027,0.05705176594078467,1.0,0.9166666666666666,0.08333333333333333,1.499676973186056e-14
3056,shared,32,32,0,8036,763,6.175262863186711,2.626500549384666,0.10839836940242864,1.0,0.0,6.137591276259506e-74
3057,dna-private,20,20,0,8048,763,3.8893582655153134,1.9595321337374263,0.4103003441798839,1.0,0.0,1.3486175434808079e-64
3058,shared,37,33,4,8035,759,0.7793092719352831,-0.3597321137885364,0.5570142951867847,0.8918918918918919,0.10810810810810811,6.388400221161359e-26
3059,dna-private,59,52,7,8016,756,0.7005988023952096,-0.5133395728906478,0.3504617436888584,0.8813559322033898,0.11864406779661017,1.3486175434808079e-64
3060,dna-private,10,9,1,8059,762,0.8509740662613228,-0.2328129289529579,0.59509736615207,0.9,0.1,6.388400221161359e-26
3061,dna-private,511,469,42,7599,721,1.0595034434355397,0.0833882765437815,0.8076788680997686,0.9178082191780822,0.0821917808219178,1.499676973186056e-14
3062,prot-private,180,153,27,7915,736,0.526931985681196,-0.9243113384383475,0.004424193780407221,0.85,0.15,6.137591276259506e-74
3063,dna-private,15,9,6,8059,757,0.1408983744881499,-2.8272731271817046,0.0010331837664044512,0.6,0.4,6.137591276259506e-74
3064,dna-private,79,65,14,8003,749,0.4345245532925153,-1.2024903944586767,0.007943928146957567,0.8227848101265823,0.17721518987341772,6.137591276259506e-74
3066,dna-private,42,41,1,8027,762,3.8921141148623395,1.9605540098447405,0.2616948784456305,0.9761904761904762,0.023809523809523808,6.137591276259506e-74
3067,dna-private,22,19,3,8049,760,0.598003892823125,-0.7417732189283001,0.43163260794238584,0.8636363636363636,0.13636363636363635,1.3486175434808079e-64
3068,dna-private,32,32,0,8036,763,6.175262863186711,2.626500549384666,0.10839836940242864,1.0,0.0,6.137591276259506e-74
3069,shared,12,10,2,8058,761,0.47220153884338545,-1.0825253517576907,0.27814822883872553,0.8333333333333334,0.16666666666666666,1.3486175434808079e-64
3071,dna-private,46,41,5,8027,758,0.774336613927993,-0.36896723436485207,0.5937279062956088,0.8913043478260869,0.10869565217391304,6.388400221161359e-26
3072,dna-private,37,34,3,8034,760,1.0721101983237906,0.10045320281466442,1.0,0.918918918918919,0.08108108108108109,1.499676973186056e-14
3073,dna-private,131,118,13,7950,750,0.8563134978229318,-0.22378902845508777,0.5331624850951074,0.9007633587786259,0.09923664122137404,6.388400221161359e-26
3074,dna-private,217,209,8,7859,755,2.5097817788522714,1.3275619298118804,0.006604170582563441,0.9631336405529954,0.03686635944700461,6.137591276259506e-74
3076,dna-private,141,135,6,7933,757,2.1470439934451027,1.1023517526660984,0.06821199386029875,0.9574468085106383,0.0425531914893617,6.137591276259506e-74
3077,dna-private,62,54,8,8014,755,0.635918392812578,-0.6530864580548881,0.25039338604860834,0.8709677419354839,0.12903225806451613,6.137591276259506e-74
3078,dna-private,55,53,2,8015,761,2.5160948222083594,1.3311862930248344,0.23296433625348986,0.9636363636363636,0.03636363636363636,6.137591276259506e-74
3079,shared,49,41,8,8027,755,0.482044973215398,-1.0527603434361401,0.06883674654688149,0.8367346938775511,0.16326530612244897,6.137591276259506e-74
3081,dead,30,29,1,8039,762,2.7488493593730565,1.4588278473964156,0.5123772522077924,0.9666666666666667,0.03333333333333333,1.3486175434808079e-64
3082,dead,49,43,6,8025,757,0.6760332294911734,-0.5648339329303544,0.31277567193929934,0.8775510204081632,0.12244897959183673,1.3486175434808079e-64
3083,dna-private,275,265,10,7803,753,2.557285659361784,1.3546133245709802,0.0014368382169039364,0.9636363636363636,0.03636363636363636,6.137591276259506e-74
3084,dna-private,58,55,3,8013,760,1.738841049960481,0.7981260597781852,0.4820184269700901,0.9482758620689655,0.05172413793103448,1.3486175434808079e-64
3085,prot-private,334,330,4,7738,759,8.092207288705092,3.0165332762180657,3.8428573611033025e-09,0.9880239520958084,0.011976047904191617,6.137591276259506e-74
3086,prot-private,40,16,24,8052,739,0.06118562675939725,-4.030663403496345,3.51645535481077e-16,0.4,0.6,6.137591276259506e-74
3087,prot-private,23,20,3,8048,760,0.629555997349238,-0.667593387308373,0.4442764268572269,0.8695652173913043,0.13043478260869565,1.3486175434808079e-64
3088,dna-private,18,17,1,8051,762,1.6089926717177991,0.6861577552096091,1.0,0.9444444444444444,0.05555555555555555,1.499676973186056e-14
3089,dna-private,12,9,3,8059,760,0.2829135128427845,-1.8215670088364881,0.07844382615057613,0.75,0.25,6.137591276259506e-74
3090,prot-private,181,178,3,7890,760,5.7152513730460495,2.5148169536753686,0.00013686661068166352,0.9834254143646409,0.016574585635359115,6.137591276259506e-74
3091,prot-private,49,31,18,8037,745,0.15964359282761673,-2.6470734422694484,5.232254493961716e-08,0.6326530612244898,0.3673469387755102,6.137591276259506e-74
3092,dna-private,441,427,14,7641,749,2.9897264755922,1.5800135010262863,4.782847754124246e-06,0.9682539682539683,0.031746031746031744,6.137591276259506e-74
3093,dna-private,61,57,4,8011,759,1.3501123455249033,0.4330794617856945,0.8177044872896894,0.9344262295081968,0.06557377049180328,1.499676973186056e-14
3094,prot-private,42,40,2,8028,761,1.8958644743398108,0.9228558370282908,0.5796119669598028,0.9523809523809523,0.047619047619047616,6.388400221161359e-26
3095,dna-private,21,15,6,8053,757,0.23500558797963492,-2.0892330331836377,0.007150149554175388,0.7142857142857143,0.2857142857142857,6.137591276259506e-74
3096,dna-private,91,77,14,7991,749,0.5155174571392817,-0.9559068120042884,0.035736811525631684,0.8461538461538461,0.15384615384615385,6.137591276259506e-74
3097,dna-private,45,38,7,8030,756,0.5110834371108344,-0.9683692567976228,0.10628230294690233,0.8444444444444444,0.15555555555555556,6.137591276259506e-74
3099,dna-private,101,76,25,7992,738,0.28072072072072074,-1.8327925380631613,9.889136103849818e-07,0.7524752475247525,0.24752475247524752,6.137591276259506e-74
3100,prot-private,37,29,8,8039,755,0.3404496827963677,-1.5544865058844652,0.012113037683991284,0.7837837837837838,0.21621621621621623,6.137591276259506e-74
3101,dna-private,134,133,1,7935,762,12.772022684310018,3.6749151152719675,0.00013533256780066374,0.9925373134328358,0.007462686567164179,6.137591276259506e-74
3103,dna-private,75,67,8,8001,755,0.790291838520185,-0.33954258560186856,0.5325044264423678,0.8933333333333333,0.10666666666666667,6.388400221161359e-26
3106,dna-private,50,49,1,8019,762,4.656191545080434,2.2191504086442957,0.12500179299940722,0.98,0.02,6.137591276259506e-74
3107,dna-private,37,29,8,8039,755,0.3404496827963677,-1.5544865058844652,0.012113037683991284,0.7837837837837838,0.21621621621621623,6.137591276259506e-74
3108,dna-private,384,373,11,7695,752,3.313792899757812,1.7284834420800053,4.356232824601983e-06,0.9713541666666666,0.028645833333333332,6.137591276259506e-74
3109,dna-private,10,7,3,8061,760,0.21998924864574287,-2.1844950770669267,0.04865901572148691,0.7,0.3,6.137591276259506e-74
3110,dna-private,58,56,2,8012,761,2.6595107338991513,1.411160859748442,0.2360613316860446,0.9655172413793104,0.034482758620689655,6.137591276259506e-74
3111,dna-private,37,31,6,8037,757,0.48664509974700343,-1.0390580669120846,0.13025347875770235,0.8378378378378378,0.16216216216216217,6.137591276259506e-74
3112,dna-private,31,27,4,8041,759,0.637140902872777,-0.6503156370107998,0.33798369846811566,0.8709677419354839,0.12903225806451613,1.3486175434808079e-64
3113,dna-private,113,112,1,7956,762,10.726998491704373,3.4231745487171823,0.0009994359687229152,0.9911504424778761,0.008849557522123894,6.137591276259506e-74
3114,shared,17,16,1,8052,762,1.5141579731743666,0.5985157305719824,1.0,0.9411764705882353,0.058823529411764705,8.510575869671689e-13
3115,dna-private,47,44,3,8024,760,1.3891658358258558,0.47421883563490835,0.7953470201404591,0.9361702127659575,0.06382978723404255,6.388400221161359e-26
3116,shared,18,17,1,8051,762,1.6089926717177991,0.6861577552096091,1.0,0.9444444444444444,0.05555555555555555,1.499676973186056e-14
3117,dna-private,77,74,3,7994,760,2.345092152447669,1.2296446158182943,0.15643149207565354,0.961038961038961,0.03896103896103896,6.137591276259506e-74
3118,prot-private,417,353,64,7715,699,0.4997306383668179,-1.0007774228114805,4.170966009698267e-06,0.8465227817745803,0.15347721822541965,6.137591276259506e-74
3119,dna-private,32,31,1,8037,762,2.939156401642404,1.555402131316662,0.5203953958732317,0.96875,0.03125,6.388400221161359e-26
3120,dna-private,44,40,4,8028,759,0.945440956651719,-0.0809407310597884,0.7895081975499975,0.9090909090909091,0.09090909090909091,6.388400221161359e-26
3121,prot-private,61,54,7,8014,756,0.7277264786623409,-0.45853179010386097,0.36524814508200953,0.8852459016393442,0.11475409836065574,1.3486175434808079e-64
3122,dna-private,69,64,5,8004,758,1.2121939030484759,0.2776204913779883,0.8312801261172446,0.927536231884058,0.07246376811594203,1.499676973186056e-14
3123,dna-private,53,50,3,8018,760,1.5797788309636651,0.6597225952337458,0.6235153699202394,0.9433962264150944,0.05660377358490566,6.388400221161359e-26
3124,dead,42,38,4,8030,759,0.897945205479452,-0.15530068354562512,0.7813655501740419,0.9047619047619048,0.09523809523809523,6.388400221161359e-26
3125,dna-private,453,439,14,7629,749,3.0785817276182987,1.6222658685252427,1.8306107627050844e-06,0.9690949227373068,0.03090507726269316,6.137591276259506e-74
3126,dna-private,301,297,4,7771,759,7.252058937073736,2.858390649830898,5.518002918555147e-08,0.9867109634551495,0.013289036544850499,6.137591276259506e-74
3127,prot-private,258,221,37,7847,726,0.5526160798239299,-0.8556505531047985,0.0021681864909808383,0.8565891472868217,0.1434108527131783,6.137591276259506e-74
3128,shared,14,11,3,8057,760,0.34586901659012864,-1.5317023139427457,0.1142871290727978,0.7857142857142857,0.21428571428571427,6.137591276259506e-74
3129,dna-private,17,16,1,8052,762,1.5141579731743666,0.5985157305719824,1.0,0.9411764705882353,0.058823529411764705,1.499676973186056e-14
3130,dna-private,63,58,5,8010,758,1.0977278401997503,0.13452041111522903,1.0,0.9206349206349206,0.07936507936507936,1.499676973186056e-14
3131,dna-private,343,309,34,7759,729,0.8538888425585468,-0.2278798198040809,0.37786537283870847,0.9008746355685131,0.09912536443148688,1.3486175434808079e-64
3132,dna-private,14,12,2,8056,761,0.5667825223435948,-0.8191328237820831,0.3441645340324851,0.8571428571428571,0.14285714285714285,1.3486175434808079e-64
3133,dna-private,20,19,1,8049,762,1.798732761833768,0.8469808609552302,1.0,0.95,0.05,8.510575869671689e-13
3134,dna-private,55,54,1,8014,762,5.134514599450961,2.3602278952259925,0.08715562943947111,0.9818181818181818,0.01818181818181818,6.137591276259506e-74
3135,dna-private,30,24,6,8044,757,0.37642963699651916,-1.40954787631962,0.040320928311090076,0.8,0.2,6.137591276259506e-74
3136,dna-private,12,11,1,8057,762,1.0403375946382027,0.05705176594078467,1.0,0.9166666666666666,0.08333333333333333,8.510575869671689e-13
3137,dna-private,69,60,9,8008,754,0.6277056277056277,-0.6718399514011232,0.1936148473682484,0.8695652173913043,0.13043478260869565,6.137591276259506e-74
3138,shared,23,23,0,8045,763,4.460195140140451,2.157106831570286,0.2566084918038831,1.0,0.0,6.137591276259506e-74
3139,dna-private,39,35,4,8033,759,0.8267459230673472,-0.2744840688163277,0.5763509902567905,0.8974358974358975,0.10256410256410256,6.388400221161359e-26
3140,dna-private,47,44,3,8024,760,1.3891658358258558,0.47421883563490835,0.7953470201404591,0.9361702127659575,0.06382978723404255,6.388400221161359e-26
3141,dna-private,140,123,17,7945,746,0.6793617887683708,-0.557748019891743,0.16938995032038154,0.8785714285714286,0.12142857142857143,6.137591276259506e-74
3142,dna-private,23,18,5,8050,758,0.33898136645962734,-1.5607221231633,0.043210400933891426,0.782608695652174,0.21739130434782608,6.137591276259506e-74
3143,dna-private,58,52,6,8016,757,0.8184464404524284,-0.2890400857895409,0.6358237371480248,0.896551724137931,0.10344827586206896,6.388400221161359e-26
3145,dna-private,43,41,2,8027,761,1.943503176778373,0.9586594658549641,0.582055335925062,0.9534883720930233,0.046511627906976744,6.388400221161359e-26
3146,dna-private,102,93,9,7975,754,0.9769696969696969,-0.03361428060521082,0.859940421890961,0.9117647058823529,0.08823529411764706,1.499676973186056e-14
3147,dna-private,61,53,8,8015,755,0.6240642545227698,-0.6802335162662699,0.24579488446630005,0.8688524590163934,0.13114754098360656,6.137591276259506e-74
3148,dna-private,143,142,1,7926,762,13.651778955336866,3.77101705503002,6.165927075834488e-05,0.993006993006993,0.006993006993006993,6.137591276259506e-74
3149,dna-private,27,24,3,8044,760,0.7558428642466435,-0.40384175797440397,0.5034960913993611,0.8888888888888888,0.1111111111111111,1.3486175434808079e-64
3150,dead,14,11,3,8057,760,0.34586901659012864,-1.5317023139427457,0.1142871290727978,0.7857142857142857,0.21428571428571427,6.137591276259506e-74
3151,dna-private,18,15,3,8053,760,0.4718738358375761,-1.0835269148384212,0.19951958732975172,0.8333333333333334,0.16666666666666666,6.137591276259506e-74
3152,dna-private,17,12,5,8056,758,0.22581926514399206,-2.146759524001899,0.0122129485169433,0.7058823529411765,0.29411764705882354,6.137591276259506e-74
3154,dna-private,21,19,2,8049,761,0.8981861100757859,-0.15491368303454628,0.7021801097644735,0.9047619047619048,0.09523809523809523,6.388400221161359e-26
3155,shared,25,24,1,8044,762,2.2734957732471406,1.1849123219091262,0.7193889252568892,0.96,0.04,6.388400221161359e-26
3157,dna-private,59,50,9,8018,754,0.5224356309414927,-0.9366748005496942,0.0964140808248437,0.847457627118644,0.15254237288135594,6.137591276259506e-74
3158,dna-private,35,31,4,8037,759,0.7318962299365435,-0.4502889807611938,0.5400047448892422,0.8857142857142857,0.11428571428571428,6.388400221161359e-26
3159,dna-private,39,34,5,8034,758,0.6415733134179736,-0.640313961511398,0.3819673631645426,0.8717948717948718,0.1282051282051282,1.3486175434808079e-64
3160,prot-private,59,52,7,8016,756,0.7005988023952096,-0.5133395728906478,0.3504617436888584,0.8813559322033898,0.11864406779661017,1.3486175434808079e-64
3161,dead,14,13,1,8055,762,1.2297951582867783,0.29841803204048295,1.0,0.9285714285714286,0.07142857142857142,1.499676973186056e-14
3162,dna-private,24,20,4,8048,759,0.47154572564612324,-1.0845304195026986,0.14800296197823892,0.8333333333333334,0.16666666666666666,6.137591276259506e-74
3163,dna-private,12,11,1,8057,762,1.0403375946382027,0.05705176594078467,1.0,0.9166666666666666,0.08333333333333333,8.510575869671689e-13
3164,dna-private,30,25,5,8043,758,0.4712172075096357,-1.0855358716452634,0.1780799653288134,0.8333333333333334,0.16666666666666666,6.137591276259506e-74
3165,dna-private,80,72,8,7996,755,0.849799899949975,-0.23480492108987405,0.6869671106431896,0.9,0.1,6.388400221161359e-26
3166,dna-private,62,58,4,8010,759,1.3739700374531836,0.458350543246966,0.8188517430519309,0.9354838709677419,0.06451612903225806,1.499676973186056e-14
3167,dna-private,90,79,11,7989,752,0.6760204371920482,-0.5648612327143273,0.2532186239786295,0.8777777777777778,0.12222222222222222,6.137591276259506e-74
3168,dna-private,19,14,5,8054,758,0.2635212316861187,-1.9240088916044207,0.019870482712073607,0.7368421052631579,0.2631578947368421,6.137591276259506e-74
3169,shared,12,11,1,8057,762,1.0403375946382027,0.05705176594078467,1.0,0.9166666666666666,0.08333333333333333,8.510575869671689e-13
3171,dna-private,186,178,8,7890,755,2.1291191381495564,1.0902566802780183,0.03366427328883512,0.956989247311828,0.043010752688172046,6.137591276259506e-74
3172,dna-private,18,15,3,8053,760,0.4718738358375761,-1.0835269148384212,0.19951958732975172,0.8333333333333334,0.16666666666666666,6.137591276259506e-74
3173,shared,17,16,1,8052,762,1.5141579731743666,0.5985157305719824,1.0,0.9411764705882353,0.058823529411764705,0.011508001441379862
3174,prot-private,48,23,25,8045,738,0.0843952765692977,-3.5666939332681245,8.069249815676675e-15,0.4791666666666667,0.5208333333333334,6.137591276259506e-74
3175,dna-private,30,27,3,8041,760,0.8506404676035318,-0.2333786048164745,0.741081562259439,0.9,0.1,6.388400221161359e-26
3176,prot-private,68,68,0,8000,763,13.074120367477033,3.708641979472882,0.003815303758676413,1.0,0.0,6.137591276259506e-74
3177,dna-private,360,326,34,7742,729,0.9028446821766681,-0.14745027498463592,0.5654075361008245,0.9055555555555556,0.09444444444444444,6.388400221161359e-26
3178,shared,35,32,3,8036,760,1.0087937614070017,0.012631258876499603,1.0,0.9142857142857143,0.08571428571428572,0.011508001441379862
3180,dna-private,26,25,1,8043,762,2.36851920925028,1.2439853725643295,0.7222754442803372,0.9615384615384616,0.038461538461538464,6.388400221161359e-26
3182,prot-private,17,17,0,8051,763,3.3189467801030865,1.7307254957322895,0.3917859073460155,1.0,0.0,1.3486175434808079e-64
3183,prot-private,12,11,1,8057,762,1.0403375946382027,0.05705176594078467,1.0,0.9166666666666666,0.08333333333333333,0.011508001441379862
3184,dna-private,42,38,4,8030,759,0.897945205479452,-0.15530068354562512,0.7813655501740419,0.9047619047619048,0.09523809523809523,6.388400221161359e-26
3185,dna-private,31,29,2,8039,761,1.3726209727578056,0.4569333034066387,1.0,0.9354838709677419,0.06451612903225806,0.011508001441379862
3186,dna-private,50,43,7,8025,756,0.5786915887850468,-0.7891334200314613,0.1986707155330188,0.86,0.14,6.137591276259506e-74
3187,dna-private,292,260,32,7808,731,0.7606781506147541,-0.3946419285819945,0.167229513720905,0.8904109589041096,0.1095890410958904,6.137591276259506e-74
3188,dead,17,13,4,8055,759,0.3062383612662942,-1.7072730800373728,0.053095201205350134,0.7647058823529411,0.23529411764705882,6.137591276259506e-74
3189,dna-private,39,31,8,8037,755,0.3640195346522334,-1.4579122219642189,0.016570423611427704,0.7948717948717948,0.20512820512820512,6.137591276259506e-74
3190,dna-private,15,14,1,8054,762,1.3245592252296996,0.40551235260517215,1.0,0.9333333333333333,0.06666666666666667,0.4071984462519146
3191,dna-private,36,28,8,8040,755,0.32866915422885573,-1.6052920297962456,0.01024865593509701,0.7777777777777778,0.2222222222222222,6.137591276259506e-74
3192,dna-private,61,55,6,8013,757,0.8659886018553185,-0.207580058567031,0.6489053231268938,0.9016393442622951,0.09836065573770492,6.388400221161359e-26
3193,dna-private,16,13,3,8055,760,0.40885578315745913,-1.2903360478430472,0.15504769204284768,0.8125,0.1875,6.137591276259506e-74
3194,dna-private,15,11,4,8057,759,0.2590604443341194,-1.948639346137071,0.03492376050102878,0.7333333333333333,0.26666666666666666,6.137591276259506e-74
3195,dna-private,276,225,51,7843,712,0.4005070088726553,-1.320100604869246,1.5385940170282662e-07,0.8152173913043478,0.18478260869565216,6.137591276259506e-74
3196,dna-private,62,58,4,8010,759,1.3739700374531836,0.458350543246966,0.8188517430519309,0.9354838709677419,0.06451612903225806,1.499676973186056e-14
3198,dead,40,35,5,8033,758,0.6605253330013694,-0.5983142009480645,0.38935598611324007,0.875,0.125,1.3486175434808079e-64
3199,dna-private,175,165,10,7903,753,1.5721245096798684,0.6527154811997766,0.21906820556861717,0.9428571428571428,0.05714285714285714,6.137591276259506e-74
3200,dna-private,14,13,1,8055,762,1.2297951582867783,0.29841803204048295,1.0,0.9285714285714286,0.07142857142857142,0.011508001441379862
3202,dna-private,13,8,5,8060,758,0.15047146401985112,-2.7324381801316004,0.0033960774335763263,0.6153846153846154,0.38461538461538464,6.137591276259506e-74
3203,dead,34,32,2,8036,761,1.5151816824290691,0.5994907947702535,0.765131878985169,0.9411764705882353,0.058823529411764705,6.388400221161359e-26
3204,dna-private,42,37,5,8031,758,0.6984435313161499,-0.5177846154492549,0.40660776219771855,0.8809523809523809,0.11904761904761904,1.3486175434808079e-64
3205,shared,24,23,1,8045,762,2.1784959602237413,1.1233324379395262,0.7174205323835983,0.9583333333333334,0.041666666666666664,6.388400221161359e-26
3206,dna-private,25,24,1,8044,762,2.2734957732471406,1.1849123219091262,0.7193889252568892,0.96,0.04,6.388400221161359e-26
3207,dna-private,110,104,6,7964,757,1.6475807801774653,0.720349201685165,0.30392341006579693,0.9454545454545454,0.05454545454545454,1.3486175434808079e-64
3208,dna-private,38,28,10,8040,753,0.26223880597014926,-1.931046904224121,0.0011048647145250434,0.7368421052631579,0.2631578947368421,6.137591276259506e-74
3209,dna-private,60,55,5,8013,758,1.040559091476351,0.0573588954521229,1.0,0.9166666666666666,0.08333333333333333,8.510575869671689e-13
3210,prot-private,102,100,2,7968,761,4.77535140562249,2.2556069012101894,0.011597456931584114,0.9803921568627451,0.0196078431372549,6.137591276259506e-74
3211,prot-private,147,143,4,7925,759,3.4238801261829654,1.7756321922797238,0.006945768802649469,0.9727891156462585,0.027210884353741496,6.137591276259506e-74
3212,dna-private,58,30,28,8038,735,0.09797213237123663,-3.351484748784104,2.4634207860580987e-15,0.5172413793103449,0.4827586206896552,6.137591276259506e-74
3213,prot-private,222,202,20,7866,743,0.9540172896008137,-0.06791268253988206,0.8088021569766181,0.9099099099099099,0.09009009009009009,1.499676973186056e-14
3214,shared,38,36,2,8032,761,1.7054282868525896,0.7701340909950858,0.7693366757055152,0.9473684210526315,0.05263157894736842,6.388400221161359e-26
3215,dna-private,99,85,14,7983,749,0.569648002004259,-0.8118573732045276,0.06835858150834612,0.8585858585858586,0.1414141414141414,6.137591276259506e-74
3216,dna-private,26,21,5,8047,758,0.39562569901826766,-1.3377919512928673,0.06832843727733481,0.8076923076923077,0.19230769230769232,6.137591276259506e-74
3217,prot-private,222,193,29,7875,734,0.6203043240284619,-0.6889519131782825,0.021445857187202075,0.8693693693693694,0.13063063063063063,6.137591276259506e-74
3218,dna-private,69,63,6,8005,757,0.9929419113054341,-0.010218774639127392,1.0,0.9130434782608695,0.08695652173913043,0.011508001441379862
3219,dna-private,58,55,3,8013,760,1.738841049960481,0.7981260597781852,0.4820184269700901,0.9482758620689655,0.05172413793103448,1.3486175434808079e-64
3220,dna-private,76,71,5,7997,758,1.3459547330248844,0.4286298902315199,0.6819103036749784,0.9342105263157895,0.06578947368421052,6.388400221161359e-26
3221,shared,82,80,2,7988,761,3.8107160741111668,1.9300621209469353,0.045655111458199615,0.975609756097561,0.024390243902439025,6.137591276259506e-74
3222,dna-private,25,18,7,8050,756,0.24149068322981365,-2.0499605642835608,0.004210200824664259,0.72,0.28,6.137591276259506e-74
3223,dna-private,41,31,10,8037,753,0.29044419559537143,-1.783667096392094,0.002067369051026266,0.7560975609756098,0.24390243902439024,6.137591276259506e-74
3225,dna-private,17,15,2,8053,761,0.7087420836955172,-0.49666737894466767,0.6538307945337098,0.8823529411764706,0.11764705882352941,6.388400221161359e-26
3226,shared,42,40,2,8028,761,1.8958644743398108,0.9228558370282908,0.5796119669598028,0.9523809523809523,0.047619047619047616,6.388400221161359e-26
3227,prot-private,395,369,26,7699,737,1.3585830327614974,0.4421027417045522,0.14324500687799513,0.9341772151898734,0.06582278481012659,6.137591276259506e-74
3228,dna-private,46,40,6,8028,757,0.6286331174223551,-0.6697098172106793,0.2861923865624174,0.8695652173913043,0.13043478260869565,1.3486175434808079e-64
3229,dna-private,46,42,4,8026,759,0.9929603787690008,-0.010191942585768658,1.0,0.9130434782608695,0.08695652173913043,0.011508001441379862
3230,prot-private,253,247,6,7821,757,3.984550142777991,1.9944168525925405,5.699297860068592e-05,0.9762845849802372,0.023715415019762844,6.137591276259506e-74
3231,dna-private,33,30,3,8038,760,0.9455088330430456,-0.08083715884043495,0.7604116415681585,0.9090909090909091,0.09090909090909091,6.388400221161359e-26
3232,dna-private,37,35,2,8033,761,1.6578488733972363,0.7293124992717513,0.7674493121844022,0.9459459459459459,0.05405405405405406,6.388400221161359e-26
3233,prot-private,11,9,2,8059,761,0.424928651197419,-1.2347074729427345,0.24486416172403402,0.8181818181818182,0.18181818181818182,6.137591276259506e-74
3234,prot-private,239,200,39,7868,724,0.47188872811648613,-1.0834813842828486,9.319551832174817e-05,0.8368200836820083,0.16317991631799164,6.137591276259506e-74
3235,dna-private,89,71,18,7997,745,0.36746418795937363,-1.444324439144998,0.0008126605755507188,0.797752808988764,0.20224719101123595,6.137591276259506e-74
3236,dna-private,34,29,5,8039,758,0.5468839407886553,-0.8706933968131773,0.21185425029248942,0.8529411764705882,0.14705882352941177,6.137591276259506e-74
3237,prot-private,31,24,7,8044,756,0.32222774738935855,-1.6338473634207271,0.014629950189399336,0.7741935483870968,0.22580645161290322,6.137591276259506e-74
3239,dna-private,30,26,4,8042,759,0.6134667993036558,-0.7049428272438021,0.3239706779083888,0.8666666666666667,0.13333333333333333,1.3486175434808079e-64
3240,dna-private,35,31,4,8037,759,0.7318962299365435,-0.4502889807611938,0.5400047448892422,0.8857142857142857,0.11428571428571428,6.388400221161359e-26
3241,dead,47,41,6,8027,757,0.6444292180557286,-0.6339061883840059,0.2943612407633644,0.8723404255319149,0.1276595744680851,1.3486175434808079e-64
3243,dna-private,25,20,5,8048,758,0.37673956262425445,-1.4083605516344355,0.05921837402854664,0.8,0.2,6.137591276259506e-74
3244,dna-private,13,9,4,8059,759,0.21190594366546717,-2.2385040410308137,0.021001542276485385,0.6923076923076923,0.3076923076923077,6.137591276259506e-74
3245,dna-private,97,72,25,7996,738,0.26581290645322664,-1.9115169390166438,4.3420302518550553e-07,0.7422680412371134,0.25773195876288657,6.137591276259506e-74
3247,dna-private,30,22,8,8046,755,0.25804747700720854,-1.9542915697758916,0.0031439857370636048,0.7333333333333333,0.26666666666666666,6.137591276259506e-74
3248,prot-private,49,41,8,8027,755,0.482044973215398,-1.0527603434361401,0.06883674654688149,0.8367346938775511,0.16326530612244897,6.137591276259506e-74
3249,prot-private,63,33,30,8035,733,0.10034847542003733,-3.3169093966787093,3.9472391934113585e-16,0.5238095238095238,0.47619047619047616,6.137591276259506e-74
3250,dna-private,161,142,19,7926,744,0.7015418940993665,-0.5113988347988558,0.15556448537371814,0.8819875776397516,0.11801242236024845,6.137591276259506e-74
3251,prot-private,157,123,34,7945,729,0.33194017695183803,-1.5910048358200437,3.7204708922936395e-07,0.7834394904458599,0.21656050955414013,6.137591276259506e-74
3253,shared,24,23,1,8045,762,2.1784959602237413,1.1233324379395262,0.7174205323835983,0.9583333333333334,0.041666666666666664,6.388400221161359e-26
3255,dna-private,35,34,1,8034,762,3.224794622852875,1.6892072826981948,0.3624586490896934,0.9714285714285714,0.02857142857142857,1.3486175434808079e-64
3256,dna-private,29,23,6,8045,757,0.3607002278848146,-1.4711277602892203,0.03469919040833027,0.7931034482758621,0.20689655172413793,6.137591276259506e-74
3257,dna-private,124,112,12,7956,751,0.8810122339534104,-0.1827660419830242,0.6294396492237648,0.9032258064516129,0.0967741935483871,6.388400221161359e-26
3258,dna-private,19,17,2,8051,761,0.8034405663892684,-0.3157367887801676,0.677113499984792,0.8947368421052632,0.10526315789473684,6.388400221161359e-26
3259,dna-private,31,27,4,8041,759,0.637140902872777,-0.6503156370107998,0.33798369846811566,0.8709677419354839,0.12903225806451613,1.3486175434808079e-64
3260,prot-private,20,16,4,8052,759,0.3770491803278688,-1.4071753815058734,0.08818066269357304,0.8,0.2,6.137591276259506e-74
3261,shared,33,32,1,8036,762,3.0343454454952714,1.60138533876003,0.35982551827944353,0.9696969696969697,0.030303030303030304,1.3486175434808079e-64
3262,prot-private,12,12,0,8056,763,2.369204989759821,1.2444030296948858,0.6160300460842021,1.0,0.0,6.388400221161359e-26
3263,dna-private,27,26,1,8042,762,2.463566277045511,1.3007482848340537,0.7259809616915744,0.9629629629629629,0.037037037037037035,6.388400221161359e-26
3265,dead,20,19,1,8049,762,1.798732761833768,0.8469808609552302,1.0,0.95,0.05,1.499676973186056e-14
3266,dna-private,74,68,6,8000,757,1.0724166666666666,0.1008655458528277,1.0,0.918918918918919,0.08108108108108109,1.499676973186056e-14
3267,dna-private,27,23,4,8045,759,0.5424798011187073,-0.8823586741383294,0.28746707582594033,0.8518518518518519,0.14814814814814814,1.3486175434808079e-64
3270,dna-private,24,20,4,8048,759,0.47154572564612324,-1.0845304195026986,0.14800296197823892,0.8333333333333334,0.16666666666666666,6.137591276259506e-74
3271,shared,30,29,1,8039,762,2.7488493593730565,1.4588278473964156,0.5123772522077924,0.9666666666666667,0.03333333333333333,1.3486175434808079e-64
3272,prot-private,40,27,13,8041,750,0.19371872997043996,-2.367964645184115,1.796672516102929e-05,0.675,0.325,6.137591276259506e-74
3273,dna-private,28,23,5,8045,758,0.43341205717837167,-1.2061888062700663,0.08872434228178167,0.8214285714285714,0.17857142857142858,6.137591276259506e-74
3274,dna-private,46,43,3,8025,760,1.3574247144340603,0.4408721854148619,0.7950578534474642,0.9347826086956522,0.06521739130434782,6.388400221161359e-26
3275,dna-private,59,56,3,8012,760,1.7706773173572974,0.8243013238546881,0.4833287820344563,0.9491525423728814,0.05084745762711865,1.3486175434808079e-64
3276,dna-private,194,191,3,7877,760,6.142778553594854,2.6188913752619416,4.546142226884834e-05,0.9845360824742269,0.015463917525773196,6.137591276259506e-74
3277,dna-private,33,31,2,8037,761,1.4676496205051637,0.5535075873268854,1.0,0.9393939393939394,0.06060606060606061,1.499676973186056e-14
3278,dna-private,52,41,11,8027,752,0.3491851365278549,-1.5179359446082412,0.004195174588771974,0.7884615384615384,0.21153846153846154,6.137591276259506e-74
3279,prot-private,30,28,2,8040,761,1.3251243781094528,0.4061277794948587,1.0,0.9333333333333333,0.06666666666666667,1.499676973186056e-14
3280,dna-private,362,339,23,7729,740,1.4111730523662998,0.49689491669635166,0.1260323217231487,0.93646408839779,0.06353591160220995,6.137591276259506e-74
3281,prot-private,58,57,1,8011,762,5.421795031831232,2.4387705738635503,0.05940942078251195,0.9827586206896551,0.017241379310344827,6.137591276259506e-74
3282,dna-private,70,55,15,8013,748,0.34227713299222096,-1.5467631835524884,0.0007724135355310801,0.7857142857142857,0.21428571428571427,6.137591276259506e-74
3283,dna-private,117,113,4,7955,759,2.695380263984915,1.4304888226122439,0.044879316167853345,0.9658119658119658,0.03418803418803419,6.137591276259506e-74
3284,dna-private,23,21,2,8047,761,0.9929787498446626,-0.010165251073051074,1.0,0.9130434782608695,0.08695652173913043,1.499676973186056e-14
3285,dna-private,143,128,15,7940,748,0.8038958858102435,-0.31491942775120196,0.45088205218233296,0.8951048951048951,0.1048951048951049,1.3486175434808079e-64
3286,shared,56,52,4,8016,759,1.2309131736526946,0.29972900036135003,1.0,0.9285714285714286,0.07142857142857142,1.499676973186056e-14
3287,dna-private,35,35,0,8033,763,6.747806062114894,2.754418509896108,0.06976291749627056,1.0,0.0,6.137591276259506e-74
3288,dna-private,33,30,3,8038,760,0.9455088330430456,-0.08083715884043495,0.7604116415681585,0.9090909090909091,0.09090909090909091,6.388400221161359e-26
3289,dna-private,31,30,1,8038,762,2.8439910425478976,1.5079169210430954,0.5158143009548789,0.967741935483871,0.03225806451612903,6.388400221161359e-26
3290,shared,33,33,0,8035,763,6.366063095015867,2.670401455813828,0.11089073460605553,1.0,0.0,6.137591276259506e-74
3292,dna-private,354,329,25,7739,738,1.2549528362837576,0.32763314573930447,0.3336233011443218,0.9293785310734464,0.07062146892655367,1.3486175434808079e-64
3293,dna-private,30,29,1,8039,762,2.7488493593730565,1.4588278473964156,0.5123772522077924,0.9666666666666667,0.03333333333333333,1.3486175434808079e-64
3294,dna-private,11,8,3,8060,760,0.25144747725392885,-1.9916710158055382,0.06272898865567579,0.7272727272727273,0.2727272727272727,6.137591276259506e-74
3295,dna-private,64,59,5,8009,758,1.1167936071919091,0.15936258833379968,1.0,0.921875,0.078125,8.510575869671689e-13
3296,dna-private,27,23,4,8045,759,0.5424798011187073,-0.8823586741383294,0.28746707582594033,0.8518518518518519,0.14814814814814814,1.3486175434808079e-64
3297,dead,33,30,3,8038,760,0.9455088330430456,-0.08083715884043495,0.7604116415681585,0.9090909090909091,0.09090909090909091,6.388400221161359e-26
3298,dna-private,150,140,10,7928,753,1.3297174571140262,0.4111197295430441,0.4642548580276054,0.9333333333333333,0.06666666666666667,1.3486175434808079e-64
3299,shared,17,16,1,8052,762,1.5141579731743666,0.5985157305719824,1.0,0.9411764705882353,0.058823529411764705,1.499676973186056e-14
3300,prot-private,87,82,5,7986,758,1.5566240921612822,0.638420591268765,0.44262248489451633,0.9425287356321839,0.05747126436781609,1.3486175434808079e-64
3302,dna-private,55,46,9,8022,754,0.4804011191445746,-1.0576885829311442,0.05137221950725643,0.8363636363636363,0.16363636363636364,6.137591276259506e-74
3303,shared,28,28,0,8040,763,5.412536533797649,2.436304857844131,0.16804864765234273,1.0,0.0,6.137591276259506e-74
3304,dna-private,349,341,8,7727,755,4.164860230361072,2.0582680806212097,1.2879489010995372e-06,0.9770773638968482,0.022922636103151862,6.137591276259506e-74
3305,dna-private,68,60,8,8008,755,0.7071053946053946,-0.5000028290150338,0.3808286579950215,0.8823529411764706,0.11764705882352941,1.3486175434808079e-64
3306,dna-private,28,27,1,8041,762,2.5586369854495707,1.355375475067056,0.5093441065762562,0.9642857142857143,0.03571428571428571,1.3486175434808079e-64
3308,prot-private,11,11,0,8057,763,2.179398076326404,1.1239297349069568,0.6147434751291604,1.0,0.0,6.388400221161359e-26
3310,prot-private,119,119,0,7949,763,22.954462544814138,4.520702748109121,4.236816820660519e-05,1.0,0.0,6.137591276259506e-74
3311,dna-private,49,44,5,8024,758,0.8313060817547357,-0.26654832869115413,0.6108372502750749,0.8979591836734694,0.10204081632653061,6.388400221161359e-26
3312,dna-private,162,140,22,7928,741,0.5947848821209063,-0.7495601165729853,0.0328281131837425,0.8641975308641975,0.13580246913580246,6.137591276259506e-74
3313,prot-private,14,13,1,8055,762,1.2297951582867783,0.29841803204048295,1.0,0.9285714285714286,0.07142857142857142,1.499676973186056e-14
3314,dna-private,52,47,5,8021,758,0.8883181648173545,-0.17085160232914326,0.8023241620725681,0.9038461538461539,0.09615384615384616,1.499676973186056e-14
3316,dna-private,141,129,12,7939,751,1.016910190200277,0.024192271256368324,1.0,0.9148936170212766,0.0851063829787234,1.499676973186056e-14
3317,shared,31,27,4,8041,759,0.637140902872777,-0.6503156370107998,0.33798369846811566,0.8709677419354839,0.12903225806451613,1.3486175434808079e-64
3318,dead,42,40,2,8028,761,1.8958644743398108,0.9228558370282908,0.5796119669598028,0.9523809523809523,0.047619047619047616,6.388400221161359e-26
3319,dna-private,86,77,9,7991,754,0.8072692890613051,-0.30887808657908317,0.5599072595255945,0.8953488372093024,0.10465116279069768,6.388400221161359e-26
3320,dna-private,12,10,2,8058,761,0.47220153884338545,-1.0825253517576907,0.27814822883872553,0.8333333333333334,0.16666666666666666,1.3486175434808079e-64
3321,shared,18,16,2,8052,761,0.7560854446100348,-0.40337881341779425,0.6651558352122813,0.8888888888888888,0.1111111111111111,6.388400221161359e-26
3322,dna-private,78,69,9,7999,754,0.7226736675417761,-0.4685837679054605,0.3150545137725429,0.8846153846153846,0.11538461538461539,1.3486175434808079e-64
3323,dna-private,240,231,9,7837,754,2.469397303389903,1.3041589715627322,0.004778416504773043,0.9625,0.0375,6.137591276259506e-74
3325,dna-private,14,13,1,8055,762,1.2297951582867783,0.29841803204048295,1.0,0.9285714285714286,0.07142857142857142,1.499676973186056e-14
3326,dna-private,49,48,1,8020,762,4.560598503740648,2.1892231668721953,0.12380349048910988,0.9795918367346939,0.02040816326530612,6.137591276259506e-74
3327,dna-private,10,10,0,8058,763,1.9896382701495317,0.9925061627800148,1.0,1.0,0.0,1.499676973186056e-14
3328,dna-private,44,40,4,8028,759,0.945440956651719,-0.0809407310597884,0.7895081975499975,0.9090909090909091,0.09090909090909091,6.388400221161359e-26
3329,dna-private,47,44,3,8024,760,1.3891658358258558,0.47421883563490835,0.7953470201404591,0.9361702127659575,0.06382978723404255,6.388400221161359e-26
3330,dna-private,44,41,3,8027,760,1.2939661974170509,0.37179992996121036,1.0,0.9318181818181818,0.06818181818181818,1.499676973186056e-14
3331,shared,16,14,2,8054,761,0.6614104792649615,-0.5963821913846045,0.6433648787155277,0.875,0.125,6.388400221161359e-26
3332,dna-private,23,19,4,8049,759,0.44791278419679464,-1.1587102511226255,0.13180999755492595,0.8260869565217391,0.17391304347826086,6.137591276259506e-74
3333,dead,16,15,1,8053,762,1.4193468272693406,0.5052271650451089,1.0,0.9375,0.0625,1.499676973186056e-14
3335,dna-private,33,32,1,8036,762,3.0343454454952714,1.60138533876003,0.35982551827944353,0.9696969696969697,0.030303030303030304,1.3486175434808079e-64
3336,dna-private,14,13,1,8055,762,1.2297951582867783,0.29841803204048295,1.0,0.9285714285714286,0.07142857142857142,1.499676973186056e-14
3337,dna-private,70,41,29,8027,734,0.1292791999415765,-2.951437919932941,1.1367734242175712e-13,0.5857142857142857,0.4142857142857143,6.137591276259506e-74
3338,dna-private,80,75,5,7993,758,1.4224946828474916,0.5084232598823722,0.5518695976089072,0.9375,0.0625,6.388400221161359e-26
3339,prot-private,127,120,7,7948,756,1.630598892803221,0.7054019405223169,0.26398914553038877,0.9448818897637795,0.05511811023622047,6.137591276259506e-74
3340,dna-private,20,18,2,8050,761,0.850807453416149,-0.2330954229434839,0.689509959490357,0.9,0.1,6.388400221161359e-26
3341,dna-private,32,29,3,8039,760,0.9138781772193888,-0.12992623248711502,0.7536237834637938,0.90625,0.09375,6.388400221161359e-26
3342,dna-private,79,58,21,8010,742,0.2558468580940491,-1.9666475783264572,2.1083501473273686e-06,0.7341772151898734,0.26582278481012656,6.137591276259506e-74
3343,prot-private,32,14,18,8054,745,0.0719449272963055,-3.7969632209809383,8.77837854745791e-12,0.4375,0.5625,6.137591276259506e-74
3345,prot-private,48,37,11,8031,752,0.3149613429777793,-1.6667533256926441,0.0021549755674024657,0.7708333333333334,0.22916666666666666,6.137591276259506e-74
3346,dna-private,88,82,6,7986,757,1.295475415310126,0.37348163724961114,0.7026486414509867,0.9318181818181818,0.06818181818181818,6.388400221161359e-26
3347,prot-private,131,122,9,7946,754,1.286293592862936,0.3632199713011394,0.636788350319873,0.9312977099236641,0.06870229007633588,6.388400221161359e-26
3348,prot-private,43,41,2,8027,761,1.943503176778373,0.9586594658549641,0.582055335925062,0.9534883720930233,0.046511627906976744,6.388400221161359e-26
3349,dna-private,26,23,3,8045,760,0.7242593743525999,-0.4654216419440042,0.48773304782795196,0.8846153846153846,0.11538461538461539,1.3486175434808079e-64
3350,dna-private,77,68,9,8000,754,0.7121111111111111,-0.48982573158539566,0.30903889636341764,0.8831168831168831,0.11688311688311688,1.3486175434808079e-64
3351,prot-private,16,15,1,8053,762,1.4193468272693406,0.5052271650451089,1.0,0.9375,0.0625,1.499676973186056e-14
3352,shared,29,28,1,8040,762,2.653731343283582,1.4080223234846352,0.5101863863798867,0.9655172413793104,0.034482758620689655,1.3486175434808079e-64
3353,dna-private,104,101,3,7967,760,3.21158110539308,1.683283730780833,0.03344175355237579,0.9711538461538461,0.028846153846153848,6.137591276259506e-74
3354,dna-private,89,88,1,7980,762,8.403007518796992,3.070905775020911,0.006563784099381548,0.9887640449438202,0.011235955056179775,6.137591276259506e-74
3356,shared,22,12,10,8056,753,0.11216484607745779,-3.156307507501063,5.405392168863954e-06,0.5454545454545454,0.45454545454545453,6.137591276259506e-74
3357,dna-private,17,15,2,8053,761,0.7087420836955172,-0.49666737894466767,0.6538307945337098,0.8823529411764706,0.11764705882352941,6.388400221161359e-26
3358,dna-private,80,73,7,7995,756,0.9861163227016886,-0.020170257324208563,1.0,0.9125,0.0875,1.499676973186056e-14
3359,dna-private,28,25,3,8043,760,0.787434207799743,-0.344768707319201,0.7304102003319707,0.8928571428571429,0.10714285714285714,6.388400221161359e-26
3360,dna-private,29,24,5,8044,758,0.45231228244654403,-1.1446089223004663,0.09997958225541735,0.8275862068965517,0.1724137931034483,6.137591276259506e-74
3361,dna-private,308,296,12,7772,751,2.3835134671470235,1.2530897768367208,0.001299143420266483,0.961038961038961,0.03896103896103896,6.137591276259506e-74
3362,prot-private,53,52,1,8016,762,4.9431137724550895,2.3054201124392057,0.08570192744399394,0.9811320754716981,0.018867924528301886,6.137591276259506e-74
3363,dna-private,20,19,1,8049,762,1.798732761833768,0.8469808609552302,1.0,0.95,0.05,1.499676973186056e-14
3364,dna-private,52,49,3,8019,760,1.5479901899654986,0.6303963287607656,0.6227523848035943,0.9423076923076923,0.057692307692307696,6.388400221161359e-26
3365,shared,24,24,0,8044,763,4.650568711542047,2.2174071521673038,0.26199068748151555,1.0,0.0,6.137591276259506e-74
3366,dna-private,28,20,8,8048,755,0.23453031809145128,-2.0921536607057236,0.0019486910888545947,0.7142857142857143,0.2857142857142857,6.137591276259506e-74
3367,dna-private,57,46,11,8022,752,0.3920128736882664,-1.351027061717156,0.008634421048008333,0.8070175438596491,0.19298245614035087,6.137591276259506e-74
3368,dna-private,15,11,4,8057,759,0.2590604443341194,-1.948639346137071,0.03492376050102878,0.7333333333333333,0.26666666666666666,6.137591276259506e-74
3369,prot-private,31,27,4,8041,759,0.637140902872777,-0.6503156370107998,0.33798369846811566,0.8709677419354839,0.12903225806451613,1.3486175434808079e-64
3370,dna-private,43,39,4,8029,759,0.9216901233030266,-0.11764630379571438,0.7852915920495436,0.9069767441860465,0.09302325581395349,6.388400221161359e-26
3371,shared,25,22,3,8046,760,0.692683735189328,-0.5297312963785412,0.4725039628434682,0.88,0.12,1.3486175434808079e-64
3372,dna-private,72,65,7,8003,756,0.8771710608521804,-0.18906987869635503,0.6738013167272671,0.9027777777777778,0.09722222222222222,6.388400221161359e-26
3373,dna-private,56,54,2,8014,761,2.5638881956575994,1.3583333512362161,0.23321821760895722,0.9642857142857143,0.03571428571428571,6.137591276259506e-74
3374,prot-private,330,313,17,7755,746,1.7711381651306557,0.8246767600140635,0.02107204615504122,0.9484848484848485,0.051515151515151514,6.137591276259506e-74
3375,dna-private,32,26,6,8042,757,0.4079001906656719,-1.2937119133946928,0.05320593297080169,0.8125,0.1875,6.137591276259506e-74
3376,dna-private,40,35,5,8033,758,0.6605253330013694,-0.5983142009480645,0.38935598611324007,0.875,0.125,1.3486175434808079e-64
3377,dna-private,66,61,5,8007,758,1.1549394280004996,0.20781718998349313,1.0,0.9242424242424242,0.07575757575757576,1.499676973186056e-14
3378,dna-private,36,25,11,8043,752,0.21249420727227517,-2.2345045818886526,0.00014931794905760986,0.6944444444444444,0.3055555555555556,6.137591276259506e-74
3379,prot-private,26,23,3,8045,760,0.7242593743525999,-0.4654216419440042,0.48773304782795196,0.8846153846153846,0.11538461538461539,1.3486175434808079e-64
3380,prot-private,489,474,15,7594,748,3.1125625493810904,1.6381028295582882,5.281071545237716e-07,0.9693251533742331,0.03067484662576687,6.137591276259506e-74
3381,dna-private,46,41,5,8027,758,0.774336613927993,-0.36896723436485207,0.5937279062956088,0.8913043478260869,0.10869565217391304,6.388400221161359e-26
3382,dna-private,105,100,5,7968,758,1.9026104417670682,0.927980200990373,0.2177184936042773,0.9523809523809523,0.047619047619047616,6.137591276259506e-74
3383,dna-private,17,13,4,8055,759,0.3062383612662942,-1.7072730800373728,0.053095201205350134,0.7647058823529411,0.23529411764705882,6.137591276259506e-74
3384,dna-private,40,32,8,8036,755,0.3758088601294176,-1.4119290145208507,0.019194549275229046,0.8,0.2,6.137591276259506e-74
3385,dna-private,11,10,1,8058,762,0.9456440804169769,-0.08063080776791416,1.0,0.9090909090909091,0.09090909090909091,1.499676973186056e-14
3386,dna-private,71,56,15,8012,748,0.3485438508903312,-1.5205879194759855,0.000902875384438653,0.7887323943661971,0.2112676056338028,6.137591276259506e-74
3387,dna-private,46,44,2,8024,761,2.086490528414756,1.0610783715286622,0.43094864261548504,0.9565217391304348,0.043478260869565216,1.3486175434808079e-64
3388,dna-private,513,481,32,7587,731,1.4482461776723343,0.5343068573380847,0.05143096955354596,0.9376218323586745,0.06237816764132553,6.137591276259506e-74
3389,dna-private,469,449,20,7619,743,2.1893096206851292,1.130476000493875,0.0002556652193257109,0.9573560767590619,0.042643923240938165,6.137591276259506e-74
3390,dna-private,51,44,7,8024,756,0.5922233300099701,-0.7557867698114149,0.2049367938259777,0.8627450980392157,0.13725490196078433,6.137591276259506e-74
3391,dna-private,31,31,0,8037,763,5.984510108864697,2.581233153194096,0.10691894429686633,1.0,0.0,6.137591276259506e-74
3392,dna-private,69,64,5,8004,758,1.2121939030484759,0.2776204913779883,0.8312801261172446,0.927536231884058,0.07246376811594203,1.499676973186056e-14
3393,dna-private,82,76,6,7992,757,1.1997831164497832,0.26277363491574274,0.8435814576538226,0.926829268292683,0.07317073170731707,1.499676973186056e-14
3394,dna-private,50,48,2,8020,761,2.2773067331670824,1.1873286228824191,0.3179051122649078,0.96,0.04,1.3486175434808079e-64
3395,dead,22,18,4,8050,759,0.42428571428571427,-1.236891991031563,0.11640137205561549,0.8181818181818182,0.18181818181818182,6.137591276259506e-74
3396,dna-private,12,10,2,8058,761,0.47220153884338545,-1.0825253517576907,0.27814822883872553,0.8333333333333334,0.16666666666666666,1.3486175434808079e-64
3397,dead,56,53,3,8015,760,1.6751923476814305,0.7443267571310803,0.6293208291051453,0.9464285714285714,0.05357142857142857,6.388400221161359e-26
3398,shared,13,12,1,8056,762,1.1350546176762661,0.18276172020769355,1.0,0.9230769230769231,0.07692307692307693,1.499676973186056e-14
3399,dna-private,52,48,4,8020,759,1.1356608478802992,0.18353205479433976,1.0,0.9230769230769231,0.07692307692307693,1.499676973186056e-14
3400,shared,25,24,1,8044,762,2.2734957732471406,1.1849123219091262,0.7193889252568892,0.96,0.04,6.388400221161359e-26
3402,dna-private,24,23,1,8045,762,2.1784959602237413,1.1233324379395262,0.7174205323835983,0.9583333333333334,0.041666666666666664,6.388400221161359e-26
3403,shared,22,21,1,8047,762,1.988567167888654,0.9917292929167254,1.0,0.9545454545454546,0.045454545454545456,1.499676973186056e-14
3404,dna-private,86,82,4,7986,759,1.9483471074380165,0.9622507234005021,0.24548627420549432,0.9534883720930233,0.046511627906976744,6.137591276259506e-74
3405,dna-private,46,40,6,8028,757,0.6286331174223551,-0.6697098172106793,0.2861923865624174,0.8695652173913043,0.13043478260869565,1.3486175434808079e-64
3406,prot-private,287,286,1,7782,762,28.004626060138783,4.807593259298856,1.5583309408840538e-10,0.9965156794425087,0.003484320557491289,6.137591276259506e-74
3407,prot-private,17,16,1,8052,762,1.5141579731743666,0.5985157305719824,1.0,0.9411764705882353,0.058823529411764705,1.499676973186056e-14
3408,dna-private,80,67,13,8001,750,0.48311268783709727,-1.0495683525721589,0.024942334464268485,0.8375,0.1625,6.137591276259506e-74
3409,dna-private,12,9,3,8059,760,0.2829135128427845,-1.8215670088364881,0.07844382615057613,0.75,0.25,6.137591276259506e-74
3410,dna-private,129,121,8,7947,755,1.4369416131873662,0.5230014423962573,0.4280912913613721,0.937984496124031,0.06201550387596899,1.3486175434808079e-64
3411,dna-private,35,34,1,8034,762,3.224794622852875,1.6892072826981948,0.3624586490896934,0.9714285714285714,0.02857142857142857,1.3486175434808079e-64
3412,dna-private,12,11,1,8057,762,1.0403375946382027,0.05705176594078467,1.0,0.9166666666666666,0.08333333333333333,1.499676973186056e-14
3413,dna-private,184,178,6,7890,757,2.846345585128855,1.5091108353301523,0.005127266835704706,0.967391304347826,0.03260869565217391,6.137591276259506e-74
3414,dna-private,28,27,1,8041,762,2.5586369854495707,1.355375475067056,0.5093441065762562,0.9642857142857143,0.03571428571428571,1.3486175434808079e-64
3415,dna-private,26,24,2,8044,761,1.1352560914967678,0.1830177779193497,1.0,0.9230769230769231,0.07692307692307693,1.499676973186056e-14
3416,dead,24,22,2,8046,761,1.0403927417350236,0.05712823951521257,1.0,0.9166666666666666,0.08333333333333333,1.499676973186056e-14
3417,dna-private,17,14,3,8054,760,0.4403608972767155,-1.1832417272783582,0.17689465436516857,0.8235294117647058,0.17647058823529413,6.137591276259506e-74
3418,shared,68,66,2,8002,761,3.138340414896276,1.650001849516397,0.12474314509894599,0.9705882352941176,0.029411764705882353,6.137591276259506e-74
3419,dna-private,160,154,6,7914,757,2.455100665487322,1.295782179986776,0.022431833679425077,0.9625,0.0375,6.137591276259506e-74
3420,dna-private,74,72,2,7996,761,3.4262131065532766,1.7766148882012303,0.09139998108781028,0.972972972972973,0.02702702702702703,6.137591276259506e-74
3421,prot-private,43,34,9,8034,754,0.35454872348076233,-1.4959441929687753,0.009926131263223923,0.7906976744186046,0.20930232558139536,6.137591276259506e-74
3422,dna-private,109,92,17,7976,746,0.5061655554899994,-0.9823187593362847,0.015114416033410603,0.8440366972477065,0.1559633027522936,6.137591276259506e-74
3423,dna-private,25,24,1,8044,762,2.2734957732471406,1.1849123219091262,0.7193889252568892,0.96,0.04,6.388400221161359e-26
3424,prot-private,70,66,4,8002,759,1.5650462384403898,0.6462052814283178,0.5213085110320503,0.9428571428571428,0.05714285714285714,6.388400221161359e-26
3425,dna-private,30,23,7,8045,756,0.30876320696084525,-1.6954272473903271,0.012212238797290944,0.7666666666666667,0.23333333333333334,6.137591276259506e-74
3426,dna-private,35,31,4,8037,759,0.7318962299365435,-0.4502889807611938,0.5400047448892422,0.8857142857142857,0.11428571428571428,6.388400221161359e-26
3427,prot-private,44,23,21,8045,742,0.1010151232649679,-3.307356795711753,1.0566299877335038e-11,0.5227272727272727,0.4772727272727273,6.137591276259506e-74
3428,dna-private,29,27,2,8041,761,1.2776395970650416,0.3534809310772793,1.0,0.9310344827586207,0.06896551724137931,1.499676973186056e-14
3429,dna-private,35,31,4,8037,759,0.7318962299365435,-0.4502889807611938,0.5400047448892422,0.8857142857142857,0.11428571428571428,6.388400221161359e-26
3430,prot-private,12,12,0,8056,763,2.369204989759821,1.2444030296948858,0.6160300460842021,1.0,0.0,6.388400221161359e-26
3431,dead,25,22,3,8046,760,0.692683735189328,-0.5297312963785412,0.4725039628434682,0.88,0.12,1.3486175434808079e-64
3433,dna-private,125,122,3,7946,760,3.889588052688984,1.9596173670845791,0.009190985590166133,0.976,0.024,6.137591276259506e-74
3434,dna-private,35,27,8,8041,755,0.3168915557766447,-1.657938878213825,0.008605759697658397,0.7714285714285715,0.22857142857142856,6.137591276259506e-74
3435,prot-private,86,75,11,7993,752,0.6414703774893942,-0.6405454503610168,0.1742580489684798,0.872093023255814,0.12790697674418605,6.137591276259506e-74
3436,dna-private,132,120,12,7948,751,0.9448917966784096,-0.0817789648480361,0.8754186298713,0.9090909090909091,0.09090909090909091,1.499676973186056e-14
3437,prot-private,22,21,1,8047,762,1.988567167888654,0.9917292929167254,1.0,0.9545454545454546,0.045454545454545456,1.499676973186056e-14
3438,dna-private,197,188,9,7880,754,1.9987591652566272,0.9991046491602507,0.039343066579186424,0.9543147208121827,0.04568527918781726,6.137591276259506e-74
3439,prot-private,365,335,30,7733,733,1.058472347946032,0.08198358016059547,0.8491876150768851,0.9178082191780822,0.0821917808219178,1.499676973186056e-14
3440,dna-private,80,71,9,7997,754,0.7438067052922623,-0.4270003412258577,0.41988012143684883,0.8875,0.1125,1.3486175434808079e-64
3441,dna-private,10,10,0,8058,763,1.9896382701495317,0.9925061627800148,1.0,1.0,0.0,1.499676973186056e-14
3442,dna-private,221,215,6,7853,757,3.4542000933825716,1.7883516570907825,0.0005826311176315704,0.9728506787330317,0.027149321266968326,6.137591276259506e-74
3444,dna-private,17,13,4,8055,759,0.3062383612662942,-1.7072730800373728,0.053095201205350134,0.7647058823529411,0.23529411764705882,6.137591276259506e-74
3445,prot-private,13,13,0,8055,763,2.5590590279932965,1.3556134253808918,0.6199739488311733,1.0,0.0,6.388400221161359e-26
3446,dna-private,41,35,6,8033,757,0.5497116062907175,-0.8632531549672186,0.16285314593579853,0.8536585365853658,0.14634146341463414,6.137591276259506e-74
3447,prot-private,59,51,8,8017,755,0.6003648496943994,-0.736088582712358,0.16497810828767137,0.864406779661017,0.13559322033898305,6.137591276259506e-74
3448,shared,26,23,3,8045,760,0.7242593743525999,-0.4654216419440042,0.48773304782795196,0.8846153846153846,0.11538461538461539,1.3486175434808079e-64
3449,dna-private,107,92,15,7976,748,0.5751922433968573,-0.7978838740620648,0.05533912641287679,0.8598130841121495,0.14018691588785046,6.137591276259506e-74
3450,dna-private,18,17,1,8051,762,1.6089926717177991,0.6861577552096091,1.0,0.9444444444444444,0.05555555555555555,1.499676973186056e-14
3451,dna-private,31,27,4,8041,759,0.637140902872777,-0.6503156370107998,0.33798369846811566,0.8709677419354839,0.12903225806451613,1.3486175434808079e-64
3453,shared,31,29,2,8039,761,1.3726209727578056,0.4569333034066387,1.0,0.9354838709677419,0.06451612903225806,1.499676973186056e-14
3454,prot-private,17,16,1,8052,762,1.5141579731743666,0.5985157305719824,1.0,0.9411764705882353,0.058823529411764705,1.499676973186056e-14
3455,shared,20,20,0,8048,763,3.8893582655153134,1.9595321337374263,0.4103003441798839,1.0,0.0,1.3486175434808079e-64
3456,prot-private,14,14,0,8054,763,2.748960208579055,1.4588860238748205,0.6261069302735234,1.0,0.0,6.388400221161359e-26
3457,dna-private,32,29,3,8039,760,0.9138781772193888,-0.12992623248711502,0.7536237834637938,0.90625,0.09375,6.388400221161359e-26
3458,shared,21,19,2,8049,761,0.8981861100757859,-0.15491368303454628,0.7021801097644735,0.9047619047619048,0.09523809523809523,6.388400221161359e-26
3459,dna-private,20,16,4,8052,759,0.3770491803278688,-1.4071753815058734,0.08818066269357304,0.8,0.2,6.137591276259506e-74
3460,prot-private,117,115,2,7953,761,5.502011819439205,2.4599592388595055,0.004068927972957012,0.9829059829059829,0.017094017094017096,6.137591276259506e-74
3461,dna-private,15,15,0,8053,763,2.9389085490780404,1.5552804669020328,0.6340216938892271,1.0,0.0,6.388400221161359e-26
3462,dna-private,46,38,8,8030,755,0.44660647571606477,-1.16292392474865,0.05683656199684942,0.8260869565217391,0.17391304347826086,6.137591276259506e-74
3463,dead,22,17,5,8051,758,0.32010930319215003,-1.6433634889999837,0.03630953794241455,0.7727272727272727,0.22727272727272727,6.137591276259506e-74
3464,dead,16,14,2,8054,761,0.6614104792649615,-0.5963821913846045,0.6433648787155277,0.875,0.125,6.388400221161359e-26
3465,prot-private,77,67,10,8001,753,0.6305586801649794,-0.665297460029744,0.2160320986526576,0.8701298701298701,0.12987012987012986,6.137591276259506e-74
3466,prot-private,305,248,57,7820,706,0.3928029793152959,-1.348122222701401,1.6836675549518077e-08,0.8131147540983606,0.18688524590163935,6.137591276259506e-74
3468,dna-private,17,16,1,8052,762,1.5141579731743666,0.5985157305719824,1.0,0.9411764705882353,0.058823529411764705,1.499676973186056e-14
3469,dna-private,38,35,3,8033,760,1.1037802398439769,0.14245296337799762,1.0,0.9210526315789473,0.07894736842105263,1.499676973186056e-14
3470,dna-private,254,228,26,7840,737,0.8243524332810047,-0.27866683388385133,0.36362211990688054,0.8976377952755905,0.10236220472440945,1.3486175434808079e-64
3471,dna-private,95,73,22,7995,741,0.3075388026607539,-1.7011596458191405,1.3953348937625754e-05,0.7684210526315789,0.23157894736842105,6.137591276259506e-74
3472,dna-private,36,34,2,8034,761,1.6102813044560618,0.6873127387084181,0.7660921570241743,0.9444444444444444,0.05555555555555555,6.388400221161359e-26
3473,dna-private,16,16,0,8052,763,3.1289040670599193,1.6456574258851278,0.3903018394628883,1.0,0.0,1.3486175434808079e-64
3474,dna-private,13,11,2,8057,761,0.5194861611021472,-0.9448427780489919,0.31132490475252955,0.8461538461538461,0.15384615384615385,1.3486175434808079e-64
3475,dna-private,140,124,16,7944,747,0.7287575528700906,-0.45648916435226167,0.22540000318570835,0.8857142857142857,0.11428571428571428,6.137591276259506e-74
3476,dna-private,66,64,2,8004,761,3.0424787606196904,1.6052471915978044,0.12282625304619563,0.9696969696969697,0.030303030303030304,6.137591276259506e-74
3477,dna-private,22,20,2,8048,761,0.9455765407554672,-0.08073385141461938,0.7149840631017713,0.9090909090909091,0.09090909090909091,6.388400221161359e-26
3478,dna-private,31,26,5,8042,758,0.49012683412086544,-1.028772959375539,0.18492513850854314,0.8387096774193549,0.16129032258064516,6.137591276259506e-74
3479,prot-private,12,12,0,8056,763,2.369204989759821,1.2444030296948858,0.6160300460842021,1.0,0.0,6.388400221161359e-26
3480,dna-private,120,94,26,7974,737,0.33415330593660164,-1.5814179473657157,8.662918402552942e-06,0.7833333333333333,0.21666666666666667,6.137591276259506e-74
3481,shared,45,41,4,8027,759,0.9691977077363897,-0.04513710223311509,0.7939792105708714,0.9111111111111111,0.08888888888888889,6.388400221161359e-26
3482,dead,51,47,4,8021,759,1.1118626106470515,0.15297852980259363,1.0,0.9215686274509803,0.0784313725490196,1.499676973186056e-14
3483,dna-private,37,33,4,8035,759,0.7793092719352831,-0.3597321137885364,0.5570142951867847,0.8918918918918919,0.10810810810810811,6.388400221161359e-26
3484,dna-private,13,8,5,8060,758,0.15047146401985112,-2.7324381801316004,0.0033960774335763263,0.6153846153846154,0.38461538461538464,6.137591276259506e-74
3485,prot-private,57,37,20,8031,743,0.1711555223508903,-2.5466202530817506,2.3493437551694778e-08,0.6491228070175439,0.3508771929824561,6.137591276259506e-74
3486,prot-private,24,24,0,8044,763,4.650568711542047,2.2174071521673038,0.26199068748151555,1.0,0.0,6.137591276259506e-74
3488,shared,34,32,2,8036,761,1.5151816824290691,0.5994907947702535,0.765131878985169,0.9411764705882353,0.058823529411764705,6.388400221161359e-26
3490,shared,19,19,0,8049,763,3.699173861730542,1.8872031089403754,0.4020724346383381,1.0,0.0,1.3486175434808079e-64
3491,dna-private,21,19,2,8049,761,0.8981861100757859,-0.15491368303454628,0.7021801097644735,0.9047619047619048,0.09523809523809523,6.388400221161359e-26
3492,dna-private,68,66,2,8002,761,3.138340414896276,1.650001849516397,0.12474314509894599,0.9705882352941176,0.029411764705882353,6.137591276259506e-74
3493,dna-private,22,20,2,8048,761,0.9455765407554672,-0.08073385141461938,0.7149840631017713,0.9090909090909091,0.09090909090909091,6.388400221161359e-26
3494,dead,72,70,2,7998,761,3.330207551887972,1.7356120946383826,0.08900505056689029,0.9722222222222222,0.027777777777777776,6.137591276259506e-74
3495,prot-private,102,74,28,7994,735,0.24299474605954466,-2.0410029741253743,2.0068611224720568e-08,0.7254901960784313,0.27450980392156865,6.137591276259506e-74
3496,dna-private,30,28,2,8040,761,1.3251243781094528,0.4061277794948587,1.0,0.9333333333333333,0.06666666666666667,1.499676973186056e-14
3497,prot-private,20,18,2,8050,761,0.850807453416149,-0.2330954229434839,0.689509959490357,0.9,0.1,6.388400221161359e-26
3498,prot-private,89,72,17,7996,746,0.39513874584351,-1.3395687762974169,0.0017081681926989006,0.8089887640449438,0.19101123595505617,6.137591276259506e-74
3499,dna-private,47,41,6,8027,757,0.6444292180557286,-0.6339061883840059,0.2943612407633644,0.8723404255319149,0.1276595744680851,1.3486175434808079e-64
3500,dna-private,305,291,14,7777,749,2.0018644721615018,1.0013443058627347,0.009088323955659963,0.9540983606557377,0.04590163934426229,6.137591276259506e-74
3501,dna-private,29,26,3,8042,760,0.8190334079416397,-0.2880057950494767,0.7354723604369783,0.896551724137931,0.10344827586206896,6.388400221161359e-26
3502,prot-private,30,28,2,8040,761,1.3251243781094528,0.4061277794948587,1.0,0.9333333333333333,0.06666666666666667,1.499676973186056e-14
3503,dna-private,33,29,4,8039,759,0.6845067794501803,-0.5468632646814404,0.526019630132248,0.8787878787878788,0.12121212121212122,6.388400221161359e-26
3504,dna-private,82,76,6,7992,757,1.1997831164497832,0.26277363491574274,0.8435814576538226,0.926829268292683,0.07317073170731707,1.499676973186056e-14
3505,prot-private,30,26,4,8042,759,0.6134667993036558,-0.7049428272438021,0.3239706779083888,0.8666666666666667,0.13333333333333333,1.3486175434808079e-64
3506,dna-private,61,59,2,8009,761,2.803034086652516,1.4869892885536158,0.16974123644110167,0.9672131147540983,0.03278688524590164,6.137591276259506e-74
3507,dna-private,33,32,1,8036,762,3.0343454454952714,1.60138533876003,0.35982551827944353,0.9696969696969697,0.030303030303030304,1.3486175434808079e-64
3508,dna-private,72,58,14,8010,749,0.3873907615480649,-1.3681385457673534,0.004478603880877867,0.8055555555555556,0.19444444444444445,6.137591276259506e-74
3509,dna-private,39,33,6,8035,757,0.518170504044804,-0.948501199939427,0.1450506897729793,0.8461538461538461,0.15384615384615385,6.137591276259506e-74
3510,dna-private,26,26,0,8042,763,5.031457880012434,2.3309764858199498,0.16341990288205965,1.0,0.0,6.137591276259506e-74
3511,dna-private,22,21,1,8047,762,1.988567167888654,0.9917292929167254,1.0,0.9545454545454546,0.045454545454545456,1.499676973186056e-14
3512,dna-private,63,55,8,8013,755,0.6477754898290279,-0.6264342136191651,0.255623436374933,0.873015873015873,0.12698412698412698,6.137591276259506e-74
3513,dna-private,287,275,12,7793,751,2.208445613584841,1.14303130420167,0.005133093319976101,0.9581881533101045,0.041811846689895474,6.137591276259506e-74
3514,dna-private,20,19,1,8049,762,1.798732761833768,0.8469808609552302,1.0,0.95,0.05,1.499676973186056e-14
3516,dna-private,19,18,1,8050,762,1.7038509316770187,0.7687991210462928,1.0,0.9473684210526315,0.05263157894736842,1.499676973186056e-14
3517,dna-private,15,14,1,8054,762,1.3245592252296996,0.40551235260517215,1.0,0.9333333333333333,0.06666666666666667,1.499676973186056e-14
3518,prot-private,14,13,1,8055,762,1.2297951582867783,0.29841803204048295,1.0,0.9285714285714286,0.07142857142857142,1.499676973186056e-14
3520,dna-private,280,269,11,7799,752,2.3579713016820336,1.2375461597201507,0.0023914769438583084,0.9607142857142857,0.039285714285714285,6.137591276259506e-74
3521,dna-private,36,36,0,8032,763,6.93874883286648,2.7946755453180945,0.07033340726884621,1.0,0.0,6.137591276259506e-74
3522,dna-private,49,44,5,8024,758,0.8313060817547357,-0.26654832869115413,0.6108372502750749,0.8979591836734694,0.10204081632653061,6.388400221161359e-26
3523,dna-private,29,28,1,8040,762,2.653731343283582,1.4080223234846352,0.5101863863798867,0.9655172413793104,0.034482758620689655,1.3486175434808079e-64
3524,dna-private,47,41,6,8027,757,0.6444292180557286,-0.6339061883840059,0.2943612407633644,0.8723404255319149,0.1276595744680851,1.3486175434808079e-64
3525,dna-private,32,27,5,8041,758,0.5090411640343241,-0.9741457691425367,0.1928866945001127,0.84375,0.15625,6.137591276259506e-74
3526,dna-private,182,174,8,7894,755,2.080219153787687,1.0567355261680664,0.04397441364411068,0.9560439560439561,0.04395604395604396,6.137591276259506e-74
3527,dna-private,614,605,9,7463,754,6.791579198118123,2.763747073202611,7.590513613490966e-15,0.9853420195439739,0.014657980456026058,6.137591276259506e-74
3528,dna-private,61,55,6,8013,757,0.8659886018553185,-0.207580058567031,0.6489053231268938,0.9016393442622951,0.09836065573770492,6.388400221161359e-26
3529,prot-private,64,63,1,8005,762,5.997001873828857,2.5842414235896194,0.04147743821197437,0.984375,0.015625,6.137591276259506e-74
3530,dna-private,61,58,3,8010,760,1.8343736995422388,0.8752875754412913,0.4879568659629675,0.9508196721311475,0.04918032786885246,1.3486175434808079e-64
3531,dna-private,138,113,25,7955,738,0.4193287240729101,-1.253846436517551,0.0003297568294591269,0.8188405797101449,0.18115942028985507,6.137591276259506e-74
3532,dna-private,13,10,3,8058,760,0.31438735831885495,-1.6693848876514445,0.09567651131280328,0.7692307692307693,0.23076923076923078,6.137591276259506e-74
3533,dna-private,35,33,2,8035,761,1.5627255756067207,0.6440644542995428,0.7653062546149721,0.9428571428571428,0.05714285714285714,6.388400221161359e-26
3535,dna-private,10,6,4,8062,759,0.14121806003473084,-2.824003491714457,0.007601667583545369,0.6,0.4,6.137591276259506e-74
3537,dna-private,59,53,6,8015,757,0.834289873154502,-0.26137936121413574,0.6397721118409453,0.8983050847457628,0.1016949152542373,6.388400221161359e-26
3538,dead,14,14,0,8054,763,2.748960208579055,1.4588860238748205,0.6261069302735234,1.0,0.0,6.388400221161359e-26
3539,dna-private,12,12,0,8056,763,2.369204989759821,1.2444030296948858,0.6160300460842021,1.0,0.0,6.388400221161359e-26
3540,dna-private,76,64,12,8004,751,0.500416458437448,-0.9987988551126254,0.03720700398704664,0.8421052631578947,0.15789473684210525,6.137591276259506e-74
3541,dna-private,31,27,4,8041,759,0.637140902872777,-0.6503156370107998,0.33798369846811566,0.8709677419354839,0.12903225806451613,1.3486175434808079e-64
3542,dna-private,55,53,2,8015,761,2.5160948222083594,1.3311862930248344,0.23296433625348986,0.9636363636363636,0.03636363636363636,6.137591276259506e-74
3543,shared,63,58,5,8010,758,1.0977278401997503,0.13452041111522903,1.0,0.9206349206349206,0.07936507936507936,1.499676973186056e-14
3544,dna-private,159,154,5,7914,758,2.9500126358352285,1.5607211340059297,0.009597627948616464,0.9685534591194969,0.031446540880503145,6.137591276259506e-74
3545,dead,38,36,2,8032,761,1.7054282868525896,0.7701340909950858,0.7693366757055152,0.9473684210526315,0.05263157894736842,6.388400221161359e-26
3547,dna-private,41,38,3,8030,760,1.198837691988377,0.2616363486487004,1.0,0.926829268292683,0.07317073170731707,1.499676973186056e-14
3548,shared,26,26,0,8042,763,5.031457880012434,2.3309764858199498,0.16341990288205965,1.0,0.0,6.137591276259506e-74
3549,prot-private,90,86,4,7982,759,2.0444124279629166,1.0316862666062927,0.18710096452422542,0.9555555555555556,0.044444444444444446,6.137591276259506e-74
3550,dna-private,18,13,5,8055,758,0.24466790813159528,-2.0311032121691097,0.01573344202619005,0.7222222222222222,0.2777777777777778,6.137591276259506e-74
3551,dna-private,10,8,2,8060,761,0.37766749379652603,-1.4048114799117843,0.21174867571160536,0.8,0.2,6.137591276259506e-74
3552,dna-private,82,73,9,7995,754,0.7649503161698283,-0.3865620476613253,0.42780233586600036,0.8902439024390244,0.10975609756097561,1.3486175434808079e-64
3553,prot-private,86,84,2,7984,761,4.003256513026052,2.0011740609450452,0.03220894949537195,0.9767441860465116,0.023255813953488372,6.137591276259506e-74
3554,dna-private,92,86,6,7982,757,1.3593502046270776,0.44291718045540185,0.5776961469911857,0.9347826086956522,0.06521739130434782,6.388400221161359e-26
3555,dna-private,34,31,3,8037,760,0.9771473601260835,-0.033351948566868406,1.0,0.9117647058823529,0.08823529411764706,1.499676973186056e-14
3556,dna-private,109,105,4,7963,759,2.502040688182846,1.3231052507996228,0.08279995025808502,0.963302752293578,0.03669724770642202,6.137591276259506e-74
3557,dna-private,25,17,8,8051,755,0.19927648739287046,-2.3271565980712716,0.000855738028245131,0.68,0.32,6.137591276259506e-74
3559,dna-private,14,12,2,8056,761,0.5667825223435948,-0.8191328237820831,0.3441645340324851,0.8571428571428571,0.14285714285714285,1.3486175434808079e-64
3560,dna-private,52,44,8,8024,755,0.5175099700897308,-0.9503414377624423,0.08505202690051364,0.8461538461538461,0.15384615384615385,6.137591276259506e-74
3561,dna-private,53,47,6,8021,757,0.739288534264223,-0.43579055634829733,0.45863866272651665,0.8867924528301887,0.11320754716981132,1.3486175434808079e-64
3562,dna-private,37,33,4,8035,759,0.7793092719352831,-0.3597321137885364,0.5570142951867847,0.8918918918918919,0.10810810810810811,6.388400221161359e-26
3563,dna-private,68,54,14,8014,749,0.3604941352632892,-1.4719523058661825,0.0017223637087689153,0.7941176470588235,0.20588235294117646,6.137591276259506e-74
3564,prot-private,267,265,2,7803,761,12.922273484557222,3.6917880082899597,1.3500132167493781e-08,0.9925093632958801,0.00749063670411985,6.137591276259506e-74
3565,prot-private,25,24,1,8044,762,2.2734957732471406,1.1849123219091262,0.7193889252568892,0.96,0.04,6.388400221161359e-26
3566,dna-private,32,30,2,8038,761,1.4201293854192585,0.5060223770533188,1.0,0.9375,0.0625,1.499676973186056e-14
3568,dna-private,10,9,1,8059,762,0.8509740662613228,-0.2328129289529579,0.59509736615207,0.9,0.1,6.388400221161359e-26
3569,shared,26,26,0,8042,763,5.031457880012434,2.3309764858199498,0.16341990288205965,1.0,0.0,6.137591276259506e-74
3570,dna-private,100,93,7,7975,756,1.259435736677116,0.33277750973190595,0.7197923136652402,0.93,0.07,6.388400221161359e-26
3571,dna-private,57,48,9,8020,754,0.5014131338320864,-0.9959283087947747,0.09075130521348701,0.8421052631578947,0.15789473684210525,6.137591276259506e-74
3572,dna-private,548,535,13,7533,750,4.097356247893882,2.0346933345380043,8.355222849576111e-10,0.9762773722627737,0.023722627737226276,6.137591276259506e-74
3573,shared,50,45,5,8023,758,0.8503053720553408,-0.2339470423064658,0.6175136262134565,0.9,0.1,6.388400221161359e-26
3574,dead,23,22,1,8046,762,2.08351976137211,1.059022783504989,0.716472396975913,0.9565217391304348,0.043478260869565216,6.388400221161359e-26
3575,dna-private,11,6,5,8062,758,0.11282560158769536,-3.147833623846194,0.001411182035029074,0.5454545454545454,0.45454545454545453,6.137591276259506e-74
3576,dna-private,70,64,6,8004,757,1.0088289188738964,0.012681537358834259,1.0,0.9142857142857143,0.08571428571428572,1.499676973186056e-14
3577,dna-private,43,42,1,8026,762,3.9875404933964615,1.995499169492087,0.17691603473387985,0.9767441860465116,0.023255813953488372,6.137591276259506e-74
3578,dna-private,128,122,6,7946,757,1.9371172078194479,0.9539112487393628,0.15058464757538964,0.953125,0.046875,6.137591276259506e-74
3579,dna-private,10,8,2,8060,761,0.37766749379652603,-1.4048114799117843,0.21174867571160536,0.8,0.2,6.137591276259506e-74
3580,dna-private,134,127,7,7941,756,1.7272383830751794,0.7884672087190796,0.21235073804642557,0.9477611940298507,0.05223880597014925,6.137591276259506e-74
3581,dna-private,16,10,6,8058,757,0.15657317779432448,-2.6750910059966606,0.0015333638643821406,0.625,0.375,6.137591276259506e-74
3583,dna-private,243,243,0,7825,763,47.51447191872724,5.570295090130294,3.5842873622742345e-10,1.0,0.0,6.137591276259506e-74
3584,dna-private,47,39,8,8029,755,0.45841636567443017,-1.1252695449987395,0.06036088249400229,0.8297872340425532,0.1702127659574468,6.137591276259506e-74
3586,dna-private,52,47,5,8021,758,0.8883181648173545,-0.17085160232914326,0.8023241620725681,0.9038461538461539,0.09615384615384616,1.499676973186056e-14
3587,shared,23,19,4,8049,759,0.44791278419679464,-1.1587102511226255,0.13180999755492595,0.8260869565217391,0.17391304347826086,6.137591276259506e-74
3588,prot-private,12,12,0,8056,763,2.369204989759821,1.2444030296948858,0.6160300460842021,1.0,0.0,6.388400221161359e-26
3589,prot-private,12,10,2,8058,761,0.47220153884338545,-1.0825253517576907,0.27814822883872553,0.8333333333333334,0.16666666666666666,1.3486175434808079e-64
3590,dna-private,18,16,2,8052,761,0.7560854446100348,-0.40337881341779425,0.6651558352122813,0.8888888888888888,0.1111111111111111,6.388400221161359e-26
3591,dna-private,20,15,5,8053,758,0.28237923755122313,-1.8242940791644837,0.024659972710545527,0.75,0.25,6.137591276259506e-74
3592,shared,24,20,4,8048,759,0.47154572564612324,-1.0845304195026986,0.14800296197823892,0.8333333333333334,0.16666666666666666,6.137591276259506e-74
3593,shared,45,44,1,8024,762,4.178464606181455,2.0629729155184386,0.17885039981340076,0.9777777777777777,0.022222222222222223,6.137591276259506e-74
3594,dead,74,68,6,8000,757,1.0724166666666666,0.1008655458528277,1.0,0.918918918918919,0.08108108108108109,1.499676973186056e-14
3595,dna-private,23,20,3,8048,760,0.629555997349238,-0.667593387308373,0.4442764268572269,0.8695652173913043,0.13043478260869565,1.3486175434808079e-64
3596,dna-private,52,32,20,8036,743,0.14793429566948732,-2.756971543082058,3.7106025981240503e-09,0.6153846153846154,0.38461538461538464,6.137591276259506e-74
3597,dna-private,23,21,2,8047,761,0.9929787498446626,-0.010165251073051074,1.0,0.9130434782608695,0.08695652173913043,1.499676973186056e-14
3598,dna-private,50,42,8,8026,755,0.4938636929977573,-1.0178151837887939,0.073779988843333,0.84,0.16,6.137591276259506e-74
3600,dna-private,13,11,2,8057,761,0.5194861611021472,-0.9448427780489919,0.31132490475252955,0.8461538461538461,0.15384615384615385,1.3486175434808079e-64
3601,dna-private,89,83,6,7985,757,1.3114381131287831,0.39114972831290523,0.7033722057021436,0.9325842696629213,0.06741573033707865,6.388400221161359e-26
3602,dna-private,11,11,0,8057,763,2.179398076326404,1.1239297349069568,0.6147434751291604,1.0,0.0,6.388400221161359e-26
3603,shared,19,18,1,8050,762,1.7038509316770187,0.7687991210462928,1.0,0.9473684210526315,0.05263157894736842,1.499676973186056e-14
3604,dna-private,38,37,1,8031,762,3.5106462457975347,1.811736628760338,0.2528650305028388,0.9736842105263158,0.02631578947368421,6.137591276259506e-74
3605,dna-private,10,4,6,8064,757,0.06258267195767196,-3.998092934235341,6.326253973237897e-05,0.4,0.6,6.137591276259506e-74
3606,dna-private,65,63,2,8005,761,2.9945658963148034,1.5823468795998428,0.12266521010967323,0.9692307692307692,0.03076923076923077,6.137591276259506e-74
3607,dna-private,99,93,6,7975,757,1.4712852664576803,0.5570769968330128,0.4710185912733631,0.9393939393939394,0.06060606060606061,1.3486175434808079e-64
3609,dna-private,55,44,11,8024,752,0.3748753738783649,-1.4155170389345433,0.006555901202839149,0.8,0.2,6.137591276259506e-74
3610,shared,55,53,2,8015,761,2.5160948222083594,1.3311862930248344,0.23296433625348986,0.9636363636363636,0.03636363636363636,6.137591276259506e-74
3611,dna-private,14,9,5,8059,758,0.1693014021590768,-2.562334173162551,0.004911449152307102,0.6428571428571429,0.35714285714285715,6.137591276259506e-74
3612,dna-private,244,233,11,7835,752,2.0330219875848465,1.0236258183346778,0.01998003753888606,0.9549180327868853,0.045081967213114756,6.137591276259506e-74
3613,dead,37,36,1,8032,762,3.4153386454183265,1.7720286349848624,0.37004759409297505,0.972972972972973,0.02702702702702703,1.3486175434808079e-64
3614,dead,26,24,2,8044,761,1.1352560914967678,0.1830177779193497,1.0,0.9230769230769231,0.07692307692307693,1.499676973186056e-14
3615,dna-private,37,31,6,8037,757,0.48664509974700343,-1.0390580669120846,0.13025347875770235,0.8378378378378378,0.16216216216216217,6.137591276259506e-74
3616,dna-private,24,20,4,8048,759,0.47154572564612324,-1.0845304195026986,0.14800296197823892,0.8333333333333334,0.16666666666666666,6.137591276259506e-74
3617,prot-private,196,185,11,7883,752,1.6043730467173318,0.682009634357883,0.15574500390153867,0.9438775510204082,0.05612244897959184,6.137591276259506e-74
3618,shared,36,34,2,8034,761,1.6102813044560618,0.6873127387084181,0.7660921570241743,0.9444444444444444,0.05555555555555555,6.388400221161359e-26
3619,dna-private,68,66,2,8002,761,3.138340414896276,1.650001849516397,0.12474314509894599,0.9705882352941176,0.029411764705882353,6.137591276259506e-74
3620,shared,25,23,2,8045,761,1.0878185208203854,0.12143789394974983,1.0,0.92,0.08,1.499676973186056e-14
3621,prot-private,170,154,16,7914,747,0.9085007581501138,-0.13844037648856233,0.6792516626451008,0.9058823529411765,0.09411764705882353,6.388400221161359e-26
3622,dna-private,38,36,2,8032,761,1.7054282868525896,0.7701340909950858,0.7693366757055152,0.9473684210526315,0.05263157894736842,6.388400221161359e-26
3623,dna-private,27,25,2,8043,761,1.1827054581623773,0.2420908285745528,1.0,0.9259259259259259,0.07407407407407407,1.499676973186056e-14
3624,prot-private,37,36,1,8032,762,3.4153386454183265,1.7720286349848624,0.37004759409297505,0.972972972972973,0.02702702702702703,1.3486175434808079e-64
3625,prot-private,10,6,4,8062,759,0.14121806003473084,-2.824003491714457,0.007601667583545369,0.6,0.4,6.137591276259506e-74
3626,dna-private,27,20,7,8048,756,0.268389662027833,-1.8975989927546963,0.00668253784928251,0.7407407407407407,0.25925925925925924,6.137591276259506e-74
3627,dead,61,52,9,8016,754,0.5434686183189177,-0.8797313632277645,0.10406737816431574,0.8524590163934426,0.14754098360655737,6.137591276259506e-74
3628,dna-private,73,69,4,7999,759,1.6367983497937242,0.7108765956836538,0.5265180817516825,0.9452054794520548,0.0547945205479452,6.388400221161359e-26
3630,dna-private,36,31,5,8037,758,0.5847455518228195,-0.7741191128929306,0.23438389955692185,0.8611111111111112,0.1388888888888889,6.137591276259506e-74
3631,dna-private,14,13,1,8055,762,1.2297951582867783,0.29841803204048295,1.0,0.9285714285714286,0.07142857142857142,1.499676973186056e-14
3632,dna-private,55,49,6,8019,757,0.7709398511867648,-0.37530978958445066,0.47277276808572144,0.8909090909090909,0.10909090909090909,1.3486175434808079e-64
3633,dna-private,140,126,14,7942,749,0.8487786451775371,-0.2365397356234049,0.5433428877415621,0.9,0.1,6.388400221161359e-26
3634,dna-private,63,59,4,8009,759,1.3978336871020103,0.4831927204655367,0.6558285694653705,0.9365079365079365,0.06349206349206349,6.388400221161359e-26
3635,dead,23,22,1,8046,762,2.08351976137211,1.059022783504989,0.716472396975913,0.9565217391304348,0.043478260869565216,6.388400221161359e-26
3636,dna-private,22,20,2,8048,761,0.9455765407554672,-0.08073385141461938,0.7149840631017713,0.9090909090909091,0.09090909090909091,6.388400221161359e-26
3637,dna-private,375,337,38,7731,725,0.8316654072122487,-0.26592486994020614,0.30079840628736687,0.8986666666666666,0.10133333333333333,1.3486175434808079e-64
3638,shared,13,13,0,8055,763,2.5590590279932965,1.3556134253808918,0.6199739488311733,1.0,0.0,6.388400221161359e-26
3639,dna-private,16,10,6,8058,757,0.15657317779432448,-2.6750910059966606,0.0015333638643821406,0.625,0.375,6.137591276259506e-74
3640,prot-private,66,59,7,8009,756,0.7956049444375078,-0.3298758527864611,0.509823235608082,0.8939393939393939,0.10606060606060606,1.3486175434808079e-64
3641,prot-private,85,72,13,7996,750,0.5194905144880132,-0.9448306880601642,0.04833358944271611,0.8470588235294118,0.15294117647058825,6.137591276259506e-74
3642,dna-private,23,20,3,8048,760,0.629555997349238,-0.667593387308373,0.4442764268572269,0.8695652173913043,0.13043478260869565,1.3486175434808079e-64
3644,prot-private,21,15,6,8053,757,0.23500558797963492,-2.0892330331836377,0.007150149554175388,0.7142857142857143,0.2857142857142857,6.137591276259506e-74
3645,dna-private,172,171,1,7897,762,16.500189945548943,4.044410727353859,6.04302139621742e-06,0.9941860465116279,0.005813953488372093,6.137591276259506e-74
3646,dna-private,184,171,13,7897,750,1.2492572641996473,0.3210706071026881,0.5087640183401735,0.9293478260869565,0.07065217391304347,1.3486175434808079e-64
3647,prot-private,191,159,32,7909,731,0.459243425211784,-1.1226690278398024,0.00022480135869779402,0.8324607329842932,0.16753926701570682,6.137591276259506e-74
3648,dna-private,41,39,2,8029,761,1.8482376385602193,0.8861502642923648,0.5779771795959323,0.9512195121951219,0.04878048780487805,6.388400221161359e-26
3649,prot-private,10,7,3,8061,760,0.21998924864574287,-2.1844950770669267,0.04865901572148691,0.7,0.3,6.137591276259506e-74
3651,dna-private,17,15,2,8053,761,0.7087420836955172,-0.49666737894466767,0.6538307945337098,0.8823529411764706,0.11764705882352941,6.388400221161359e-26
3652,dna-private,16,15,1,8053,762,1.4193468272693406,0.5052271650451089,1.0,0.9375,0.0625,1.499676973186056e-14
3653,dna-private,44,41,3,8027,760,1.2939661974170509,0.37179992996121036,1.0,0.9318181818181818,0.06818181818181818,1.499676973186056e-14
3654,dna-private,36,33,3,8035,760,1.0404480398257623,0.05720491840578896,1.0,0.9166666666666666,0.08333333333333333,1.499676973186056e-14
3655,dna-private,114,110,4,7958,759,2.6228323699421967,1.3911256052463885,0.06188295631093223,0.9649122807017544,0.03508771929824561,6.137591276259506e-74
3656,dna-private,40,36,4,8032,759,0.8504731075697212,-0.23366247709299323,0.7745368167164695,0.9,0.1,6.388400221161359e-26
3657,shared,47,43,4,8025,759,1.016728971962617,0.02393515322053655,1.0,0.9148936170212766,0.0851063829787234,1.499676973186056e-14
3658,dna-private,105,98,7,7970,756,1.3279799247176913,0.4092333374008426,0.5999014132451398,0.9333333333333333,0.06666666666666667,6.388400221161359e-26
3659,dna-private,47,42,5,8026,758,0.7933217044605033,-0.3340220747175058,0.598894847488208,0.8936170212765957,0.10638297872340426,6.388400221161359e-26
3660,dna-private,35,31,4,8037,759,0.7318962299365435,-0.4502889807611938,0.5400047448892422,0.8857142857142857,0.11428571428571428,6.388400221161359e-26
3661,shared,26,18,8,8050,755,0.2110248447204969,-2.244515232234588,0.0011437205258709375,0.6923076923076923,0.3076923076923077,6.137591276259506e-74
3662,prot-private,22,22,0,8046,763,4.269868887093767,2.0941917703507418,0.25303447370103727,1.0,0.0,6.137591276259506e-74
3663,dna-private,18,17,1,8051,762,1.6089926717177991,0.6861577552096091,1.0,0.9444444444444444,0.05555555555555555,1.499676973186056e-14
3664,dna-private,79,67,12,8001,751,0.5240699079281756,-0.9321688230211943,0.044243550574807285,0.8481012658227848,0.1518987341772152,6.137591276259506e-74
3665,shared,31,27,4,8041,759,0.637140902872777,-0.6503156370107998,0.33798369846811566,0.8709677419354839,0.12903225806451613,1.3486175434808079e-64
3666,dna-private,58,57,1,8011,762,5.421795031831232,2.4387705738635503,0.05940942078251195,0.9827586206896551,0.017241379310344827,6.137591276259506e-74
3667,dna-private,100,88,12,7980,751,0.6901420217209691,-0.5350348156792953,0.21176224186281356,0.88,0.12,6.137591276259506e-74
3668,prot-private,304,276,28,7792,735,0.929799794661191,-0.10500798763805042,0.6782537298930184,0.9078947368421053,0.09210526315789473,6.388400221161359e-26
3669,dna-private,24,20,4,8048,759,0.47154572564612324,-1.0845304195026986,0.14800296197823892,0.8333333333333334,0.16666666666666666,6.137591276259506e-74
3670,dna-private,39,36,3,8032,760,1.1354581673306774,0.18327455510133217,1.0,0.9230769230769231,0.07692307692307693,1.499676973186056e-14
3671,dna-private,43,41,2,8027,761,1.943503176778373,0.9586594658549641,0.582055335925062,0.9534883720930233,0.046511627906976744,6.388400221161359e-26
3672,dna-private,27,22,5,8046,758,0.41451652995277155,-1.2704984607046035,0.0781680204327629,0.8148148148148148,0.18518518518518517,6.137591276259506e-74
3673,dna-private,66,64,2,8004,761,3.0424787606196904,1.6052471915978044,0.12282625304619563,0.9696969696969697,0.030303030303030304,6.137591276259506e-74
3674,dna-private,17,15,2,8053,761,0.7087420836955172,-0.49666737894466767,0.6538307945337098,0.8823529411764706,0.11764705882352941,6.388400221161359e-26
3675,dna-private,30,30,0,8038,763,5.793804814331032,2.5345110829272883,0.10648958059562064,1.0,0.0,6.137591276259506e-74
3676,dna-private,17,13,4,8055,759,0.3062383612662942,-1.7072730800373728,0.053095201205350134,0.7647058823529411,0.23529411764705882,6.137591276259506e-74
3677,dna-private,28,25,3,8043,760,0.787434207799743,-0.344768707319201,0.7304102003319707,0.8928571428571429,0.10714285714285714,6.388400221161359e-26
3678,dna-private,14,12,2,8056,761,0.5667825223435948,-0.8191328237820831,0.3441645340324851,0.8571428571428571,0.14285714285714285,1.3486175434808079e-64
3679,prot-private,187,183,4,7885,759,4.403836398224477,2.138760874021636,0.0003351942038331224,0.9786096256684492,0.0213903743315508,6.137591276259506e-74
3680,dna-private,19,13,6,8055,757,0.20362093937512932,-2.2960421661882635,0.0041497281057160836,0.6842105263157895,0.3157894736842105,6.137591276259506e-74
3681,dna-private,307,296,11,7772,752,2.6036588218780703,1.3805404130839452,0.0005837637453842419,0.9641693811074918,0.035830618892508145,6.137591276259506e-74
3682,dna-private,31,26,5,8042,758,0.49012683412086544,-1.028772959375539,0.18492513850854314,0.8387096774193549,0.16129032258064516,6.137591276259506e-74
3684,dna-private,85,70,15,7998,748,0.4364424439443194,-1.1961366845860448,0.006160849415102972,0.8235294117647058,0.17647058823529413,6.137591276259506e-74
3685,dna-private,16,12,4,8056,759,0.2826464746772592,-1.8229293918701623,0.04347584763160735,0.75,0.25,6.137591276259506e-74
3686,shared,12,9,3,8059,760,0.2829135128427845,-1.8215670088364881,0.07844382615057613,0.75,0.25,6.137591276259506e-74
3687,prot-private,28,24,4,8044,759,0.5661362506215813,-0.8207787901687292,0.2985886706930741,0.8571428571428571,0.14285714285714285,1.3486175434808079e-64
3688,dead,25,24,1,8044,762,2.2734957732471406,1.1849123219091262,0.7193889252568892,0.96,0.04,6.388400221161359e-26
3689,dna-private,25,20,5,8048,758,0.37673956262425445,-1.4083605516344355,0.05921837402854664,0.8,0.2,6.137591276259506e-74
3691,dna-private,70,69,1,7999,762,6.573071633954244,2.7165677077615094,0.029266714577647242,0.9857142857142858,0.014285714285714285,6.137591276259506e-74
3692,prot-private,19,17,2,8051,761,0.8034405663892684,-0.3157367887801676,0.677113499984792,0.8947368421052632,0.10526315789473684,6.388400221161359e-26
3693,dna-private,35,28,7,8040,756,0.3761194029850746,-1.4107373618452184,0.027720727031666337,0.8,0.2,6.137591276259506e-74
3694,dead,39,35,4,8033,759,0.8267459230673472,-0.2744840688163277,0.5763509902567905,0.8974358974358975,0.10256410256410256,6.388400221161359e-26
3695,dna-private,12,8,4,8060,759,0.18833746898263026,-2.4086080479998633,0.0155844761709749,0.6666666666666666,0.3333333333333333,6.137591276259506e-74
3696,dna-private,14,13,1,8055,762,1.2297951582867783,0.29841803204048295,1.0,0.9285714285714286,0.07142857142857142,1.499676973186056e-14
3697,prot-private,393,381,12,7687,751,3.101892806036165,1.633148831160547,8.468509836210158e-06,0.9694656488549618,0.030534351145038167,6.137591276259506e-74
3698,dna-private,42,32,10,8036,753,0.29985067197610754,-1.737683888948726,0.0025077080214373506,0.7619047619047619,0.23809523809523808,6.137591276259506e-74
3699,dna-private,50,46,4,8022,759,1.0880703066566941,0.12177178065797026,1.0,0.92,0.08,1.499676973186056e-14
3700,dna-private,64,50,14,8018,749,0.3336243452232477,-1.583703525974899,0.0009241918251751524,0.78125,0.21875,6.137591276259506e-74
3701,prot-private,51,49,2,8019,761,2.3250405287442324,1.2172558646545193,0.31828275403058753,0.9607843137254902,0.0392156862745098,1.3486175434808079e-64
3702,shared,29,28,1,8040,762,2.653731343283582,1.4080223234846352,0.5101863863798867,0.9655172413793104,0.034482758620689655,1.3486175434808079e-64
3704,dna-private,41,37,4,8031,759,0.8742062009712365,-0.19395448331751783,0.7777676696173981,0.9024390243902439,0.0975609756097561,6.388400221161359e-26
3705,dna-private,74,68,6,8000,757,1.0724166666666666,0.1008655458528277,1.0,0.918918918918919,0.08108108108108109,1.499676973186056e-14
3706,dna-private,52,40,12,8028,751,0.3118252781929912,-1.6811902096821392,0.0012885124084859281,0.7692307692307693,0.23076923076923078,6.137591276259506e-74
3707,shared,22,22,0,8046,763,4.269868887093767,2.0941917703507418,0.25303447370103727,1.0,0.0,6.137591276259506e-74
3709,dna-private,11,8,3,8060,760,0.25144747725392885,-1.9916710158055382,0.06272898865567579,0.7272727272727273,0.2727272727272727,6.137591276259506e-74
3710,dna-private,72,64,8,8004,755,0.7546226886556722,-0.40617261769329993,0.4013875512947759,0.8888888888888888,0.1111111111111111,1.3486175434808079e-64
3711,prot-private,402,387,15,7681,748,2.5124853534696,1.3291151861270432,0.00011925569537273319,0.9626865671641791,0.03731343283582089,6.137591276259506e-74
3712,dna-private,122,98,24,7970,739,0.3786177331660393,-1.4011861113376312,0.00011432859716979176,0.8032786885245902,0.19672131147540983,6.137591276259506e-74
3713,dead,26,26,0,8042,763,5.031457880012434,2.3309764858199498,0.16341990288205965,1.0,0.0,6.137591276259506e-74
3714,prot-private,13,13,0,8055,763,2.5590590279932965,1.3556134253808918,0.6199739488311733,1.0,0.0,6.388400221161359e-26
3715,shared,18,18,0,8050,763,3.509036705794671,1.8110750389315806,0.39580838671128105,1.0,0.0,1.3486175434808079e-64
3716,dna-private,40,37,3,8031,760,1.167143983729714,0.2229825488768074,1.0,0.925,0.075,1.499676973186056e-14
3717,prot-private,59,45,14,8023,749,0.3000747849931447,-1.7366059991890481,0.0003851437391831663,0.7627118644067796,0.23728813559322035,6.137591276259506e-74
3718,shared,22,20,2,8048,761,0.9455765407554672,-0.08073385141461938,0.7149840631017713,0.9090909090909091,0.09090909090909091,6.388400221161359e-26
3719,dna-private,317,315,2,7753,761,15.459499548561848,3.9504217123070378,1.665887718225443e-10,0.9936908517350158,0.006309148264984227,6.137591276259506e-74
3720,shared,36,36,0,8032,763,6.93874883286648,2.7946755453180945,0.07033340726884621,1.0,0.0,6.137591276259506e-74
3721,dna-private,27,25,2,8043,761,1.1827054581623773,0.2420908285745528,1.0,0.9259259259259259,0.07407407407407407,1.499676973186056e-14
3722,dna-private,31,27,4,8041,759,0.637140902872777,-0.6503156370107998,0.33798369846811566,0.8709677419354839,0.12903225806451613,1.3486175434808079e-64
3723,shared,14,13,1,8055,762,1.2297951582867783,0.29841803204048295,1.0,0.9285714285714286,0.07142857142857142,1.499676973186056e-14
3724,prot-private,13,13,0,8055,763,2.5590590279932965,1.3556134253808918,0.6199739488311733,1.0,0.0,6.388400221161359e-26
3725,dna-private,33,30,3,8038,760,0.9455088330430456,-0.08083715884043495,0.7604116415681585,0.9090909090909091,0.09090909090909091,6.388400221161359e-26
3726,prot-private,13,12,1,8056,762,1.1350546176762661,0.18276172020769355,1.0,0.9230769230769231,0.07692307692307693,1.499676973186056e-14
3727,dna-private,32,25,7,8043,756,0.3356956359567326,-1.574774312765524,0.017370360114770785,0.78125,0.21875,6.137591276259506e-74
3728,dna-private,34,33,1,8035,762,3.1295581829495953,1.6459589982893192,0.360483975156175,0.9705882352941176,0.029411764705882353,1.3486175434808079e-64
3731,dead,42,37,5,8031,758,0.6984435313161499,-0.5177846154492549,0.40660776219771855,0.8809523809523809,0.11904761904761904,1.3486175434808079e-64
3732,dna-private,40,27,13,8041,750,0.19371872997043996,-2.367964645184115,1.796672516102929e-05,0.675,0.325,6.137591276259506e-74
3733,dna-private,28,23,5,8045,758,0.43341205717837167,-1.2061888062700663,0.08872434228178167,0.8214285714285714,0.17857142857142858,6.137591276259506e-74
3734,dna-private,244,233,11,7835,752,2.0330219875848465,1.0236258183346778,0.01998003753888606,0.9549180327868853,0.045081967213114756,6.137591276259506e-74
3735,dna-private,44,36,8,8032,755,0.4229955179282869,-1.2412857182960182,0.051232947480790186,0.8181818181818182,0.18181818181818182,6.137591276259506e-74
3736,dna-private,49,43,6,8025,757,0.6760332294911734,-0.5648339329303544,0.31277567193929934,0.8775510204081632,0.12244897959183673,1.3486175434808079e-64
3737,dna-private,24,23,1,8045,762,2.1784959602237413,1.1233324379395262,0.7174205323835983,0.9583333333333334,0.041666666666666664,6.388400221161359e-26
3738,dna-private,65,62,3,8006,760,1.961861936880673,0.9722235176091285,0.3714943287090654,0.9538461538461539,0.046153846153846156,1.3486175434808079e-64
3739,dna-private,44,41,3,8027,760,1.2939661974170509,0.37179992996121036,1.0,0.9318181818181818,0.06818181818181818,1.499676973186056e-14
3740,dna-private,127,119,8,7949,755,1.412834947792175,0.4985929349498627,0.42661982003817306,0.937007874015748,0.06299212598425197,1.3486175434808079e-64
3742,dna-private,12,11,1,8057,762,1.0403375946382027,0.05705176594078467,1.0,0.9166666666666666,0.08333333333333333,1.499676973186056e-14
3743,dead,33,33,0,8035,763,6.366063095015867,2.670401455813828,0.11089073460605553,1.0,0.0,6.137591276259506e-74
3745,dna-private,73,70,3,7998,760,2.217220971909644,1.1487525587446288,0.20977272193183205,0.958904109589041,0.0410958904109589,6.137591276259506e-74
3746,dna-private,19,17,2,8051,761,0.8034405663892684,-0.3157367887801676,0.677113499984792,0.8947368421052632,0.10526315789473684,6.388400221161359e-26
3747,dna-private,35,32,3,8036,760,1.0087937614070017,0.012631258876499603,1.0,0.9142857142857143,0.08571428571428572,1.499676973186056e-14
3748,prot-private,35,33,2,8035,761,1.5627255756067207,0.6440644542995428,0.7653062546149721,0.9428571428571428,0.05714285714285714,6.388400221161359e-26
3749,dna-private,26,22,4,8046,759,0.5188292319164802,-0.9466683285728665,0.2775668458116302,0.8461538461538461,0.15384615384615385,6.137591276259506e-74
3750,prot-private,158,149,9,7919,754,1.576321364931038,0.6565616872871715,0.250563780263851,0.9430379746835443,0.056962025316455694,6.137591276259506e-74
3751,dna-private,13,12,1,8056,762,1.1350546176762661,0.18276172020769355,1.0,0.9230769230769231,0.07692307692307693,1.499676973186056e-14
3752,dna-private,63,61,2,8007,761,2.898776070937929,1.535443890203309,0.17208255719593135,0.9682539682539683,0.031746031746031744,6.137591276259506e-74
3753,dna-private,79,79,0,7989,763,15.19450528819075,3.9254777983824773,0.001768351025979823,1.0,0.0,6.137591276259506e-74
3754,dna-private,34,32,2,8036,761,1.5151816824290691,0.5994907947702535,0.765131878985169,0.9411764705882353,0.058823529411764705,6.388400221161359e-26
3755,prot-private,61,52,9,8016,754,0.5434686183189177,-0.8797313632277645,0.10406737816431574,0.8524590163934426,0.14754098360655737,6.137591276259506e-74
3756,dna-private,14,10,4,8058,759,0.23548026805658973,-2.0863219198457696,0.027437579526156688,0.7142857142857143,0.2857142857142857,6.137591276259506e-74
3757,dna-private,32,31,1,8037,762,2.939156401642404,1.555402131316662,0.5203953958732317,0.96875,0.03125,6.388400221161359e-26
3758,dna-private,56,53,3,8015,760,1.6751923476814305,0.7443267571310803,0.6293208291051453,0.9464285714285714,0.05357142857142857,6.388400221161359e-26
3759,dna-private,247,220,27,7848,736,0.7641484501831087,-0.3880751588010347,0.2050759200892847,0.8906882591093117,0.10931174089068826,6.137591276259506e-74
3760,dna-private,206,196,10,7872,753,1.8748475609756097,0.9067732985605341,0.05829723719034885,0.9514563106796117,0.04854368932038835,6.137591276259506e-74
3761,dna-private,294,273,21,7795,742,1.2374599101988455,0.30738178717674847,0.3989035976006877,0.9285714285714286,0.07142857142857142,1.3486175434808079e-64
3763,dna-private,43,39,4,8029,759,0.9216901233030266,-0.11764630379571438,0.7852915920495436,0.9069767441860465,0.09302325581395349,6.388400221161359e-26
3764,dna-private,15,15,0,8053,763,2.9389085490780404,1.5552804669020328,0.6340216938892271,1.0,0.0,6.388400221161359e-26
3765,prot-private,523,511,12,7557,751,4.231849058268272,2.0812881702753394,1.5484691191201937e-09,0.9770554493307839,0.022944550669216062,6.137591276259506e-74
3766,dna-private,27,26,1,8042,762,2.463566277045511,1.3007482848340537,0.7259809616915744,0.9629629629629629,0.037037037037037035,6.388400221161359e-26
3767,dna-private,96,84,12,7984,751,0.6584418837675351,-0.6028719857653846,0.19687334259127745,0.875,0.125,6.137591276259506e-74
3768,dna-private,22,19,3,8049,760,0.598003892823125,-0.7417732189283001,0.43163260794238584,0.8636363636363636,0.13636363636363635,1.3486175434808079e-64
3769,dna-private,14,11,3,8057,760,0.34586901659012864,-1.5317023139427457,0.1142871290727978,0.7857142857142857,0.21428571428571427,6.137591276259506e-74
3770,prot-private,49,42,7,8026,756,0.5651632195365064,-0.8232605158377664,0.19312644224758901,0.8571428571428571,0.14285714285714285,6.137591276259506e-74
3771,dna-private,57,52,5,8016,758,0.9834331337325349,-0.024101131770386884,1.0,0.9122807017543859,0.08771929824561403,1.499676973186056e-14
3772,dna-private,45,43,2,8025,761,2.038816199376947,1.0277317213086157,0.43037991709652534,0.9555555555555556,0.044444444444444446,1.3486175434808079e-64
3774,dna-private,27,21,6,8047,757,0.3292531378153349,-1.6027309053120211,0.025034271393451355,0.7777777777777778,0.2222222222222222,6.137591276259506e-74
3775,dna-private,27,24,3,8044,760,0.7558428642466435,-0.40384175797440397,0.5034960913993611,0.8888888888888888,0.1111111111111111,1.3486175434808079e-64
3776,dna-private,85,67,18,8001,745,0.3465886208668361,-1.5287038059070983,0.0002787945060901376,0.788235294117647,0.21176470588235294,6.137591276259506e-74
3777,dna-private,39,36,3,8032,760,1.1354581673306774,0.18327455510133217,1.0,0.9230769230769231,0.07692307692307693,1.499676973186056e-14
3778,prot-private,106,90,16,7978,747,0.5266827525695663,-0.9249938789682515,0.023305185465374145,0.8490566037735849,0.1509433962264151,6.137591276259506e-74
3779,dna-private,10,8,2,8060,761,0.37766749379652603,-1.4048114799117843,0.21174867571160536,0.8,0.2,6.137591276259506e-74
3780,dna-private,91,83,8,7985,755,0.9809799624295554,-0.027704426739228936,0.8524089551850375,0.9120879120879121,0.08791208791208792,1.499676973186056e-14
3781,dna-private,48,46,2,8022,761,2.181874844178509,1.1255683487460493,0.43485333151682726,0.9583333333333334,0.041666666666666664,1.3486175434808079e-64
3782,dna-private,33,30,3,8038,760,0.9455088330430456,-0.08083715884043495,0.7604116415681585,0.9090909090909091,0.09090909090909091,6.388400221161359e-26
3784,prot-private,17,16,1,8052,762,1.5141579731743666,0.5985157305719824,1.0,0.9411764705882353,0.058823529411764705,1.499676973186056e-14
3785,dna-private,21,12,9,8056,754,0.12479311486262827,-3.0023897554592764,2.9026756032795348e-05,0.5714285714285714,0.42857142857142855,6.137591276259506e-74
3786,dna-private,19,17,2,8051,761,0.8034405663892684,-0.3157367887801676,0.677113499984792,0.8947368421052632,0.10526315789473684,6.388400221161359e-26
3787,dna-private,15,12,3,8056,760,0.37735849056603776,-1.4059923596758368,0.13412797121574013,0.8,0.2,6.137591276259506e-74
3788,dna-private,39,35,4,8033,759,0.8267459230673472,-0.2744840688163277,0.5763509902567905,0.8974358974358975,0.10256410256410256,6.388400221161359e-26
3789,prot-private,11,11,0,8057,763,2.179398076326404,1.1239297349069568,0.6147434751291604,1.0,0.0,6.388400221161359e-26
3790,shared,23,23,0,8045,763,4.460195140140451,2.157106831570286,0.2566084918038831,1.0,0.0,6.137591276259506e-74
3791,dna-private,12,7,5,8061,758,0.13164619774221561,-2.9252622413929887,0.00224831134899996,0.5833333333333334,0.4166666666666667,6.137591276259506e-74
3792,shared,24,22,2,8046,761,1.0403927417350236,0.05712823951521257,1.0,0.9166666666666666,0.08333333333333333,1.499676973186056e-14
3795,dna-private,14,13,1,8055,762,1.2297951582867783,0.29841803204048295,1.0,0.9285714285714286,0.07142857142857142,1.499676973186056e-14
3796,dna-private,49,48,1,8020,762,4.560598503740648,2.1892231668721953,0.12380349048910988,0.9795918367346939,0.02040816326530612,6.137591276259506e-74
3797,dna-private,41,35,6,8033,757,0.5497116062907175,-0.8632531549672186,0.16285314593579853,0.8536585365853658,0.14634146341463414,6.137591276259506e-74
3799,dna-private,68,61,7,8007,756,0.8227800674409891,-0.28142125113676786,0.6617752807851063,0.8970588235294118,0.10294117647058823,6.388400221161359e-26
3800,prot-private,315,298,17,7770,746,1.683004012415777,0.7510386161719874,0.04027410918240727,0.946031746031746,0.05396825396825397,6.137591276259506e-74
3801,dna-private,48,43,5,8025,758,0.8123115264797508,-0.2998949789112005,0.6046146557937583,0.8958333333333334,0.10416666666666667,6.388400221161359e-26
3802,prot-private,248,224,24,7844,739,0.8793132755396906,-0.1855508447095501,0.5656178853335726,0.9032258064516129,0.0967741935483871,6.388400221161359e-26
3803,dna-private,143,136,7,7932,756,1.8517397881996975,0.8888813811849602,0.1316297466553708,0.951048951048951,0.04895104895104895,6.137591276259506e-74
3804,dna-private,34,30,4,8038,759,0.708198556854939,-0.49777419103476034,0.5325881344964782,0.8823529411764706,0.11764705882352941,6.388400221161359e-26
3805,dna-private,45,42,3,8026,760,1.3256915026164964,0.40674508960855665,1.0,0.9333333333333333,0.06666666666666667,8.510575869671689e-13
3806,dna-private,175,165,10,7903,753,1.5721245096798684,0.6527154811997766,0.21906820556861717,0.9428571428571428,0.05714285714285714,6.137591276259506e-74
3807,dna-private,21,18,3,8050,760,0.5664596273291925,-0.8199549588372377,0.42023358676848527,0.8571428571428571,0.14285714285714285,1.3486175434808079e-64
3808,dna-private,11,9,2,8059,761,0.424928651197419,-1.2347074729427345,0.24486416172403402,0.8181818181818182,0.18181818181818182,6.137591276259506e-74
3809,dna-private,132,125,7,7943,756,1.6996097192496538,0.7652034988657339,0.21050192105124277,0.946969696969697,0.05303030303030303,6.137591276259506e-74
3810,dead,22,21,1,8047,762,1.988567167888654,0.9917292929167254,1.0,0.9545454545454546,0.045454545454545456,8.510575869671689e-13
3811,dna-private,10,8,2,8060,761,0.37766749379652603,-1.4048114799117843,0.21174867571160536,0.8,0.2,6.137591276259506e-74
3812,shared,23,23,0,8045,763,4.460195140140451,2.157106831570286,0.2566084918038831,1.0,0.0,6.137591276259506e-74
3814,prot-private,61,47,14,8021,749,0.3134895898267049,-1.6735105592117259,0.0005543627139375435,0.7704918032786885,0.22950819672131148,6.137591276259506e-74
3815,dna-private,12,8,4,8060,759,0.18833746898263026,-2.4086080479998633,0.0155844761709749,0.6666666666666666,0.3333333333333333,6.137591276259506e-74
3816,prot-private,76,50,26,8018,737,0.1767657386265518,-2.5000894214220684,3.4781483727019863e-10,0.6578947368421053,0.34210526315789475,6.137591276259506e-74
3818,dna-private,391,362,29,7706,734,1.1889884281840393,0.24973467413929595,0.4607067516876293,0.9258312020460358,0.0741687979539642,1.3486175434808079e-64
3819,dna-private,50,46,4,8022,759,1.0880703066566941,0.12177178065797026,1.0,0.92,0.08,1.499676973186056e-14
3820,dna-private,264,226,38,7842,725,0.5498395951623511,-0.8629172926426905,0.0016737303308532632,0.8560606060606061,0.14393939393939395,6.137591276259506e-74
3821,dna-private,20,20,0,8048,763,3.8893582655153134,1.9595321337374263,0.4103003441798839,1.0,0.0,1.3486175434808079e-64
3822,dna-private,52,48,4,8020,759,1.1356608478802992,0.18353205479433976,1.0,0.9230769230769231,0.07692307692307693,8.510575869671689e-13
3823,dna-private,72,71,1,7997,762,6.765286982618482,2.7581511344411127,0.01946600279429142,0.9861111111111112,0.013888888888888888,6.137591276259506e-74
3824,dna-private,17,13,4,8055,759,0.3062383612662942,-1.7072730800373728,0.053095201205350134,0.7647058823529411,0.23529411764705882,6.137591276259506e-74
3825,dna-private,12,7,5,8061,758,0.13164619774221561,-2.9252622413929887,0.00224831134899996,0.5833333333333334,0.4166666666666667,6.137591276259506e-74
3826,dna-private,33,32,1,8036,762,3.0343454454952714,1.60138533876003,0.35982551827944353,0.9696969696969697,0.030303030303030304,1.3486175434808079e-64
3827,prot-private,37,36,1,8032,762,3.4153386454183265,1.7720286349848624,0.37004759409297505,0.972972972972973,0.02702702702702703,1.3486175434808079e-64
3829,dna-private,396,380,16,7688,747,2.307654786680541,1.2064274203464345,0.00045618761297749904,0.9595959595959596,0.04040404040404041,6.137591276259506e-74
3830,dna-private,18,15,3,8053,760,0.4718738358375761,-1.0835269148384212,0.19951958732975172,0.8333333333333334,0.16666666666666666,6.137591276259506e-74
3831,dna-private,28,27,1,8041,762,2.5586369854495707,1.355375475067056,0.5093441065762562,0.9642857142857143,0.03571428571428571,1.3486175434808079e-64
3832,prot-private,33,31,2,8037,761,1.4676496205051637,0.5535075873268854,1.0,0.9393939393939394,0.06060606060606061,1.499676973186056e-14
3833,shared,31,29,2,8039,761,1.3726209727578056,0.4569333034066387,1.0,0.9354838709677419,0.06451612903225806,1.499676973186056e-14
3834,dna-private,660,659,1,7409,762,67.77675799703064,6.08271872413375,1.218133349977477e-25,0.9984848484848485,0.0015151515151515152,6.137591276259506e-74
3835,dna-private,36,30,6,8038,757,0.4708882806668325,-1.0865432771856511,0.12407763485417378,0.8333333333333334,0.16666666666666666,6.137591276259506e-74
3837,prot-private,275,188,87,7880,676,0.185378376801447,-2.431455122232645,1.3812757234943478e-28,0.6836363636363636,0.31636363636363635,6.137591276259506e-74
3838,dead,14,14,0,8054,763,2.748960208579055,1.4588860238748205,0.6261069302735234,1.0,0.0,6.388400221161359e-26
3839,dna-private,57,56,1,8012,762,5.326010983524713,2.4130554037382184,0.059400973283665864,0.9824561403508771,0.017543859649122806,6.137591276259506e-74
3840,dna-private,226,222,4,7846,759,5.36891409635483,2.424630321688477,2.004921172459302e-05,0.9823008849557522,0.017699115044247787,6.137591276259506e-74
3841,dna-private,26,22,4,8046,759,0.5188292319164802,-0.9466683285728665,0.2775668458116302,0.8461538461538461,0.15384615384615385,6.137591276259506e-74
3842,dna-private,77,61,16,8007,747,0.3556809666541776,-1.4913443205109993,0.0007464705475631202,0.7922077922077922,0.2077922077922078,6.137591276259506e-74
3843,dna-private,18,17,1,8051,762,1.6089926717177991,0.6861577552096091,1.0,0.9444444444444444,0.05555555555555555,8.510575869671689e-13
3844,prot-private,69,55,14,8013,749,0.3672157743666542,-1.4453000614304594,0.0019932159475783365,0.7971014492753623,0.2028985507246377,6.137591276259506e-74
3845,prot-private,53,51,2,8017,761,2.420543844330797,1.2753312265787462,0.3216808357150166,0.9622641509433962,0.03773584905660377,1.3486175434808079e-64
3846,dna-private,45,35,10,8033,753,0.32808415286941367,-1.607862184447228,0.004293709611563024,0.7777777777777778,0.2222222222222222,6.137591276259506e-74
3847,dna-private,210,191,19,7877,744,0.9494931947107835,-0.07477043468340407,0.8035291199590555,0.9095238095238095,0.09047619047619047,1.499676973186056e-14
3848,dna-private,17,13,4,8055,759,0.3062383612662942,-1.7072730800373728,0.053095201205350134,0.7647058823529411,0.23529411764705882,6.137591276259506e-74
3849,dna-private,21,20,1,8048,762,1.893638170974155,0.9211606925751572,1.0,0.9523809523809523,0.047619047619047616,8.510575869671689e-13
3851,prot-private,51,41,10,8027,753,0.3846144263111997,-1.3785152178640157,0.010749714136547963,0.803921568627451,0.19607843137254902,6.137591276259506e-74
3852,dna-private,36,25,11,8043,752,0.21249420727227517,-2.2345045818886526,0.00014931794905760986,0.6944444444444444,0.3055555555555556,6.137591276259506e-74
3853,dna-private,38,34,4,8034,759,0.8030246452576549,-0.3164838293796611,0.5664327681214596,0.8947368421052632,0.10526315789473684,6.388400221161359e-26
3854,dna-private,35,34,1,8034,762,3.224794622852875,1.6892072826981948,0.3624586490896934,0.9714285714285714,0.02857142857142857,1.3486175434808079e-64
3855,dna-private,60,56,4,8012,759,1.3262606090863704,0.40736429166036275,0.8168157466432637,0.9333333333333333,0.06666666666666667,1.499676973186056e-14
3857,dna-private,14,11,3,8057,760,0.34586901659012864,-1.5317023139427457,0.1142871290727978,0.7857142857142857,0.21428571428571427,6.137591276259506e-74
3858,dead,29,26,3,8042,760,0.8190334079416397,-0.2880057950494767,0.7354723604369783,0.896551724137931,0.10344827586206896,6.388400221161359e-26
3859,dna-private,69,63,6,8005,757,0.9929419113054341,-0.010218774639127392,1.0,0.9130434782608695,0.08695652173913043,8.510575869671689e-13
3860,dna-private,24,24,0,8044,763,4.650568711542047,2.2174071521673038,0.26199068748151555,1.0,0.0,6.137591276259506e-74
3861,dna-private,30,23,7,8045,756,0.30876320696084525,-1.6954272473903271,0.012212238797290944,0.7666666666666667,0.23333333333333334,6.137591276259506e-74
3862,dead,36,33,3,8035,760,1.0404480398257623,0.05720491840578896,1.0,0.9166666666666666,0.08333333333333333,8.510575869671689e-13
3863,dna-private,22,17,5,8051,758,0.32010930319215003,-1.6433634889999837,0.03630953794241455,0.7727272727272727,0.22727272727272727,6.137591276259506e-74
3864,dna-private,22,17,5,8051,758,0.32010930319215003,-1.6433634889999837,0.03630953794241455,0.7727272727272727,0.22727272727272727,6.137591276259506e-74
3866,dna-private,41,40,1,8028,762,3.796711509715994,1.9247503810180673,0.2578854518887244,0.975609756097561,0.024390243902439025,6.137591276259506e-74
3867,dna-private,53,50,3,8018,760,1.5797788309636651,0.6597225952337458,0.6235153699202394,0.9433962264150944,0.05660377358490566,6.388400221161359e-26
3870,dna-private,25,24,1,8044,762,2.2734957732471406,1.1849123219091262,0.7193889252568892,0.96,0.04,6.388400221161359e-26
3871,prot-private,49,31,18,8037,745,0.15964359282761673,-2.6470734422694484,5.232254493961716e-08,0.6326530612244898,0.3673469387755102,6.137591276259506e-74
3872,dna-private,35,29,6,8039,757,0.45513538168097195,-1.1356323508323312,0.11876717028896247,0.8285714285714286,0.17142857142857143,6.137591276259506e-74
3873,dna-private,39,38,1,8030,762,3.605977584059776,1.8503904285322308,0.2534186687730674,0.9743589743589743,0.02564102564102564,6.137591276259506e-74
3874,prot-private,74,73,1,7995,762,6.9575984990619135,2.798589428005645,0.019867849931234537,0.9864864864864865,0.013513513513513514,6.137591276259506e-74
3875,shared,28,28,0,8040,763,5.412536533797649,2.436304857844131,0.16804864765234273,1.0,0.0,6.137591276259506e-74
3876,prot-private,15,15,0,8053,763,2.9389085490780404,1.5552804669020328,0.6340216938892271,1.0,0.0,6.388400221161359e-26
3878,dna-private,11,10,1,8058,762,0.9456440804169769,-0.08063080776791416,1.0,0.9090909090909091,0.09090909090909091,0.003801376386235594
3879,dna-private,37,32,5,8036,758,0.603683424589348,-0.7281359054495624,0.24680288050724591,0.8648648648648649,0.13513513513513514,6.137591276259506e-74
3880,dna-private,26,21,5,8047,758,0.39562569901826766,-1.3377919512928673,0.06832843727733481,0.8076923076923077,0.19230769230769232,6.137591276259506e-74
3881,dna-private,161,148,13,7920,750,1.078088578088578,0.10847571790412883,0.8880889660337039,0.9192546583850931,0.08074534161490683,1.499676973186056e-14
3882,shared,32,28,4,8040,759,0.6608208955223881,-0.5976687885932205,0.3527235621150381,0.875,0.125,1.3486175434808079e-64
3883,dna-private,30,25,5,8043,758,0.4712172075096357,-1.0855358716452634,0.1780799653288134,0.8333333333333334,0.16666666666666666,6.137591276259506e-74
3884,dna-private,48,42,6,8026,757,0.6602292549215051,-0.5989610287366596,0.3032400519170813,0.875,0.125,1.3486175434808079e-64
3885,prot-private,1195,1148,47,6920,716,2.52726601893986,1.33757752973822,1.4129568586137607e-11,0.9606694560669456,0.03933054393305439,6.137591276259506e-74
3886,prot-private,27,18,9,8050,754,0.18732919254658384,-2.4163523546206775,0.0002880314748618313,0.6666666666666666,0.3333333333333333,6.137591276259506e-74
3887,shared,27,27,0,8041,763,5.221973512404402,2.384595139837708,0.16501930565629472,1.0,0.0,6.137591276259506e-74
3888,prot-private,25,25,0,8043,763,4.840989618946976,2.2753020004764437,0.16333070103528635,1.0,0.0,6.137591276259506e-74
3889,prot-private,34,24,10,8044,753,0.22466434609646943,-2.15415690579963,0.0004207822914880976,0.7058823529411765,0.29411764705882354,6.137591276259506e-74
3890,prot-private,138,133,5,7935,758,2.5409955891619407,1.3453938710623747,0.031588431581042145,0.9637681159420289,0.036231884057971016,6.137591276259506e-74
3891,dna-private,31,28,3,8040,760,0.8822553897180763,-0.18073175639889522,0.7471571356606916,0.9032258064516129,0.0967741935483871,6.388400221161359e-26
3892,dna-private,14,11,3,8057,760,0.34586901659012864,-1.5317023139427457,0.1142871290727978,0.7857142857142857,0.21428571428571427,6.137591276259506e-74
3893,dna-private,21,17,4,8051,759,0.4006645137250031,-1.3195333568682468,0.10183922039866987,0.8095238095238095,0.19047619047619047,6.137591276259506e-74
3894,dna-private,76,71,5,7997,758,1.3459547330248844,0.4286298902315199,0.6819103036749784,0.9342105263157895,0.06578947368421052,6.388400221161359e-26
3895,dna-private,13,11,2,8057,761,0.5194861611021472,-0.9448427780489919,0.31132490475252955,0.8461538461538461,0.15384615384615385,1.3486175434808079e-64
3896,dna-private,31,27,4,8041,759,0.637140902872777,-0.6503156370107998,0.33798369846811566,0.8709677419354839,0.12903225806451613,1.3486175434808079e-64
3898,dead,10,9,1,8059,762,0.8509740662613228,-0.2328129289529579,0.59509736615207,0.9,0.1,6.388400221161359e-26
3899,dna-private,53,49,4,8019,759,1.1594650205761317,0.21345929656644014,1.0,0.9245283018867925,0.07547169811320754,0.003801376386235594
3900,shared,20,19,1,8049,762,1.798732761833768,0.8469808609552302,1.0,0.95,0.05,8.510575869671689e-13
3901,dna-private,66,59,7,8009,756,0.7956049444375078,-0.3298758527864611,0.509823235608082,0.8939393939393939,0.10606060606060606,1.3486175434808079e-64
3902,dna-private,13,11,2,8057,761,0.5194861611021472,-0.9448427780489919,0.31132490475252955,0.8461538461538461,0.15384615384615385,1.3486175434808079e-64
3903,dna-private,95,87,8,7981,755,1.028771457210876,0.04092252142589591,1.0,0.9157894736842105,0.08421052631578947,0.003801376386235594
3904,dna-private,14,14,0,8054,763,2.748960208579055,1.4588860238748205,0.6261069302735234,1.0,0.0,6.388400221161359e-26
3905,dna-private,78,68,10,8000,753,0.64005,-0.6437434836271818,0.21897215676884718,0.8717948717948718,0.1282051282051282,6.137591276259506e-74
3906,dna-private,157,144,13,7924,750,1.0484215431211898,0.06821890379497711,1.0,0.9171974522292994,0.08280254777070063,0.00470690484633421
3907,prot-private,100,85,15,7983,748,0.5309616267902626,-0.9133204953265565,0.030484436365117856,0.85,0.15,6.137591276259506e-74
3908,dna-private,80,73,7,7995,756,0.9861163227016886,-0.020170257324208563,1.0,0.9125,0.0875,0.00470690484633421
3910,dna-private,11,9,2,8059,761,0.424928651197419,-1.2347074729427345,0.24486416172403402,0.8181818181818182,0.18181818181818182,6.137591276259506e-74
3911,dna-private,10,9,1,8059,762,0.8509740662613228,-0.2328129289529579,0.59509736615207,0.9,0.1,6.388400221161359e-26
3912,dna-private,18,16,2,8052,761,0.7560854446100348,-0.40337881341779425,0.6651558352122813,0.8888888888888888,0.1111111111111111,6.388400221161359e-26
3913,dna-private,91,75,16,7993,747,0.4380786313023896,-1.19073825061212,0.007049854600310056,0.8241758241758241,0.17582417582417584,6.137591276259506e-74
3915,dna-private,56,43,13,8025,750,0.30913012221423436,-1.6937138549527788,0.0007719393309454938,0.7678571428571429,0.23214285714285715,6.137591276259506e-74
3916,prot-private,111,92,19,7976,744,0.4516708018793222,-1.1466564406767372,0.003352350753609926,0.8288288288288288,0.17117117117117117,6.137591276259506e-74
3917,shared,33,31,2,8037,761,1.4676496205051637,0.5535075873268854,1.0,0.9393939393939394,0.06060606060606061,0.003801376386235594
3918,dna-private,17,13,4,8055,759,0.3062383612662942,-1.7072730800373728,0.053095201205350134,0.7647058823529411,0.23529411764705882,6.137591276259506e-74
3919,dead,57,53,4,8015,759,1.2547411104179662,0.327389724936755,0.815828251546556,0.9298245614035088,0.07017543859649122,1.499676973186056e-14
3920,dna-private,103,97,6,7971,757,1.5353364278844144,0.6185548182400404,0.3791649168746848,0.941747572815534,0.05825242718446602,1.3486175434808079e-64
3921,prot-private,266,258,8,7810,755,3.117637644046095,1.6404532566063539,0.0003336524995566297,0.9699248120300752,0.03007518796992481,6.137591276259506e-74
3922,dna-private,77,71,6,7997,757,1.120149222625151,0.16369093621236583,1.0,0.922077922077922,0.07792207792207792,0.00470690484633421
3924,shared,13,12,1,8056,762,1.1350546176762661,0.18276172020769355,1.0,0.9230769230769231,0.07692307692307693,0.00470690484633421
3925,dna-private,48,41,7,8027,756,0.5516382210041111,-0.858205675485113,0.18833846948743035,0.8541666666666666,0.14583333333333334,6.137591276259506e-74
3926,dna-private,49,36,13,8032,750,0.25858106037388906,-1.9513114852663085,0.00018884152107752846,0.7346938775510204,0.2653061224489796,6.137591276259506e-74
3928,dna-private,78,70,8,7998,755,0.8259877469367342,-0.2758077146527217,0.5448163553779526,0.8974358974358975,0.10256410256410256,6.388400221161359e-26
3929,shared,39,37,2,8031,761,1.7530195492466691,0.8098420847705613,0.7717129128023361,0.9487179487179487,0.05128205128205128,6.388400221161359e-26
3930,dead,15,9,6,8059,757,0.1408983744881499,-2.8272731271817046,0.0010331837664044512,0.6,0.4,6.137591276259506e-74
3931,dna-private,45,44,1,8024,762,4.178464606181455,2.0629729155184386,0.17885039981340076,0.9777777777777777,0.022222222222222223,6.137591276259506e-74
3932,dna-private,16,11,5,8057,758,0.20697530098051384,-2.2724694782688077,0.0092674991092931,0.6875,0.3125,6.137591276259506e-74
3933,dna-private,45,41,4,8027,759,0.9691977077363897,-0.04513710223311509,0.7939792105708714,0.9111111111111111,0.08888888888888889,6.388400221161359e-26
3934,dna-private,30,23,7,8045,756,0.30876320696084525,-1.6954272473903271,0.012212238797290944,0.7666666666666667,0.23333333333333334,6.137591276259506e-74
3936,prot-private,96,81,15,7987,748,0.5057217979216226,-0.9835841311825428,0.025625732721388815,0.84375,0.15625,6.137591276259506e-74
3937,dna-private,33,32,1,8036,762,3.0343454454952714,1.60138533876003,0.35982551827944353,0.9696969696969697,0.030303030303030304,1.3486175434808079e-64
3939,dna-private,36,35,1,8033,762,3.3200547740570148,1.731207043261528,0.3656725407212863,0.9722222222222222,0.027777777777777776,1.3486175434808079e-64
3940,shared,14,11,3,8057,760,0.34586901659012864,-1.5317023139427457,0.1142871290727978,0.7857142857142857,0.21428571428571427,6.137591276259506e-74
3941,dna-private,44,38,6,8030,757,0.5970527189705271,-0.744069769696516,0.27219974523256757,0.8636363636363636,0.13636363636363635,6.137591276259506e-74
3942,prot-private,383,335,48,7733,715,0.6452999051683262,-0.6319582814201021,0.008875532083269362,0.8746736292428199,0.12532637075718014,6.137591276259506e-74
3944,prot-private,139,120,19,7948,744,0.5912112944666649,-0.7582542639767058,0.0457902264098525,0.8633093525179856,0.1366906474820144,6.137591276259506e-74
3945,prot-private,57,41,16,8027,747,0.2384686059549022,-2.068128744859344,1.626636349519665e-05,0.7192982456140351,0.2807017543859649,6.137591276259506e-74
3946,dna-private,15,13,2,8055,761,0.614090626939789,-0.7034765119492934,0.37647785138890716,0.8666666666666667,0.13333333333333333,1.3486175434808079e-64
3947,shared,27,25,2,8043,761,1.1827054581623773,0.2420908285745528,1.0,0.9259259259259259,0.07407407407407407,1.499676973186056e-14
3948,dna-private,50,41,9,8027,754,0.4279168916019545,-1.2245974658222296,0.036481998971001725,0.82,0.18,6.137591276259506e-74
3949,dna-private,26,23,3,8045,760,0.7242593743525999,-0.4654216419440042,0.48773304782795196,0.8846153846153846,0.11538461538461539,1.3486175434808079e-64
3950,dna-private,20,18,2,8050,761,0.850807453416149,-0.2330954229434839,0.689509959490357,0.9,0.1,6.388400221161359e-26
3951,dna-private,102,95,7,7973,756,1.2868430954471342,0.3638361567287005,0.7214516965910864,0.9313725490196079,0.06862745098039216,6.388400221161359e-26
3953,dna-private,73,68,5,8000,758,1.2886,0.36580449987198166,0.8330946964386712,0.9315068493150684,0.0684931506849315,1.499676973186056e-14
3954,prot-private,80,77,3,7991,760,2.441079547824636,1.2875193092043564,0.15809982949810447,0.9625,0.0375,6.137591276259506e-74
3955,dna-private,115,91,24,7977,739,0.3512650954828465,-1.5093678689551329,3.6717545391604736e-05,0.7913043478260869,0.20869565217391303,6.137591276259506e-74
3956,dna-private,10,8,2,8060,761,0.37766749379652603,-1.4048114799117843,0.21174867571160536,0.8,0.2,6.137591276259506e-74
3957,dna-private,60,39,21,8029,742,0.17162784904720388,-2.542644425369138,1.1010375986128786e-08,0.65,0.35,6.137591276259506e-74
3959,dna-private,82,78,4,7990,759,1.852377972465582,0.8893785064623756,0.320122383137324,0.9512195121951219,0.04878048780487805,1.3486175434808079e-64
3960,dna-private,50,48,2,8020,761,2.2773067331670824,1.1873286228824191,0.3179051122649078,0.96,0.04,1.3486175434808079e-64
3961,dna-private,39,27,12,8041,751,0.21014177341126725,-2.2505651156331505,6.947751673694554e-05,0.6923076923076923,0.3076923076923077,6.137591276259506e-74
3962,dna-private,59,58,1,8010,762,5.5176029962546815,2.4640416553248214,0.05982892690094781,0.9830508474576272,0.01694915254237288,6.137591276259506e-74
3963,dna-private,47,45,2,8023,761,2.134176741867132,1.0936796579133503,0.4324542966864182,0.9574468085106383,0.0425531914893617,1.3486175434808079e-64
3964,dna-private,12,9,3,8059,760,0.2829135128427845,-1.8215670088364881,0.07844382615057613,0.75,0.25,6.137591276259506e-74
3965,dna-private,25,25,0,8043,763,4.840989618946976,2.2753020004764437,0.16333070103528635,1.0,0.0,6.137591276259506e-74
3966,dna-private,19,16,3,8052,760,0.5033946017552575,-0.990238349311548,0.22277766157339868,0.8421052631578947,0.15789473684210525,6.137591276259506e-74
3968,shared,10,10,0,8058,763,1.9896382701495317,0.9925061627800148,1.0,1.0,0.0,1.499676973186056e-14
3969,dna-private,22,20,2,8048,761,0.9455765407554672,-0.08073385141461938,0.7149840631017713,0.9090909090909091,0.09090909090909091,6.388400221161359e-26
3971,prot-private,420,395,25,7673,738,1.5196663625700508,0.6037546197874726,0.04958678832224424,0.9404761904761905,0.05952380952380952,6.137591276259506e-74
3972,dna-private,29,23,6,8045,757,0.3607002278848146,-1.4711277602892203,0.03469919040833027,0.7931034482758621,0.20689655172413793,6.137591276259506e-74
3973,dna-private,32,31,1,8037,762,2.939156401642404,1.555402131316662,0.5203953958732317,0.96875,0.03125,6.388400221161359e-26
3974,shared,52,51,1,8017,762,4.847449170512661,2.277225770568523,0.1294779011463812,0.9807692307692307,0.019230769230769232,6.137591276259506e-74
3975,dna-private,23,22,1,8046,762,2.08351976137211,1.059022783504989,0.716472396975913,0.9565217391304348,0.043478260869565216,6.388400221161359e-26
3976,dna-private,27,24,3,8044,760,0.7558428642466435,-0.40384175797440397,0.5034960913993611,0.8888888888888888,0.1111111111111111,1.3486175434808079e-64
3977,dna-private,46,45,1,8023,762,4.273962358220117,2.0955742019031267,0.18116718400779847,0.9782608695652174,0.021739130434782608,6.137591276259506e-74
3978,dna-private,44,38,6,8030,757,0.5970527189705271,-0.744069769696516,0.27219974523256757,0.8636363636363636,0.13636363636363635,6.137591276259506e-74
3979,dna-private,63,62,1,8006,762,5.901074194354234,2.5609775974926587,0.04110099708500066,0.9841269841269841,0.015873015873015872,6.137591276259506e-74
3980,shared,13,13,0,8055,763,2.5590590279932965,1.3556134253808918,0.6199739488311733,1.0,0.0,6.388400221161359e-26
3981,dna-private,86,73,13,7995,750,0.5267715399047481,-0.9247506922455262,0.049722759633538526,0.8488372093023255,0.1511627906976744,6.137591276259506e-74
3982,dna-private,20,18,2,8050,761,0.850807453416149,-0.2330954229434839,0.689509959490357,0.9,0.1,6.388400221161359e-26
3983,dna-private,48,41,7,8027,756,0.5516382210041111,-0.858205675485113,0.18833846948743035,0.8541666666666666,0.14583333333333334,6.137591276259506e-74
3984,dna-private,24,22,2,8046,761,1.0403927417350236,0.05712823951521257,1.0,0.9166666666666666,0.08333333333333333,1.499676973186056e-14
3985,shared,38,33,5,8035,758,0.6226260112009957,-0.6835622459202733,0.3755053214500226,0.868421052631579,0.13157894736842105,1.3486175434808079e-64
3986,dna-private,122,114,8,7954,755,1.3526213226049786,0.43575800157197153,0.5161153951831186,0.9344262295081968,0.06557377049180328,6.388400221161359e-26
3987,dna-private,32,29,3,8039,760,0.9138781772193888,-0.12992623248711502,0.7536237834637938,0.90625,0.09375,6.388400221161359e-26
3988,prot-private,18,15,3,8053,760,0.4718738358375761,-1.0835269148384212,0.19951958732975172,0.8333333333333334,0.16666666666666666,6.137591276259506e-74
3989,prot-private,28,26,2,8042,761,1.2301666252176076,0.29885374084427707,1.0,0.9285714285714286,0.07142857142857142,1.499676973186056e-14
3991,prot-private,13,13,0,8055,763,2.5590590279932965,1.3556134253808918,0.6199739488311733,1.0,0.0,6.388400221161359e-26
3992,shared,19,17,2,8051,761,0.8034405663892684,-0.3157367887801676,0.677113499984792,0.8947368421052632,0.10526315789473684,6.388400221161359e-26
3993,dna-private,71,63,8,8005,755,0.742738913179263,-0.4290729296912615,0.3954621484902195,0.8873239436619719,0.11267605633802817,1.3486175434808079e-64
3994,dna-private,24,20,4,8048,759,0.47154572564612324,-1.0845304195026986,0.14800296197823892,0.8333333333333334,0.16666666666666666,6.137591276259506e-74
3995,dna-private,32,28,4,8040,759,0.6608208955223881,-0.5976687885932205,0.3527235621150381,0.875,0.125,1.3486175434808079e-64
3996,dna-private,28,20,8,8048,755,0.23453031809145128,-2.0921536607057236,0.0019486910888545947,0.7142857142857143,0.2857142857142857,6.137591276259506e-74
3997,prot-private,25,24,1,8044,762,2.2734957732471406,1.1849123219091262,0.7193889252568892,0.96,0.04,6.388400221161359e-26
3998,dead,19,16,3,8052,760,0.5033946017552575,-0.990238349311548,0.22277766157339868,0.8421052631578947,0.15789473684210525,6.137591276259506e-74
3999,dna-private,44,37,7,8031,756,0.49757190885319386,-1.0070230565695157,0.09972989598360424,0.8409090909090909,0.1590909090909091,6.137591276259506e-74
4000,shared,13,9,4,8059,759,0.21190594366546717,-2.2385040410308137,0.021001542276485385,0.6923076923076923,0.3076923076923077,6.137591276259506e-74
4001,shared,44,31,13,8037,750,0.22252849800442184,-2.167937988934509,5.599951172173057e-05,0.7045454545454546,0.29545454545454547,6.137591276259506e-74
4002,dna-private,50,49,1,8019,762,4.656191545080434,2.2191504086442957,0.12500179299940722,0.98,0.02,6.137591276259506e-74
4003,dna-private,17,14,3,8054,760,0.4403608972767155,-1.1832417272783582,0.17689465436516857,0.8235294117647058,0.17647058823529413,6.137591276259506e-74
4004,dna-private,92,90,2,7978,761,4.2924291802456755,2.101794331746057,0.02312095997936171,0.9782608695652174,0.021739130434782608,6.137591276259506e-74
4005,dna-private,22,18,4,8050,759,0.42428571428571427,-1.236891991031563,0.11640137205561549,0.8181818181818182,0.18181818181818182,6.137591276259506e-74
4006,dna-private,69,67,2,8001,761,3.186289213848269,1.6718772236892354,0.1264792391938525,0.9710144927536232,0.028985507246376812,6.137591276259506e-74
4007,dna-private,18,18,0,8050,763,3.509036705794671,1.8110750389315806,0.39580838671128105,1.0,0.0,1.3486175434808079e-64
4008,dna-private,33,30,3,8038,760,0.9455088330430456,-0.08083715884043495,0.7604116415681585,0.9090909090909091,0.09090909090909091,6.388400221161359e-26
4009,shared,32,28,4,8040,759,0.6608208955223881,-0.5976687885932205,0.3527235621150381,0.875,0.125,1.3486175434808079e-64
4010,prot-private,24,23,1,8045,762,2.1784959602237413,1.1233324379395262,0.7174205323835983,0.9583333333333334,0.041666666666666664,6.388400221161359e-26
4011,dna-private,102,95,7,7973,756,1.2868430954471342,0.3638361567287005,0.7214516965910864,0.9313725490196079,0.06862745098039216,6.388400221161359e-26
4012,dna-private,42,41,1,8027,762,3.8921141148623395,1.9605540098447405,0.2616948784456305,0.9761904761904762,0.023809523809523808,6.137591276259506e-74
4013,dead,12,11,1,8057,762,1.0403375946382027,0.05705176594078467,1.0,0.9166666666666666,0.08333333333333333,1.499676973186056e-14
4015,dna-private,20,16,4,8052,759,0.3770491803278688,-1.4071753815058734,0.08818066269357304,0.8,0.2,6.137591276259506e-74
4016,dna-private,19,13,6,8055,757,0.20362093937512932,-2.2960421661882635,0.0041497281057160836,0.6842105263157895,0.3157894736842105,6.137591276259506e-74
4017,dna-private,18,16,2,8052,761,0.7560854446100348,-0.40337881341779425,0.6651558352122813,0.8888888888888888,0.1111111111111111,6.388400221161359e-26
4018,dna-private,23,18,5,8050,758,0.33898136645962734,-1.5607221231633,0.043210400933891426,0.782608695652174,0.21739130434782608,6.137591276259506e-74
4019,dna-private,88,86,2,7982,761,4.099599097970433,2.035482834694372,0.033050067132208386,0.9772727272727273,0.022727272727272728,6.137591276259506e-74
4020,shared,39,37,2,8031,761,1.7530195492466691,0.8098420847705613,0.7717129128023361,0.9487179487179487,0.05128205128205128,6.388400221161359e-26
4021,dna-private,34,27,7,8041,756,0.3626414625046636,-1.4633842102627974,0.023897733564864732,0.7941176470588235,0.20588235294117646,6.137591276259506e-74
4022,dna-private,378,372,6,7696,757,6.098492723492724,2.608452716602565,5.572920895347396e-09,0.9841269841269841,0.015873015873015872,6.137591276259506e-74
4024,dna-private,27,23,4,8045,759,0.5424798011187073,-0.8823586741383294,0.28746707582594033,0.8518518518518519,0.14814814814814814,1.3486175434808079e-64
4025,dna-private,11,9,2,8059,761,0.424928651197419,-1.2347074729427345,0.24486416172403402,0.8181818181818182,0.18181818181818182,6.137591276259506e-74
4026,prot-private,12,12,0,8056,763,2.369204989759821,1.2444030296948858,0.6160300460842021,1.0,0.0,6.388400221161359e-26
4027,dna-private,31,30,1,8038,762,2.8439910425478976,1.5079169210430954,0.5158143009548789,0.967741935483871,0.03225806451612903,1.3486175434808079e-64
4028,dna-private,44,41,3,8027,760,1.2939661974170509,0.37179992996121036,1.0,0.9318181818181818,0.06818181818181818,0.521264801956407
4029,dna-private,53,49,4,8019,759,1.1594650205761317,0.21345929656644014,1.0,0.9245283018867925,0.07547169811320754,0.521264801956407
4030,dna-private,33,32,1,8036,762,3.0343454454952714,1.60138533876003,0.35982551827944353,0.9696969696969697,0.030303030303030304,1.3486175434808079e-64
4031,dna-private,256,246,10,7822,753,2.3681667092815135,1.2437706443908603,0.00444788779811604,0.9609375,0.0390625,6.137591276259506e-74
4032,dna-private,45,43,2,8025,761,2.038816199376947,1.0277317213086157,0.43037991709652534,0.9555555555555556,0.044444444444444446,1.3486175434808079e-64
4034,prot-private,19,17,2,8051,761,0.8034405663892684,-0.3157367887801676,0.677113499984792,0.8947368421052632,0.10526315789473684,6.388400221161359e-26
4036,prot-private,410,363,47,7705,716,0.7177102461789112,-0.4785265778197778,0.046955564905638396,0.8853658536585366,0.11463414634146342,6.137591276259506e-74
4037,shared,27,25,2,8043,761,1.1827054581623773,0.2420908285745528,1.0,0.9259259259259259,0.07407407407407407,1.499676973186056e-14
4038,dna-private,63,56,7,8012,756,0.7548676984523215,-0.4057042815916351,0.495063345477411,0.8888888888888888,0.1111111111111111,1.3486175434808079e-64
4039,dna-private,718,702,16,7366,747,4.449446782514254,2.1536259711940597,2.3457190131206796e-13,0.9777158774373259,0.022284122562674095,6.137591276259506e-74
4040,dna-private,29,23,6,8045,757,0.3607002278848146,-1.4711277602892203,0.03469919040833027,0.7931034482758621,0.20689655172413793,6.137591276259506e-74
4041,prot-private,83,78,5,7990,758,1.4799499374217773,0.5655483743306386,0.5539199530397394,0.9397590361445783,0.060240963855421686,6.388400221161359e-26
4042,prot-private,38,36,2,8032,761,1.7054282868525896,0.7701340909950858,0.7693366757055152,0.9473684210526315,0.05263157894736842,6.388400221161359e-26
4043,dna-private,19,18,1,8050,762,1.7038509316770187,0.7687991210462928,1.0,0.9473684210526315,0.05263157894736842,1.499676973186056e-14
4044,dna-private,18,16,2,8052,761,0.7560854446100348,-0.40337881341779425,0.6651558352122813,0.8888888888888888,0.1111111111111111,6.388400221161359e-26
4045,dna-private,21,16,5,8052,758,0.3012419274714357,-1.7310055136376103,0.03013179244691118,0.7619047619047619,0.23809523809523808,6.137591276259506e-74
4046,dna-private,72,69,3,7999,760,2.1852731591448933,1.1278136278779793,0.2096525164776119,0.9583333333333334,0.041666666666666664,6.137591276259506e-74
4047,dna-private,98,92,6,7976,757,1.4552825142092944,0.5412992509233923,0.47042217692582067,0.9387755102040817,0.061224489795918366,1.3486175434808079e-64
4048,dna-private,97,94,3,7974,760,2.9863723768915644,1.5783940692900984,0.04571997923570524,0.9690721649484536,0.030927835051546393,6.137591276259506e-74
4049,prot-private,53,37,16,8031,747,0.21509618976466194,-2.216946125943747,5.795396715686615e-06,0.6981132075471698,0.3018867924528302,6.137591276259506e-74
4050,prot-private,44,37,7,8031,756,0.49757190885319386,-1.0070230565695157,0.09972989598360424,0.8409090909090909,0.1590909090909091,6.137591276259506e-74
4051,dna-private,171,162,9,7906,754,1.7166708828737667,0.7796134748913629,0.1296921792335125,0.9473684210526315,0.05263157894736842,6.137591276259506e-74
4052,dna-private,14,13,1,8055,762,1.2297951582867783,0.29841803204048295,1.0,0.9285714285714286,0.07142857142857142,1.499676973186056e-14
4053,dna-private,31,25,6,8043,757,0.3921629574371089,-1.3504748256644172,0.046486763060295866,0.8064516129032258,0.1935483870967742,6.137591276259506e-74
4054,dna-private,39,31,8,8037,755,0.3640195346522334,-1.4579122219642189,0.016570423611427704,0.7948717948717948,0.20512820512820512,6.137591276259506e-74
4055,dna-private,25,24,1,8044,762,2.2734957732471406,1.1849123219091262,0.7193889252568892,0.96,0.04,6.388400221161359e-26
4056,dna-private,22,21,1,8047,762,1.988567167888654,0.9917292929167254,1.0,0.9545454545454546,0.045454545454545456,1.499676973186056e-14
4057,prot-private,20,19,1,8049,762,1.798732761833768,0.8469808609552302,1.0,0.95,0.05,1.499676973186056e-14
4058,dna-private,23,20,3,8048,760,0.629555997349238,-0.667593387308373,0.4442764268572269,0.8695652173913043,0.13043478260869565,1.3486175434808079e-64
4059,shared,15,15,0,8053,763,2.9389085490780404,1.5552804669020328,0.6340216938892271,1.0,0.0,6.388400221161359e-26
4060,prot-private,62,59,3,8009,760,1.8662338202855122,0.9001297526598621,0.3681670075315167,0.9516129032258065,0.04838709677419355,1.3486175434808079e-64
4061,dna-private,33,26,7,8042,756,0.3491668739119622,-1.5180114004957996,0.02045338416886959,0.7878787878787878,0.21212121212121213,6.137591276259506e-74
4062,dna-private,149,129,20,7939,743,0.6036465549817357,-0.7282240198855134,0.053643183799031095,0.8657718120805369,0.1342281879194631,6.137591276259506e-74
4063,dead,26,25,1,8043,762,2.36851920925028,1.2439853725643295,0.7222754442803372,0.9615384615384616,0.038461538461538464,6.388400221161359e-26
4064,dna-private,47,42,5,8026,758,0.7933217044605033,-0.3340220747175058,0.598894847488208,0.8936170212765957,0.10638297872340426,6.388400221161359e-26
4065,dead,31,28,3,8040,760,0.8822553897180763,-0.18073175639889522,0.7471571356606916,0.9032258064516129,0.0967741935483871,6.388400221161359e-26
4066,prot-private,46,40,6,8028,757,0.6286331174223551,-0.6697098172106793,0.2861923865624174,0.8695652173913043,0.13043478260869565,1.3486175434808079e-64
4067,dna-private,18,13,5,8055,758,0.24466790813159528,-2.0311032121691097,0.01573344202619005,0.7222222222222222,0.2777777777777778,6.137591276259506e-74
4068,shared,16,15,1,8053,762,1.4193468272693406,0.5052271650451089,1.0,0.9375,0.0625,1.499676973186056e-14
4069,dna-private,63,60,3,8008,760,1.898101898101898,0.9245574443823166,0.3685680573327895,0.9523809523809523,0.047619047619047616,1.3486175434808079e-64
4070,dna-private,227,223,4,7845,759,5.393785850860421,2.431298243480311,2.017107583172654e-05,0.9823788546255506,0.01762114537444934,6.137591276259506e-74
4071,dna-private,79,60,19,8008,744,0.2933908197066092,-1.769104365563029,3.03311051560258e-05,0.759493670886076,0.24050632911392406,6.137591276259506e-74
4072,dna-private,31,26,5,8042,758,0.49012683412086544,-1.028772959375539,0.18492513850854314,0.8387096774193549,0.16129032258064516,6.137591276259506e-74
4073,prot-private,34,17,17,8051,746,0.0926592969817414,-3.431920453278815,4.0113957126379525e-10,0.5,0.5,6.137591276259506e-74
4074,dna-private,10,10,0,8058,763,1.9896382701495317,0.9925061627800148,1.0,1.0,0.0,1.499676973186056e-14
4075,dna-private,33,30,3,8038,760,0.9455088330430456,-0.08083715884043495,0.7604116415681585,0.9090909090909091,0.09090909090909091,6.388400221161359e-26
4076,dna-private,47,44,3,8024,760,1.3891658358258558,0.47421883563490835,0.7953470201404591,0.9361702127659575,0.06382978723404255,6.388400221161359e-26
4077,dna-private,144,142,2,7926,761,6.816931617461519,2.7691225110402438,0.00044535728303224343,0.9861111111111112,0.013888888888888888,6.137591276259506e-74
4078,shared,29,26,3,8042,760,0.8190334079416397,-0.2880057950494767,0.7354723604369783,0.896551724137931,0.10344827586206896,6.388400221161359e-26
4079,shared,38,37,1,8031,762,3.5106462457975347,1.811736628760338,0.2528650305028388,0.9736842105263158,0.02631578947368421,6.137591276259506e-74
4080,prot-private,68,60,8,8008,755,0.7071053946053946,-0.5000028290150338,0.3808286579950215,0.8823529411764706,0.11764705882352941,1.3486175434808079e-64
4081,prot-private,12,12,0,8056,763,2.369204989759821,1.2444030296948858,0.6160300460842021,1.0,0.0,6.388400221161359e-26
4082,prot-private,375,352,23,7716,740,1.4677575675614758,0.5536136950474929,0.09002577561374367,0.9386666666666666,0.06133333333333333,6.137591276259506e-74
4083,shared,19,17,2,8051,761,0.8034405663892684,-0.3157367887801676,0.677113499984792,0.8947368421052632,0.10526315789473684,6.388400221161359e-26
4084,dna-private,60,58,2,8010,761,2.7551810237203496,1.462147111335045,0.16955229586736598,0.9666666666666667,0.03333333333333333,6.137591276259506e-74
4086,dead,43,40,3,8028,760,1.2622487958810829,0.3359963011345369,1.0,0.9302325581395349,0.06976744186046512,1.499676973186056e-14
4087,dna-private,268,228,40,7840,723,0.5256505102040816,-0.9278241827740735,0.0005524513802304789,0.8507462686567164,0.14925373134328357,6.137591276259506e-74
4088,dna-private,62,49,13,8019,750,0.35252813030590807,-1.5041897116068752,0.0020937716647432413,0.7903225806451613,0.20967741935483872,6.137591276259506e-74
4089,dna-private,45,37,8,8031,755,0.43479952683352013,-1.2015777245205428,0.05379281577334315,0.8222222222222222,0.17777777777777778,6.137591276259506e-74
4090,dna-private,22,19,3,8049,760,0.598003892823125,-0.7417732189283001,0.43163260794238584,0.8636363636363636,0.13636363636363635,1.3486175434808079e-64
4091,dna-private,18,15,3,8053,760,0.4718738358375761,-1.0835269148384212,0.19951958732975172,0.8333333333333334,0.16666666666666666,6.137591276259506e-74
4092,dna-private,492,479,13,7589,750,3.6414040564785064,1.8644948335962452,5.153380304548419e-08,0.9735772357723578,0.026422764227642278,6.137591276259506e-74
4093,dna-private,42,41,1,8027,762,3.8921141148623395,1.9605540098447405,0.2616948784456305,0.9761904761904762,0.023809523809523808,6.137591276259506e-74
4095,dna-private,81,75,6,7993,757,1.1838483673214062,0.24348430586321831,0.8434044002290152,0.9259259259259259,0.07407407407407407,1.499676973186056e-14
