feature,category,n_active,active_path,active_ben,inactive_path,inactive_ben,odds_ratio,log2_or,p_value,path_rate_active,ben_rate_active,q_value
0,prot-private,13,12,1,8056,762,1.1350546176762661,0.18276172020769355,1.0,0.9230769230769231,0.07692307692307693,1.0
1,dna-private,34,30,4,8038,759,0.708198556854939,-0.49777419103476034,0.5325881344964782,0.8823529411764706,0.11764705882352941,0.8448103853951691
2,prot-private,51,30,21,8038,742,0.13187360039810897,-2.922772312608184,3.3469210082773194e-10,0.5882352941176471,0.4117647058823529,1.8073373444697527e-08
3,prot-private,40,39,1,8029,762,3.7013326690746045,1.8880448082821413,0.2551092409239627,0.975,0.025,0.5513510181203997
4,dna-private,67,49,18,8019,745,0.2529062920009422,-1.9833251649418144,9.544541450111206e-06,0.7313432835820896,0.26865671641791045,0.0001678063566577691
5,dna-private,23,21,2,8047,761,0.9929787498446626,-0.010165251073051074,1.0,0.9130434782608695,0.08695652173913043,1.0
6,prot-private,1159,1080,79,6988,684,1.3381348133871447,0.4202234708428663,0.01834117345983952,0.9318377911993098,0.06816220880069025,0.09243951423759118
7,dna-private,36,33,3,8035,760,1.0404480398257623,0.05720491840578896,1.0,0.9166666666666666,0.08333333333333333,1.0
8,prot-private,35,21,14,8047,749,0.13961724866409841,-2.8404509081754497,4.765024941496452e-07,0.6,0.4,1.2595660334864748e-05
9,dna-private,24,22,2,8046,761,1.0403927417350236,0.05712823951521257,1.0,0.9166666666666666,0.08333333333333333,1.0
11,dna-private,17,12,5,8056,758,0.22581926514399206,-2.146759524001899,0.0122129485169433,0.7058823529411765,0.29411764705882354,0.06900589744999354
12,dna-private,24,23,1,8045,762,2.1784959602237413,1.1233324379395262,0.7174205323835983,0.9583333333333334,0.041666666666666664,0.929036603167421
14,dna-private,42,36,6,8032,757,0.5654880478087649,-0.8224315632438842,0.17278394087249122,0.8571428571428571,0.14285714285714285,0.4404068081577996
15,dna-private,116,114,2,7954,761,5.453482524515967,2.4471778108630757,0.003979226354226939,0.9827586206896551,0.017241379310344827,0.029377882068316076
16,dna-private,38,38,0,8030,763,7.320777037544362,2.871996786312047,0.07363254662948548,1.0,0.0,0.2503486156443436
17,dna-private,380,352,28,7716,735,1.1975116640746502,0.2600397082543165,0.4018469905408186,0.9263157894736842,0.07368421052631578,0.7185975427578808
19,prot-private,16,15,1,8053,762,1.4193468272693406,0.5052271650451089,1.0,0.9375,0.0625,1.0
20,dna-private,59,53,6,8015,757,0.834289873154502,-0.26137936121413574,0.6397721118409453,0.8983050847457628,0.1016949152542373,0.8944167861510463
21,dna-private,71,64,7,8004,756,0.863568215892054,-0.21161794974227255,0.6702707107429249,0.9014084507042254,0.09859154929577464,0.9071332927347855
23,prot-private,127,125,2,7943,761,5.987976834949012,2.5820686402058106,0.0020131556070328723,0.984251968503937,0.015748031496062992,0.017294836805873313
24,prot-private,20,20,0,8048,763,3.8893582655153134,1.9595321337374263,0.4103003441798839,1.0,0.0,0.7243976184025975
25,dna-private,18,16,2,8052,761,0.7560854446100348,-0.40337881341779425,0.6651558352122813,0.8888888888888888,0.1111111111111111,0.901825343293552
26,dna-private,546,534,12,7534,751,4.435824263339527,2.149202210533277,2.5952578376837907e-10,0.978021978021978,0.02197802197802198,1.4641902427529446e-08
27,dna-private,17,10,7,8058,756,0.1340282948622487,-2.8993904930977674,0.0003140933090395886,0.5882352941176471,0.4117647058823529,0.0036974918726525577
28,prot-private,19,16,3,8052,760,0.5033946017552575,-0.990238349311548,0.22277766157339868,0.8421052631578947,0.15789473684210525,0.5159923779089749
29,prot-private,258,251,7,7817,756,3.4678265319176154,1.7940317336804479,0.00016988937237279444,0.9728682170542635,0.027131782945736434,0.0021917468517718875
30,dna-private,54,50,4,8018,759,1.1832751309553504,0.24278556303942034,1.0,0.9259259259259259,0.07407407407407407,1.0
31,prot-private,50,45,5,8023,758,0.8503053720553408,-0.2339470423064658,0.6175136262134565,0.9,0.1,0.8877285057891666
32,prot-private,61,56,5,8012,758,1.0596105841238144,0.08353415952862589,1.0,0.9180327868852459,0.08196721311475409,1.0
34,dna-private,176,164,12,7904,751,1.2985408232118758,0.3768913698265216,0.49669887612737595,0.9318181818181818,0.06818181818181818,0.8131319843055353
35,dna-private,30,26,4,8042,759,0.6134667993036558,-0.7049428272438021,0.3239706779083888,0.8666666666666667,0.13333333333333333,0.6381496417372119
36,prot-private,15,15,0,8053,763,2.9389085490780404,1.5552804669020328,0.6340216938892271,1.0,0.0,0.8912614365568161
37,dna-private,41,36,5,8032,758,0.6794820717131475,-0.5574926092247302,0.39759452388256966,0.8780487804878049,0.12195121951219512,0.714649215537857
38,dna-private,26,24,2,8044,761,1.1352560914967678,0.1830177779193497,1.0,0.9230769230769231,0.07692307692307693,1.0
39,prot-private,17,16,1,8052,762,1.5141579731743666,0.5985157305719824,1.0,0.9411764705882353,0.058823529411764705,1.0
41,dna-private,35,24,11,8044,752,0.20396907915555354,-2.2935776325438555,0.00011235268131752097,0.6857142857142857,0.3142857142857143,0.001516761197786533
42,prot-private,36,34,2,8034,761,1.6102813044560618,0.6873127387084181,0.7660921570241743,0.9444444444444444,0.05555555555555555,0.9627088941327722
43,dna-private,43,29,14,8039,749,0.19299664137330513,-2.37335235369576,8.359668764011895e-06,0.6744186046511628,0.32558139534883723,0.00014923882233249238
44,prot-private,29,29,0,8039,763,5.603146961875739,2.486237332723165,0.17242845368326137,1.0,0.0,0.44009423019765564
45,dna-private,50,46,4,8022,759,1.0880703066566941,0.12177178065797026,1.0,0.92,0.08,1.0
47,dna-private,55,52,3,8016,760,1.6433799068529606,0.7166660325556753,0.6268287249000257,0.9454545454545454,0.05454545454545454,0.8877529337287737
48,dna-private,38,31,7,8037,756,0.4165733482642777,-1.2633575540131914,0.0416105135163432,0.8157894736842105,0.18421052631578946,0.1696739386103315
49,dna-private,45,38,7,8030,756,0.5110834371108344,-0.9683692567976228,0.10628230294690233,0.8444444444444444,0.15555555555555556,0.3164548857322689
50,dna-private,50,48,2,8020,761,2.2773067331670824,1.1873286228824191,0.3179051122649078,0.96,0.04,0.6325493218904421
51,dna-private,14,11,3,8057,760,0.34586901659012864,-1.5317023139427457,0.1142871290727978,0.7857142857142857,0.21428571428571427,0.3309938352826966
52,dna-private,77,66,11,8002,752,0.5638590352411897,-0.8265935609468082,0.09802378585882451,0.8571428571428571,0.14285714285714285,0.3014889426740087
53,prot-private,52,50,2,8018,761,2.3727862309802945,1.2465821311274996,0.3195524912756258,0.9615384615384616,0.038461538461538464,0.6337399879443156
54,prot-private,21,17,4,8051,759,0.4006645137250031,-1.3195333568682468,0.10183922039866987,0.8095238095238095,0.19047619047619047,0.30697946818737804
55,dna-private,51,46,5,8022,758,0.8693093991523311,-0.20205835147376677,0.8002634787141999,0.9019607843137255,0.09803921568627451,0.9830991061227415
57,dna-private,30,27,3,8041,760,0.8506404676035318,-0.2333786048164745,0.741081562259439,0.9,0.1,0.9438302915568327
58,dna-private,30,26,4,8042,759,0.6134667993036558,-0.7049428272438021,0.3239706779083888,0.8666666666666667,0.13333333333333333,0.6381496417372119
59,dna-private,54,46,8,8022,755,0.5411680378957866,-0.8858514605450548,0.13660272178412627,0.8518518518518519,0.14814814814814814,0.37580661451528186
60,dna-private,174,165,9,7903,754,1.7491248049263992,0.8066332332415627,0.13156033951334317,0.9482758620689655,0.05172413793103448,0.36608507770581933
61,prot-private,11,10,1,8058,762,0.9456440804169769,-0.08063080776791416,1.0,0.9090909090909091,0.09090909090909091,1.0
62,dna-private,82,61,21,8007,742,0.2691811331751384,-1.8933507994581933,4.0421654274015e-06,0.7439024390243902,0.25609756097560976,8.084330854802999e-05
63,dna-private,24,21,3,8047,760,0.6611159438299987,-0.5970247869668049,0.45796208248726505,0.875,0.125,0.771541675614701
64,dna-private,52,37,15,8031,748,0.2297430789025858,-2.121906694453866,2.0851554630046128e-05,0.7115384615384616,0.28846153846153844,0.00033827843992092
65,dna-private,41,37,4,8031,759,0.8742062009712365,-0.19395448331751783,0.7777676696173981,0.9024390243902439,0.0975609756097561,0.9693246921047691
66,dna-private,47,43,4,8025,759,1.016728971962617,0.02393515322053655,1.0,0.9148936170212766,0.0851063829787234,1.0
67,dna-private,13,11,2,8057,761,0.5194861611021472,-0.9448427780489919,0.31132490475252955,0.8461538461538461,0.15384615384615385,0.6226498095050591
68,dna-private,20,18,2,8050,761,0.850807453416149,-0.2330954229434839,0.689509959490357,0.9,0.1,0.9164372879302213
69,prot-private,21,20,1,8048,762,1.893638170974155,0.9211606925751572,1.0,0.9523809523809523,0.047619047619047616,1.0
70,prot-private,67,64,3,8004,760,2.025653839746793,1.0183876557040503,0.27895832645209456,0.9552238805970149,0.04477611940298507,0.577637734577502
71,dna-private,54,49,5,8019,758,0.9263499189425115,-0.11037083556529682,0.8072869656177273,0.9074074074074074,0.09259259259259259,0.987235435145587
72,dna-private,161,154,7,7914,756,2.1015921152388173,1.071482692885669,0.04747176240900465,0.9565217391304348,0.043478260869565216,0.18347981789983392
73,prot-private,10,10,0,8058,763,1.9896382701495317,0.9925061627800148,1.0,1.0,0.0,1.0
75,dna-private,75,72,3,7996,760,2.2811405702851424,1.1897553523074762,0.21177355882808813,0.96,0.04,0.49903027017397994
76,dna-private,32,29,3,8039,760,0.9138781772193888,-0.12992623248711502,0.7536237834637938,0.90625,0.09375,0.9524232368750051
77,dna-private,260,234,26,7834,737,0.8466938983916262,-0.24008760241336438,0.4319600100760273,0.9,0.1,0.7488214573864685
78,dna-private,14,13,1,8055,762,1.2297951582867783,0.29841803204048295,1.0,0.9285714285714286,0.07142857142857142,1.0
79,dna-private,86,79,7,7989,756,1.0679684566278633,0.0948690364088011,1.0,0.9186046511627907,0.08139534883720931,1.0
80,dna-private,19,16,3,8052,760,0.5033946017552575,-0.990238349311548,0.22277766157339868,0.8421052631578947,0.15789473684210525,0.5159923779089749
81,dna-private,70,66,4,8002,759,1.5650462384403898,0.6462052814283178,0.5213085110320503,0.9428571428571428,0.05714285714285714,0.8346235373575394
82,dna-private,79,76,3,7992,760,2.4090757424090756,1.2684797532609589,0.15704646790986793,0.9620253164556962,0.0379746835443038,0.4157112385849445
83,dna-private,73,57,16,8011,747,0.33219167394832105,-1.5899121808405348,0.00039900932021114566,0.7808219178082192,0.2191780821917808,0.00443604479528862
85,dna-private,209,199,10,7869,753,1.9042699199390012,0.9292379873420743,0.04538635913440443,0.9521531100478469,0.04784688995215311,0.17796725884652362
86,dna-private,119,98,21,7970,742,0.4344625679631953,-1.202696210920583,0.001437982568296859,0.8235294117647058,0.17647058823529413,0.013161196387801761
87,prot-private,28,25,3,8043,760,0.787434207799743,-0.344768707319201,0.7304102003319707,0.8928571428571429,0.10714285714285714,0.935915443137237
88,dna-private,48,42,6,8026,757,0.6602292549215051,-0.5989610287366596,0.3032400519170813,0.875,0.125,0.6159308953501168
89,dna-private,36,36,0,8032,763,6.93874883286648,2.7946755453180945,0.07033340726884621,1.0,0.0,0.24191108232596784
90,dna-private,45,40,5,8028,758,0.7553562531141006,-0.4047708631915255,0.5891647220141945,0.8888888888888888,0.1111111111111111,0.8877285057891666
91,dna-private,27,18,9,8050,754,0.18732919254658384,-2.4163523546206775,0.0002880314748618313,0.6666666666666666,0.3333333333333333,0.003434570898983351
92,dna-private,198,189,9,7879,754,2.0096458941490036,1.006941316448635,0.03953172404971886,0.9545454545454546,0.045454545454545456,0.16384859310080843
93,dna-private,77,70,7,7998,756,0.9452363090772693,-0.08125304670169435,0.8380868188772468,0.9090909090909091,0.09090909090909091,1.0
94,dna-private,79,72,7,7996,756,0.9724862431215607,-0.04025025313884677,0.841589139302046,0.9113924050632911,0.08860759493670886,1.0
95,prot-private,10,10,0,8058,763,1.9896382701495317,0.9925061627800148,1.0,1.0,0.0,1.0
96,dna-private,36,28,8,8040,755,0.32866915422885573,-1.6052920297962456,0.01024865593509701,0.7777777777777778,0.2222222222222222,0.06100774714120741
97,dna-private,12,10,2,8058,761,0.47220153884338545,-1.0825253517576907,0.27814822883872553,0.8333333333333334,0.16666666666666666,0.577637734577502
99,dna-private,29,27,2,8041,761,1.2776395970650416,0.3534809310772793,1.0,0.9310344827586207,0.06896551724137931,1.0
100,dna-private,75,65,10,8003,753,0.6115831563163814,-0.7093794210752576,0.14712020428753547,0.8666666666666667,0.13333333333333333,0.3984695130183356
101,prot-private,80,78,2,7990,761,3.714518147684606,1.8931750745504548,0.045117542862331314,0.975,0.025,0.17746546516088696
102,prot-private,18,17,1,8051,762,1.6089926717177991,0.6861577552096091,1.0,0.9444444444444444,0.05555555555555555,1.0
103,prot-private,19,18,1,8050,762,1.7038509316770187,0.7687991210462928,1.0,0.9473684210526315,0.05263157894736842,1.0
104,dna-private,30,29,1,8039,762,2.7488493593730565,1.4588278473964156,0.5123772522077924,0.9666666666666667,0.03333333333333333,0.8255694856544993
105,dna-private,52,50,2,8018,761,2.3727862309802945,1.2465821311274996,0.3195524912756258,0.9615384615384616,0.038461538461538464,0.6337399879443156
106,prot-private,114,113,1,7955,762,10.824135763670647,3.4361799346900996,0.0006289378012555562,0.9912280701754386,0.008771929824561403,0.006531364152254217
107,prot-private,38,33,5,8035,758,0.6226260112009957,-0.6835622459202733,0.3755053214500226,0.868421052631579,0.13157894736842105,0.701027723275896
108,prot-private,33,20,13,8048,750,0.143370545955039,-2.8021794276760135,1.5140457786637842e-06,0.6060606060606061,0.3939393939393939,3.427001822364733e-05
109,dna-private,12,11,1,8057,762,1.0403375946382027,0.05705176594078467,1.0,0.9166666666666666,0.08333333333333333,1.0
110,prot-private,10,10,0,8058,763,1.9896382701495317,0.9925061627800148,1.0,1.0,0.0,1.0
111,prot-private,24,24,0,8044,763,4.650568711542047,2.2174071521673038,0.26199068748151555,1.0,0.0,0.5607728191846709
112,dna-private,400,371,29,7697,734,1.219973747048783,0.2868501023700896,0.3619893855163485,0.9275,0.0725,0.6895287838747061
113,dna-private,152,139,13,7929,750,1.0113798422538491,0.016324929602932612,1.0,0.9144736842105263,0.08552631578947369,1.0
114,dna-private,44,38,6,8030,757,0.5970527189705271,-0.744069769696516,0.27219974523256757,0.8636363636363636,0.13636363636363635,0.5748128698207293
115,dna-private,59,57,2,8011,761,2.707339907627013,1.4368760298737735,0.2386021978668214,0.9661016949152542,0.03389830508474576,0.5420170119811207
116,prot-private,260,254,6,7814,757,4.101143247163211,2.0360261358530685,4.171769376550027e-05,0.9769230769230769,0.023076923076923078,0.0006436444180962899
117,dna-private,39,38,1,8030,762,3.605977584059776,1.8503904285322308,0.2534186687730674,0.9743589743589743,0.02564102564102564,0.5502139965319901
118,prot-private,96,87,9,7981,754,0.9132523075637974,-0.1309146009601935,0.7160565288786385,0.90625,0.09375,0.929036603167421
119,dna-private,12,11,1,8057,762,1.0403375946382027,0.05705176594078467,1.0,0.9166666666666666,0.08333333333333333,1.0
120,dna-private,15,13,2,8055,761,0.614090626939789,-0.7034765119492934,0.37647785138890716,0.8666666666666667,0.13333333333333333,0.701027723275896
121,dna-private,443,434,9,7634,754,4.7628445841702325,2.251823473055273,5.5311519371183375e-09,0.9796839729119639,0.020316027088036117,2.2242291832241825e-07
122,dna-private,43,40,3,8028,760,1.2622487958810829,0.3359963011345369,1.0,0.9302325581395349,0.06976744186046512,1.0
124,prot-private,131,129,2,7939,761,6.182705630432045,2.6282383179667983,0.0013721076110763692,0.9847328244274809,0.015267175572519083,0.012657414008470815
125,dna-private,11,11,0,8057,763,2.179398076326404,1.1239297349069568,0.6147434751291604,1.0,0.0,0.8877285057891666
126,dna-private,43,39,4,8029,759,0.9216901233030266,-0.11764630379571438,0.7852915920495436,0.9069767441860465,0.09302325581395349,0.973246628835172
127,prot-private,28,26,2,8042,761,1.2301666252176076,0.29885374084427707,1.0,0.9285714285714286,0.07142857142857142,1.0
128,dna-private,55,52,3,8016,760,1.6433799068529606,0.7166660325556753,0.6268287249000257,0.9454545454545454,0.05454545454545454,0.8877529337287737
129,dna-private,43,40,3,8028,760,1.2622487958810829,0.3359963011345369,1.0,0.9302325581395349,0.06976744186046512,1.0
130,prot-private,71,71,0,7997,763,13.651828696467646,3.771022311572205,0.0024952825798590364,1.0,0.0,0.020142993006114353
131,prot-private,21,18,3,8050,760,0.5664596273291925,-0.8199549588372377,0.42023358676848527,0.8571428571428571,0.14285714285714285,0.7371150617099185
132,dna-private,77,71,6,7997,757,1.120149222625151,0.16369093621236583,1.0,0.922077922077922,0.07792207792207792,1.0
133,prot-private,53,38,15,8030,748,0.23598173515981735,-2.0832528946819733,2.6794774859398556e-05,0.7169811320754716,0.2830188679245283,0.00042556407129633
134,prot-private,21,21,0,8047,763,4.079589934762349,2.028424145133909,0.25142759190310204,1.0,0.0,0.549679755577632
135,dna-private,39,34,5,8034,758,0.6415733134179736,-0.640313961511398,0.3819673631645426,0.8717948717948718,0.1282051282051282,0.7088054161816254
137,prot-private,16,14,2,8054,761,0.6614104792649615,-0.5963821913846045,0.6433648787155277,0.875,0.125,0.8944167861510463
138,dna-private,27,26,1,8042,762,2.463566277045511,1.3007482848340537,0.7259809616915744,0.9629629629629629,0.037037037037037035,0.9324526113469763
139,prot-private,18,17,1,8051,762,1.6089926717177991,0.6861577552096091,1.0,0.9444444444444444,0.05555555555555555,1.0
140,prot-private,18,18,0,8050,763,3.509036705794671,1.8110750389315806,0.39580838671128105,1.0,0.0,0.7127945220431836
141,dna-private,71,67,4,8001,759,1.588957630296213,0.6680806556011564,0.5225147863081439,0.9436619718309859,0.056338028169014086,0.8347869367053186
142,dna-private,11,9,2,8059,761,0.424928651197419,-1.2347074729427345,0.24486416172403402,0.8181818181818182,0.18181818181818182,0.5452454052117999
143,dna-private,13,12,1,8056,762,1.1350546176762661,0.18276172020769355,1.0,0.9230769230769231,0.07692307692307693,1.0
144,prot-private,28,21,7,8047,756,0.2818441655275258,-1.827030392413128,0.008260486769425156,0.75,0.25,0.05169642382189916
145,prot-private,10,10,0,8058,763,1.9896382701495317,0.9925061627800148,1.0,1.0,0.0,1.0
148,dna-private,237,211,26,7857,737,0.7612369175943059,-0.3935825654105898,0.1967652561855332,0.890295358649789,0.10970464135021098,0.482655852291574
149,prot-private,16,15,1,8053,762,1.4193468272693406,0.5052271650451089,1.0,0.9375,0.0625,1.0
150,prot-private,14,14,0,8054,763,2.748960208579055,1.4588860238748205,0.6261069302735234,1.0,0.0,0.8877285057891666
152,dna-private,43,34,9,8034,754,0.35454872348076233,-1.4959441929687753,0.009926131263223923,0.7906976744186046,0.20930232558139536,0.05965147245625824
153,prot-private,61,41,20,8027,743,0.18975333250280305,-2.3978028719973477,8.67560837099875e-08,0.6721311475409836,0.32786885245901637,2.755781482552544e-06
154,prot-private,44,43,1,8025,762,4.082990654205608,2.029626265298392,0.17742282268571727,0.9772727272727273,0.022727272727272728,0.44562011279203406
155,dna-private,179,158,21,7910,742,0.7057732827644332,-0.5027232773410083,0.13884943920212128,0.88268156424581,0.11731843575418995,0.37950172102965907
156,dna-private,60,57,3,8011,760,1.802521532892273,0.8500164939800197,0.48531791239479105,0.95,0.05,0.7996956010690106
157,prot-private,48,46,2,8022,761,2.181874844178509,1.1255683487460493,0.43485333151682726,0.9583333333333334,0.041666666666666664,0.7509116460180937
158,dna-private,39,34,5,8034,758,0.6415733134179736,-0.640313961511398,0.3819673631645426,0.8717948717948718,0.1282051282051282,0.7088054161816254
159,dna-private,25,22,3,8046,760,0.692683735189328,-0.5297312963785412,0.4725039628434682,0.88,0.12,0.7854287509007519
160,prot-private,147,139,8,7929,755,1.6544488586202548,0.7263506965732227,0.1841090581290563,0.9455782312925171,0.05442176870748299,0.45966462333410363
161,dna-private,10,7,3,8061,760,0.21998924864574287,-2.1844950770669267,0.04865901572148691,0.7,0.3,0.18597682449668407
162,dna-private,50,42,8,8026,755,0.4938636929977573,-1.0178151837887939,0.073779988843333,0.84,0.16,0.2503486156443436
163,prot-private,10,9,1,8059,762,0.8509740662613228,-0.2328129289529579,0.59509736615207,0.9,0.1,0.8877285057891666
164,dna-private,28,25,3,8043,760,0.787434207799743,-0.344768707319201,0.7304102003319707,0.8928571428571429,0.10714285714285714,0.935915443137237
165,prot-private,10,9,1,8059,762,0.8509740662613228,-0.2328129289529579,0.59509736615207,0.9,0.1,0.8877285057891666
166,dna-private,79,69,10,7999,753,0.6495436929616202,-0.6225015199472468,0.2224325261445549,0.8734177215189873,0.12658227848101267,0.5159923779089749
167,dna-private,12,12,0,8056,763,2.369204989759821,1.2444030296948858,0.6160300460842021,1.0,0.0,0.8877285057891666
168,dna-private,28,22,6,8046,757,0.34497472864363243,-1.5354374147237575,0.02960893992727668,0.7857142857142857,0.21428571428571427,0.13105596361253613
169,dna-private,143,135,8,7933,755,1.6060286146476743,0.6834975976139642,0.22975462236748567,0.9440559440559441,0.055944055944055944,0.5305268616671325
170,dna-private,254,243,11,7825,752,2.122985768225385,1.0860946999387782,0.012041131249734799,0.9566929133858267,0.04330708661417323,0.06900589744999354
171,dna-private,135,128,7,7940,756,1.7410579345088162,0.7999642101331484,0.16636307073345913,0.9481481481481482,0.05185185185185185,0.43131166486452366
172,dna-private,14,10,4,8058,759,0.23548026805658973,-2.0863219198457696,0.027437579526156688,0.7142857142857143,0.2857142857142857,0.1234691078677051
173,prot-private,10,10,0,8058,763,1.9896382701495317,0.9925061627800148,1.0,1.0,0.0,1.0
174,dna-private,10,9,1,8059,762,0.8509740662613228,-0.2328129289529579,0.59509736615207,0.9,0.1,0.8877285057891666
175,dna-private,387,361,26,7707,737,1.3277489994111247,0.4089824422191754,0.1946386308650171,0.9328165374677002,0.06718346253229975,0.47837062722351403
176,dna-private,24,21,3,8047,760,0.6611159438299987,-0.5970247869668049,0.45796208248726505,0.875,0.125,0.771541675614701
177,dna-private,22,20,2,8048,761,0.9455765407554672,-0.08073385141461938,0.7149840631017713,0.9090909090909091,0.09090909090909091,0.929036603167421
178,dna-private,61,55,6,8013,757,0.8659886018553185,-0.207580058567031,0.6489053231268938,0.9016393442622951,0.09836065573770492,0.89997229635986
179,dna-private,39,37,2,8031,761,1.7530195492466691,0.8098420847705613,0.7717129128023361,0.9487179487179487,0.05128205128205128,0.9659188113883544
180,dna-private,44,42,2,8026,761,1.9911537503114876,0.9936046255023103,0.5852566852075065,0.9545454545454546,0.045454545454545456,0.8877285057891666
181,dna-private,33,31,2,8037,761,1.4676496205051637,0.5535075873268854,1.0,0.9393939393939394,0.06060606060606061,1.0
182,dna-private,18,17,1,8051,762,1.6089926717177991,0.6861577552096091,1.0,0.9444444444444444,0.05555555555555555,1.0
183,dna-private,25,18,7,8050,756,0.24149068322981365,-2.0499605642835608,0.004210200824664259,0.72,0.28,0.030546178727890397
184,dna-private,44,38,6,8030,757,0.5970527189705271,-0.744069769696516,0.27219974523256757,0.8636363636363636,0.13636363636363635,0.5748128698207293
185,dna-private,62,59,3,8009,760,1.8662338202855122,0.9001297526598621,0.3681670075315167,0.9516129032258065,0.04838709677419355,0.6968809656830912
186,prot-private,32,32,0,8036,763,6.175262863186711,2.626500549384666,0.10839836940242864,1.0,0.0,0.31936542193388956
187,dna-private,13,9,4,8059,759,0.21190594366546717,-2.2385040410308137,0.021001542276485385,0.6923076923076923,0.3076923076923077,0.10125743597591168
188,prot-private,95,71,24,7997,739,0.27337855862615146,-1.8710279996272148,1.0931788197397995e-06,0.7473684210526316,0.25263157894736843,2.5988779488153724e-05
189,dna-private,34,32,2,8036,761,1.5151816824290691,0.5994907947702535,0.765131878985169,0.9411764705882353,0.058823529411764705,0.9627088941327722
190,dna-private,77,67,10,8001,753,0.6305586801649794,-0.665297460029744,0.2160320986526576,0.8701298701298701,0.12987012987012986,0.5075210272884063
192,prot-private,182,171,11,7897,752,1.4803320017958488,0.5659207729008772,0.23190369512907263,0.9395604395604396,0.06043956043956044,0.5335337599439407
193,dna-private,68,61,7,8007,756,0.8227800674409891,-0.28142125113676786,0.6617752807851063,0.8970588235294118,0.10294117647058823,0.901825343293552
194,dna-private,35,31,4,8037,759,0.7318962299365435,-0.4502889807611938,0.5400047448892422,0.8857142857142857,0.11428571428571428,0.8512168205510157
195,dna-private,26,16,10,8052,753,0.1496274217585693,-2.7405534971367738,3.223721394060441e-05,0.6153846153846154,0.38461538461538464,0.0005077361195645195
196,dna-private,53,47,6,8021,757,0.739288534264223,-0.43579055634829733,0.45863866272651665,0.8867924528301887,0.11320754716981132,0.771541675614701
197,dna-private,169,154,15,7914,748,0.970364754443602,-0.04340094499868141,0.8898524457075705,0.9112426035502958,0.08875739644970414,1.0
199,dead,29,29,0,8039,763,5.603146961875739,2.486237332723165,0.17242845368326137,1.0,0.0,0.44009423019765564
200,dna-private,26,20,6,8048,757,0.31353545394300864,-1.673299505653589,0.020956108383636048,0.7692307692307693,0.23076923076923078,0.10125743597591168
201,dna-private,56,53,3,8015,760,1.6751923476814305,0.7443267571310803,0.6293208291051453,0.9464285714285714,0.05357142857142857,0.8899486472193974
202,dna-private,23,20,3,8048,760,0.629555997349238,-0.667593387308373,0.4442764268572269,0.8695652173913043,0.13043478260869565,0.7581782814990148
205,dna-private,40,39,1,8029,762,3.7013326690746045,1.8880448082821413,0.2551092409239627,0.975,0.025,0.5513510181203997
206,prot-private,468,409,59,7659,704,0.6371943055804515,-0.6501947209110701,0.002947588264360007,0.8739316239316239,0.12606837606837606,0.023212257581835056
208,dna-private,10,10,0,8058,763,1.9896382701495317,0.9925061627800148,1.0,1.0,0.0,1.0
209,dna-private,33,24,9,8044,754,0.2499585612464777,-2.000239153757844,0.001479159292841882,0.7272727272727273,0.2727272727272727,0.013472824402270635
212,prot-private,36,35,1,8033,762,3.3200547740570148,1.731207043261528,0.3656725407212863,0.9722222222222222,0.027777777777777776,0.6935485217894943
213,dna-private,52,44,8,8024,755,0.5175099700897308,-0.9503414377624423,0.08505202690051364,0.8461538461538461,0.15384615384615385,0.2759627997287052
214,dna-private,20,17,3,8051,760,0.5349231979464248,-0.9025963246739215,0.24653007314042663,0.85,0.15,0.5452454052117999
215,dna-private,199,197,2,7871,761,9.523376953373141,3.251473238449346,4.7526793651050175e-06,0.9899497487437185,0.010050251256281407,9.260375257781942e-05
216,dna-private,475,434,41,7634,722,1.0011310120960786,0.0016307834980085294,1.0,0.9136842105263158,0.0863157894736842,1.0
217,dna-private,28,21,7,8047,756,0.2818441655275258,-1.827030392413128,0.008260486769425156,0.75,0.25,0.05169642382189916
218,prot-private,24,17,7,8051,756,0.22804620544031798,-2.1326019301202446,0.0032709512416669016,0.7083333333333334,0.2916666666666667,0.02513047905183107
219,dna-private,69,62,7,8006,756,0.8363727204596553,-0.2577820878371947,0.6642365999260186,0.8985507246376812,0.10144927536231885,0.901825343293552
220,dna-private,141,136,5,7932,758,2.599293998991427,1.378119822305221,0.03248510080406116,0.9645390070921985,0.03546099290780142,0.13959279175209496
221,prot-private,34,32,2,8036,761,1.5151816824290691,0.5994907947702535,0.765131878985169,0.9411764705882353,0.058823529411764705,0.9627088941327722
223,prot-private,53,50,3,8018,760,1.5797788309636651,0.6597225952337458,0.6235153699202394,0.9433962264150944,0.05660377358490566,0.8877285057891666
224,dna-private,422,392,30,7676,733,1.2477679346882056,0.3193496404451212,0.28642280668166137,0.9289099526066351,0.07109004739336493,0.5884120702481956
225,dna-private,75,62,13,8006,750,0.44678029939084146,-1.1623625227585122,0.012389928372426279,0.8266666666666667,0.17333333333333334,0.06979721199369797
226,prot-private,16,16,0,8052,763,3.1289040670599193,1.6456574258851278,0.3903018394628883,1.0,0.0,0.7119955431576628
227,prot-private,18,18,0,8050,763,3.509036705794671,1.8110750389315806,0.39580838671128105,1.0,0.0,0.7127945220431836
228,dna-private,41,34,7,8034,756,0.4570575056011949,-1.1295524026316588,0.08375481910547275,0.8292682926829268,0.17073170731707318,0.2726901087154927
229,dna-private,16,15,1,8053,762,1.4193468272693406,0.5052271650451089,1.0,0.9375,0.0625,1.0
230,prot-private,42,40,2,8028,761,1.8958644743398108,0.9228558370282908,0.5796119669598028,0.9523809523809523,0.047619047619047616,0.8877285057891666
231,prot-private,37,29,8,8039,755,0.3404496827963677,-1.5544865058844652,0.012113037683991284,0.7837837837837838,0.21621621621621623,0.06900589744999354
232,dna-private,37,36,1,8032,762,3.4153386454183265,1.7720286349848624,0.37004759409297505,0.972972972972973,0.02702702702702703,0.696950625645962
233,prot-private,135,110,25,7958,738,0.4080422216637346,-1.2932096538834066,0.000260367348516799,0.8148148148148148,0.18518518518518517,0.0031443724517364225
234,dna-private,44,34,10,8034,753,0.3186706497386109,-1.6498619450105614,0.003612651544815319,0.7727272727272727,0.22727272727272727,0.027202834341438057
235,dna-private,12,10,2,8058,761,0.47220153884338545,-1.0825253517576907,0.27814822883872553,0.8333333333333334,0.16666666666666666,0.577637734577502
236,prot-private,19,19,0,8049,763,3.699173861730542,1.8872031089403754,0.4020724346383381,1.0,0.0,0.7185975427578808
237,dna-private,33,24,9,8044,754,0.2499585612464777,-2.000239153757844,0.001479159292841882,0.7272727272727273,0.2727272727272727,0.013472824402270635
238,dna-private,24,23,1,8045,762,2.1784959602237413,1.1233324379395262,0.7174205323835983,0.9583333333333334,0.041666666666666664,0.929036603167421
239,dna-private,25,18,7,8050,756,0.24149068322981365,-2.0499605642835608,0.004210200824664259,0.72,0.28,0.030546178727890397
240,dna-private,15,14,1,8054,762,1.3245592252296996,0.40551235260517215,1.0,0.9333333333333333,0.06666666666666667,1.0
241,prot-private,18,17,1,8051,762,1.6089926717177991,0.6861577552096091,1.0,0.9444444444444444,0.05555555555555555,1.0
242,prot-private,11,10,1,8058,762,0.9456440804169769,-0.08063080776791416,1.0,0.9090909090909091,0.09090909090909091,1.0
243,dna-private,11,8,3,8060,760,0.25144747725392885,-1.9916710158055382,0.06272898865567579,0.7272727272727273,0.2727272727272727,0.2222264077961148
244,dna-private,658,640,18,7428,745,3.5660862801412074,1.834341608859153,3.1769963538107257e-10,0.9726443768996961,0.02735562310030395,1.7660362084418447e-08
245,dna-private,51,44,7,8024,756,0.5922233300099701,-0.7557867698114149,0.2049367938259777,0.8627450980392157,0.13725490196078433,0.49153621869428665
246,prot-private,24,18,6,8050,757,0.282111801242236,-1.825661077182454,0.014198257816908267,0.75,0.25,0.07742479672300717
247,dna-private,63,53,10,8015,753,0.49792888334373053,-1.0059883906941454,0.06553408817088414,0.8412698412698413,0.15873015873015872,0.2293693085980945
249,dna-private,39,33,6,8035,757,0.518170504044804,-0.948501199939427,0.1450506897729793,0.8461538461538461,0.15384615384615385,0.3938876489524869
251,dna-private,68,60,8,8008,755,0.7071053946053946,-0.5000028290150338,0.3808286579950215,0.8823529411764706,0.11764705882352941,0.7084312633962506
253,dna-private,31,24,7,8044,756,0.32222774738935855,-1.6338473634207271,0.014629950189399336,0.7741935483870968,0.22580645161290322,0.07888903240503493
254,dna-private,11,10,1,8058,762,0.9456440804169769,-0.08063080776791416,1.0,0.9090909090909091,0.09090909090909091,1.0
255,dna-private,41,34,7,8034,756,0.4570575056011949,-1.1295524026316588,0.08375481910547275,0.8292682926829268,0.17073170731707318,0.2726901087154927
256,dna-private,26,23,3,8045,760,0.7242593743525999,-0.4654216419440042,0.48773304782795196,0.8846153846153846,0.11538461538461539,0.801927325267359
257,dna-private,216,210,6,7858,757,3.3717230847543904,1.7534860544720114,0.0008014362916751321,0.9722222222222222,0.027777777777777776,0.008035621173824932
258,dna-private,18,16,2,8052,761,0.7560854446100348,-0.40337881341779425,0.6651558352122813,0.8888888888888888,0.1111111111111111,0.901825343293552
259,dna-private,84,78,6,7990,757,1.2316645807259075,0.30060942031148474,0.844460967678356,0.9285714285714286,0.07142857142857142,1.0
261,prot-private,44,27,17,8041,746,0.14734778378457464,-2.7627027334213676,5.1466518222804664e-08,0.6136363636363636,0.38636363636363635,1.6916820772365358e-06
262,prot-private,22,22,0,8046,763,4.269868887093767,2.0941917703507418,0.25303447370103727,1.0,0.0,0.5502139965319901
265,dna-private,103,82,21,7986,742,0.3628015694131397,-1.462747398172921,0.0002431646411777186,0.7961165048543689,0.20388349514563106,0.002984293323544728
266,prot-private,14,14,0,8054,763,2.748960208579055,1.4588860238748205,0.6261069302735234,1.0,0.0,0.8877285057891666
267,dna-private,11,11,0,8057,763,2.179398076326404,1.1239297349069568,0.6147434751291604,1.0,0.0,0.8877285057891666
268,prot-private,11,11,0,8057,763,2.179398076326404,1.1239297349069568,0.6147434751291604,1.0,0.0,0.8877285057891666
269,dna-private,13,9,4,8059,759,0.21190594366546717,-2.2385040410308137,0.021001542276485385,0.6923076923076923,0.3076923076923077,0.10125743597591168
270,dna-private,42,38,4,8030,759,0.897945205479452,-0.15530068354562512,0.7813655501740419,0.9047619047619048,0.09523809523809523,0.9719500803746435
271,dna-private,26,20,6,8048,757,0.31353545394300864,-1.673299505653589,0.020956108383636048,0.7692307692307693,0.23076923076923078,0.10125743597591168
272,prot-private,76,53,23,8015,740,0.21275326154764165,-2.232746846019412,5.1297845958825435e-08,0.6973684210526315,0.3026315789473684,1.6916820772365358e-06
274,dna-private,53,49,4,8019,759,1.1594650205761317,0.21345929656644014,1.0,0.9245283018867925,0.07547169811320754,1.0
275,dna-private,38,28,10,8040,753,0.26223880597014926,-1.931046904224121,0.0011048647145250434,0.7368421052631579,0.2631578947368421,0.010573135749125731
276,prot-private,72,60,12,8008,751,0.4689060939060939,-1.0926290664343594,0.031021563110372512,0.8333333333333334,0.16666666666666666,0.13493844482992876
277,prot-private,12,12,0,8056,763,2.369204989759821,1.2444030296948858,0.6160300460842021,1.0,0.0,0.8877285057891666
278,dna-private,37,33,4,8035,759,0.7793092719352831,-0.3597321137885364,0.5570142951867847,0.8918918918918919,0.10810810810810811,0.8696877471317828
279,dna-private,44,42,2,8026,761,1.9911537503114876,0.9936046255023103,0.5852566852075065,0.9545454545454546,0.045454545454545456,0.8877285057891666
280,dna-private,18,17,1,8051,762,1.6089926717177991,0.6861577552096091,1.0,0.9444444444444444,0.05555555555555555,1.0
281,dna-private,23,18,5,8050,758,0.33898136645962734,-1.5607221231633,0.043210400933891426,0.782608695652174,0.21739130434782608,0.1720824126151579
282,dna-private,56,46,10,8022,753,0.4317875841436051,-1.2116063349729302,0.02653786005269503,0.8214285714285714,0.17857142857142858,0.1208591698785388
283,dna-private,19,17,2,8051,761,0.8034405663892684,-0.3157367887801676,0.677113499984792,0.8947368421052632,0.10526315789473684,0.9096240285714047
284,dna-private,252,241,11,7827,752,2.1049746216476763,1.0738028397316934,0.011865821671393613,0.9563492063492064,0.04365079365079365,0.06868729849596915
285,dna-private,78,72,6,7996,757,1.1360680340170084,0.18404923396226008,1.0,0.9230769230769231,0.07692307692307693,1.0
286,dna-private,12,10,2,8058,761,0.47220153884338545,-1.0825253517576907,0.27814822883872553,0.8333333333333334,0.16666666666666666,0.577637734577502
287,dna-private,108,99,9,7969,754,1.0407830342577489,0.05766935007408801,1.0,0.9166666666666666,0.08333333333333333,1.0
288,dna-private,102,98,4,7970,759,2.3331869510664993,1.2223019106528403,0.10799388402947954,0.9607843137254902,0.0392156862745098,0.31891943877455675
289,dna-private,82,75,7,7993,756,1.0133867133742025,0.01918481876211155,1.0,0.9146341463414634,0.08536585365853659,1.0
290,dna-private,106,87,19,7981,744,0.42685588799715113,-1.2281790151220995,0.002386957035224192,0.8207547169811321,0.1792452830188679,0.019572012132640877
291,dna-private,40,40,0,8028,763,7.702995578252476,2.9454195971656594,0.04590007629092993,1.0,0.0,0.17896552983628786
292,dna-private,111,80,31,7988,732,0.2364837578949069,-2.080186994659443,2.202248445484582e-09,0.7207207207207207,0.27927927927927926,9.353369802170472e-08
293,dna-private,55,45,10,8023,753,0.42234824878474386,-1.2434950258056292,0.02485359940723393,0.8181818181818182,0.18181818181818182,0.11498972553163313
294,dna-private,45,43,2,8025,761,2.038816199376947,1.0277317213086157,0.43037991709652534,0.9555555555555556,0.044444444444444446,0.7488214573864685
295,dna-private,78,73,5,7995,758,1.384215134459037,0.4690681837960523,0.6837466112500863,0.9358974358974359,0.0641025641025641,0.9142420199948094
296,dna-private,16,10,6,8058,757,0.15657317779432448,-2.6750910059966606,0.0015333638643821406,0.625,0.375,0.013734870633565145
297,shared,84,78,6,7990,757,1.2316645807259075,0.30060942031148474,0.844460967678356,0.9285714285714286,0.07142857142857142,1.0
299,dna-private,50,40,10,8028,753,0.375186846038864,-1.4143188466906889,0.009343947392703703,0.8,0.2,0.05705996953864297
300,prot-private,67,62,5,8006,758,1.1740194853859605,0.23145635328306602,1.0,0.9253731343283582,0.07462686567164178,1.0
301,dna-private,94,81,13,7987,750,0.5850853791256947,-0.7732809282195099,0.0925442547327319,0.8617021276595744,0.13829787234042554,0.2895838434517604
302,dna-private,47,37,10,8031,753,0.34691819200597684,-1.5273325989484183,0.005956816311088072,0.7872340425531915,0.2127659574468085,0.04028043945601594
303,dna-private,25,24,1,8044,762,2.2734957732471406,1.1849123219091262,0.7193889252568892,0.96,0.04,0.929036603167421
304,dna-private,23,16,7,8052,756,0.21460506706408347,-2.220243954757871,0.002500366431321196,0.6956521739130435,0.30434782608695654,0.020142993006114353
305,dna-private,42,39,3,8029,760,1.2305392950554241,0.299290728398611,1.0,0.9285714285714286,0.07142857142857142,1.0
306,prot-private,14,13,1,8055,762,1.2297951582867783,0.29841803204048295,1.0,0.9285714285714286,0.07142857142857142,1.0
307,dna-private,58,54,4,8014,759,1.2785749937609183,0.3545367831481368,0.8158654802031671,0.9310344827586207,0.06896551724137931,0.9920355729124783
309,dna-private,59,55,4,8013,759,1.3024148259078996,0.38118902758385975,0.8161985798301079,0.9322033898305084,0.06779661016949153,0.9920355729124783
310,dna-private,25,23,2,8045,761,1.0878185208203854,0.12143789394974983,1.0,0.92,0.08,1.0
311,dna-private,68,66,2,8002,761,3.138340414896276,1.650001849516397,0.12474314509894599,0.9705882352941176,0.029411764705882353,0.3516249727621296
312,dna-private,18,16,2,8052,761,0.7560854446100348,-0.40337881341779425,0.6651558352122813,0.8888888888888888,0.1111111111111111,0.901825343293552
313,prot-private,286,285,1,7783,762,27.903122189387126,4.802354654760123,2.5025866079421503e-10,0.9965034965034965,0.0034965034965034965,1.4332996027305044e-08
314,dna-private,57,49,8,8019,755,0.5766772664920813,-0.7941639446365849,0.15191813745282973,0.8596491228070176,0.14035087719298245,0.40813827972402017
315,prot-private,29,25,4,8043,759,0.589798582618426,-0.7617057395135263,0.31079880204109256,0.8620689655172413,0.13793103448275862,0.6226498095050591
316,prot-private,24,22,2,8046,761,1.0403927417350236,0.05712823951521257,1.0,0.9166666666666666,0.08333333333333333,1.0
317,dna-private,67,61,6,8007,757,0.9611798010074518,-0.05712176403566085,0.8279833729393735,0.9104477611940298,0.08955223880597014,1.0
318,dna-private,469,461,8,7607,755,5.719321020113054,2.5158438849304723,1.7178055607505246e-10,0.9829424307036247,0.017057569296375266,9.989700030210743e-09
319,dna-private,43,43,0,8025,763,8.276680580649181,3.049052281007182,0.04916019571442002,1.0,0.0,0.18751315822452844
320,dna-private,12,9,3,8059,760,0.2829135128427845,-1.8215670088364881,0.07844382615057613,0.75,0.25,0.2596476907611014
321,dna-private,17,14,3,8054,760,0.4403608972767155,-1.1832417272783582,0.17689465436516857,0.8235294117647058,0.17647058823529413,0.4455313866049739
322,prot-private,35,33,2,8035,761,1.5627255756067207,0.6440644542995428,0.7653062546149721,0.9428571428571428,0.05714285714285714,0.9627088941327722
323,dna-private,26,24,2,8044,761,1.1352560914967678,0.1830177779193497,1.0,0.9230769230769231,0.07692307692307693,1.0
324,dna-private,24,23,1,8045,762,2.1784959602237413,1.1233324379395262,0.7174205323835983,0.9583333333333334,0.041666666666666664,0.929036603167421
325,dna-private,305,290,15,7778,748,1.8592611639667438,0.8947294348598442,0.016627927761655524,0.9508196721311475,0.04918032786885246,0.0866945750883557
326,prot-private,131,122,9,7946,754,1.286293592862936,0.3632199713011394,0.636788350319873,0.9312977099236641,0.06870229007633588,0.8938210041623171
327,dna-private,10,9,1,8059,762,0.8509740662613228,-0.2328129289529579,0.59509736615207,0.9,0.1,0.8877285057891666
328,prot-private,388,353,35,7715,728,0.9517044718081659,-0.07141444493318724,0.7814170090631062,0.9097938144329897,0.09020618556701031,0.9719500803746435
329,dna-private,60,50,10,8018,753,0.4695684709403841,-1.0905925525914801,0.03587021885625463,0.8333333333333334,0.16666666666666666,0.15032087281224224
330,dna-private,41,36,5,8032,758,0.6794820717131475,-0.5574926092247302,0.39759452388256966,0.8780487804878049,0.12195121951219512,0.714649215537857
331,dna-private,110,104,6,7964,757,1.6475807801774653,0.720349201685165,0.30392341006579693,0.9454545454545454,0.05454545454545454,0.6166561943363995
332,dna-private,110,107,3,7961,760,3.4049323786793955,1.7676261468680015,0.024517201234733235,0.9727272727272728,0.02727272727272727,0.11413179885134438
333,prot-private,29,22,7,8046,756,0.2953020134228188,-1.7597369018248643,0.010096313083237895,0.7586206896551724,0.2413793103448276,0.06029077954919311
334,dna-private,70,62,8,8006,755,0.7308581064201849,-0.4523367557882219,0.3900415976286582,0.8857142857142857,0.11428571428571428,0.7119955431576628
335,prot-private,402,344,58,7724,705,0.5413489526598689,-0.8853692420899686,8.200191022842297e-05,0.8557213930348259,0.14427860696517414,0.0011437904821529107
336,dna-private,100,91,9,7977,754,0.95571991698355,-0.06534021055377559,0.857582136839349,0.91,0.09,1.0
338,dna-private,95,94,1,7974,762,8.982693754702783,3.1671481491736286,0.0029284972097756495,0.9894736842105263,0.010526315789473684,0.02311006148841744
339,dna-private,52,44,8,8024,755,0.5175099700897308,-0.9503414377624423,0.08505202690051364,0.8461538461538461,0.15384615384615385,0.2759627997287052
341,prot-private,25,25,0,8043,763,4.840989618946976,2.2753020004764437,0.16333070103528635,1.0,0.0,0.42631279012711215
342,dna-private,28,27,1,8041,762,2.5586369854495707,1.355375475067056,0.5093441065762562,0.9642857142857143,0.03571428571428571,0.8237951903101118
343,prot-private,10,8,2,8060,761,0.37766749379652603,-1.4048114799117843,0.21174867571160536,0.8,0.2,0.49903027017397994
344,dna-private,53,44,9,8024,754,0.4593995790406558,-1.1221785601485315,0.044351943669463476,0.8301886792452831,0.16981132075471697,0.17500036228660953
345,prot-private,49,36,13,8032,750,0.25858106037388906,-1.9513114852663085,0.00018884152107752846,0.7346938775510204,0.2653061224489796,0.002403437540986726
346,prot-private,76,71,5,7997,758,1.3459547330248844,0.4286298902315199,0.6819103036749784,0.9342105263157895,0.06578947368421052,0.9137259652220554
347,dna-private,224,208,16,7860,747,1.2354961832061069,0.3050905537843605,0.47142137586583044,0.9285714285714286,0.07142857142857142,0.7854287509007519
348,prot-private,196,193,3,7875,760,6.208677248677248,2.6342859367158686,4.689957495856354e-05,0.9846938775510204,0.015306122448979591,0.0007091215733734807
349,prot-private,58,58,0,8010,763,11.151551089195431,3.479172486024581,0.008648732175632357,1.0,0.0,0.05394753733315233
350,dna-private,25,24,1,8044,762,2.2734957732471406,1.1849123219091262,0.7193889252568892,0.96,0.04,0.929036603167421
351,dna-private,87,78,9,7990,754,0.8178556528994576,-0.29008185712673895,0.5627079342678971,0.896551724137931,0.10344827586206896,0.8774900955167703
352,dna-private,177,155,22,7913,741,0.65976011856209,-0.5999865229433898,0.0778903079479901,0.8757062146892656,0.12429378531073447,0.2596476907611014
353,dna-private,234,229,5,7839,758,4.4286771271845895,2.146875821339496,4.9557749786598904e-05,0.9786324786324786,0.021367521367521368,0.0007433662467989836
354,dna-private,66,57,9,8011,754,0.5960970332459535,-0.7463809018034199,0.18025917823844725,0.8636363636363636,0.13636363636363635,0.4503500950041841
355,dna-private,35,32,3,8036,760,1.0087937614070017,0.012631258876499603,1.0,0.9142857142857143,0.08571428571428572,1.0
356,dna-private,16,13,3,8055,760,0.40885578315745913,-1.2903360478430472,0.15504769204284768,0.8125,0.1875,0.4121520927721268
358,prot-private,23,22,1,8046,762,2.08351976137211,1.059022783504989,0.716472396975913,0.9565217391304348,0.043478260869565216,0.929036603167421
359,dna-private,103,77,26,7991,737,0.2731390121579084,-1.8722927074514577,3.981391655532006e-07,0.7475728155339806,0.2524271844660194,1.0827093854612218e-05
360,dna-private,15,14,1,8054,762,1.3245592252296996,0.40551235260517215,1.0,0.9333333333333333,0.06666666666666667,1.0
361,dna-private,12,10,2,8058,761,0.47220153884338545,-1.0825253517576907,0.27814822883872553,0.8333333333333334,0.16666666666666666,0.577637734577502
362,dna-private,28,26,2,8042,761,1.2301666252176076,0.29885374084427707,1.0,0.9285714285714286,0.07142857142857142,1.0
363,dna-private,66,42,24,8026,739,0.16113256915026164,-2.6336799645762405,3.9470892096233197e-10,0.6363636363636364,0.36363636363636365,1.989332961650153e-08
364,dna-private,38,35,3,8033,760,1.1037802398439769,0.14245296337799762,1.0,0.9210526315789473,0.07894736842105263,1.0
366,dna-private,129,121,8,7947,755,1.4369416131873662,0.5230014423962573,0.4280912913613721,0.937984496124031,0.06201550387596899,0.7477749913798458
367,dna-private,130,124,6,7944,757,1.9693689157435381,0.9777333921230769,0.11476546474997948,0.9538461538461539,0.046153846153846156,0.33140829393042204
368,dna-private,43,41,2,8027,761,1.943503176778373,0.9586594658549641,0.582055335925062,0.9534883720930233,0.046511627906976744,0.8877285057891666
369,prot-private,73,64,9,8004,754,0.6698872785829307,-0.5780097400793893,0.29001031236156566,0.8767123287671232,0.1232876712328767,0.5941674692285736
371,dna-private,190,176,14,7892,749,1.1931069437404966,0.25472336431488546,0.6028660431858408,0.9263157894736842,0.07368421052631578,0.8877285057891666
372,dna-private,16,12,4,8056,759,0.2826464746772592,-1.8229293918701623,0.04347584763160735,0.75,0.25,0.1720824126151579
373,dna-private,149,139,10,7929,753,1.3200529701097239,0.4005958221453474,0.46416312978613916,0.9328859060402684,0.06711409395973154,0.7801407872795048
374,dna-private,27,24,3,8044,760,0.7558428642466435,-0.40384175797440397,0.5034960913993611,0.8888888888888888,0.1111111111111111,0.819291961037273
375,dna-private,67,64,3,8004,760,2.025653839746793,1.0183876557040503,0.27895832645209456,0.9552238805970149,0.04477611940298507,0.577637734577502
376,prot-private,11,10,1,8058,762,0.9456440804169769,-0.08063080776791416,1.0,0.9090909090909091,0.09090909090909091,1.0
377,dna-private,109,100,9,7968,754,1.0514279339580543,0.07234996953299554,1.0,0.9174311926605505,0.08256880733944955,1.0
378,dna-private,121,112,9,7956,754,1.1793754538852579,0.2380230730502122,0.7458110600248244,0.9256198347107438,0.0743801652892562,0.9483727242435912
379,prot-private,114,114,0,7954,763,21.980199886856497,4.458132601031894,6.290815179207286e-05,1.0,0.0,0.0009093106639033462
380,dna-private,52,48,4,8020,759,1.1356608478802992,0.18353205479433976,1.0,0.9230769230769231,0.07692307692307693,1.0
381,prot-private,142,133,9,7935,754,1.4042148008121542,0.48976363960499714,0.44936351563979426,0.9366197183098591,0.06338028169014084,0.7644519783418947
382,dna-private,16,14,2,8054,761,0.6614104792649615,-0.5963821913846045,0.6433648787155277,0.875,0.125,0.8944167861510463
383,prot-private,20,19,1,8049,762,1.798732761833768,0.8469808609552302,1.0,0.95,0.05,1.0
384,dna-private,135,126,9,7942,754,1.3291362377234954,0.41048898980180026,0.5356373507029765,0.9333333333333333,0.06666666666666667,0.8489346690386796
385,prot-private,257,204,53,7864,710,0.3475114685502601,-1.5248675045402398,1.3290080210041754e-09,0.7937743190661478,0.20622568093385213,5.980536094518789e-08
386,dna-private,10,7,3,8061,760,0.21998924864574287,-2.1844950770669267,0.04865901572148691,0.7,0.3,0.18597682449668407
387,dna-private,34,28,6,8040,757,0.4393864013266998,-1.1864378747441116,0.0683242507741826,0.8235294117647058,0.17647058823529413,0.23739107804074044
388,dna-private,19,17,2,8051,761,0.8034405663892684,-0.3157367887801676,0.677113499984792,0.8947368421052632,0.10526315789473684,0.9096240285714047
389,dna-private,486,472,14,7596,749,3.324381253291206,1.7330858456134908,1.9678644046898722e-07,0.9711934156378601,0.02880658436213992,5.7219441920982436e-06
390,dna-private,21,19,2,8049,761,0.8981861100757859,-0.15491368303454628,0.7021801097644735,0.9047619047619048,0.09523809523809523,0.9290003024430675
391,dna-private,88,82,6,7986,757,1.295475415310126,0.37348163724961114,0.7026486414509867,0.9318181818181818,0.06818181818181818,0.9290003024430675
392,dna-private,52,49,3,8019,760,1.5479901899654986,0.6303963287607656,0.6227523848035943,0.9423076923076923,0.057692307692307696,0.8877285057891666
393,dna-private,30,29,1,8039,762,2.7488493593730565,1.4588278473964156,0.5123772522077924,0.9666666666666667,0.03333333333333333,0.8255694856544993
394,dna-private,38,30,8,8038,755,0.3522331425727793,-1.5053974322377852,0.014215028816340472,0.7894736842105263,0.21052631578947367,0.07742479672300717
395,dna-private,231,217,14,7851,749,1.4787288243535854,0.5643575090764352,0.19059685374409185,0.9393939393939394,0.06060606060606061,0.47181146506396016
396,dna-private,36,33,3,8035,760,1.0404480398257623,0.05720491840578896,1.0,0.9166666666666666,0.08333333333333333,1.0
397,prot-private,13,13,0,8055,763,2.5590590279932965,1.3556134253808918,0.6199739488311733,1.0,0.0,0.8877285057891666
398,prot-private,12,11,1,8057,762,1.0403375946382027,0.05705176594078467,1.0,0.9166666666666666,0.08333333333333333,1.0
399,dna-private,12,10,2,8058,761,0.47220153884338545,-1.0825253517576907,0.27814822883872553,0.8333333333333334,0.16666666666666666,0.577637734577502
400,dna-private,446,432,14,7636,749,3.026715557883709,1.5977531011606778,3.5153149257608294e-06,0.968609865470852,0.03139013452914798,7.221679575747791e-05
401,dna-private,451,437,14,7631,749,3.0637531123050716,1.6153000446506012,2.579644650473098e-06,0.9689578713968958,0.031042128603104215,5.4741405834610394e-05
402,dna-private,18,13,5,8055,758,0.24466790813159528,-2.0311032121691097,0.01573344202619005,0.7222222222222222,0.2777777777777778,0.08317819700559215
403,dna-private,51,42,9,8026,754,0.43840850568984135,-1.1896523061748832,0.03875338371112912,0.8235294117647058,0.17647058823529413,0.1609755938769979
404,dna-private,62,53,9,8015,754,0.5539890483121924,-0.8520706386523593,0.10861558491776288,0.8548387096774194,0.14516129032258066,0.3197561612064982
405,prot-private,59,59,0,8009,763,11.343591984518385,3.50380564148979,0.008745045888894699,1.0,0.0,0.05432860414282325
406,dna-private,152,141,11,7927,752,1.2160051377914378,0.28214932438229573,0.6617412246279653,0.9276315789473685,0.07236842105263158,0.901825343293552
407,dna-private,46,44,2,8024,761,2.086490528414756,1.0610783715286622,0.43094864261548504,0.9565217391304348,0.043478260869565216,0.7488214573864685
408,dna-private,22,20,2,8048,761,0.9455765407554672,-0.08073385141461938,0.7149840631017713,0.9090909090909091,0.09090909090909091,0.929036603167421
409,dna-private,32,29,3,8039,760,0.9138781772193888,-0.12992623248711502,0.7536237834637938,0.90625,0.09375,0.9524232368750051
410,dna-private,132,106,26,7962,737,0.3773790891349294,-1.4059136105741727,5.645268449697782e-05,0.803030303030303,0.19696969696969696,0.0008368280290140241
411,dna-private,100,89,11,7979,752,0.7625471407900284,-0.39110156692215975,0.37063581571786636,0.89,0.11,0.69736355570609
412,dna-private,57,47,10,8021,753,0.44122927315796034,-1.180399585828307,0.028477046879191687,0.8245614035087719,0.17543859649122806,0.12723786903468626
413,dna-private,27,26,1,8042,762,2.463566277045511,1.3007482848340537,0.7259809616915744,0.9629629629629629,0.037037037037037035,0.9324526113469763
414,prot-private,145,144,1,7924,762,13.847551741544674,3.791559024046148,6.543237773579275e-05,0.993103448275862,0.006896551724137931,0.0009368726812170326
415,dna-private,33,28,5,8040,758,0.5279601990049752,-0.9214989207249574,0.20188821211829633,0.8484848484848485,0.15151515151515152,0.4854563879180408
416,dna-private,14,11,3,8057,760,0.34586901659012864,-1.5317023139427457,0.1142871290727978,0.7857142857142857,0.21428571428571427,0.3309938352826966
417,dna-private,32,27,5,8041,758,0.5090411640343241,-0.9741457691425367,0.1928866945001127,0.84375,0.15625,0.4753009812323507
418,dna-private,11,7,4,8061,759,0.16477484183103833,-2.601432109261252,0.011139087896983257,0.6363636363636364,0.36363636363636365,0.06558528387943413
419,dna-private,22,22,0,8046,763,4.269868887093767,2.0941917703507418,0.25303447370103727,1.0,0.0,0.5502139965319901
420,prot-private,71,35,36,8033,727,0.08798774499633456,-3.506553591754512,2.8230135388237975e-20,0.49295774647887325,0.5070422535211268,5.3354955883769775e-18
421,dna-private,28,24,4,8044,759,0.5661362506215813,-0.8207787901687292,0.2985886706930741,0.8571428571428571,0.14285714285714285,0.6074624193863403
422,dna-private,242,235,7,7833,756,3.2401378782075834,1.6960552056944702,0.00043702191196927495,0.9710743801652892,0.028925619834710745,0.004802159381522847
424,dna-private,317,298,19,7770,744,1.5018085754927861,0.5867009348315352,0.10231841837849642,0.9400630914826499,0.05993690851735016,0.3081781844388179
425,dna-private,59,51,8,8017,755,0.6003648496943994,-0.736088582712358,0.16497810828767137,0.864406779661017,0.13559322033898305,0.42841550506922665
426,dna-private,17,13,4,8055,759,0.3062383612662942,-1.7072730800373728,0.053095201205350134,0.7647058823529411,0.23529411764705882,0.19750641493945995
427,dna-private,29,22,7,8046,756,0.2953020134228188,-1.7597369018248643,0.010096313083237895,0.7586206896551724,0.2413793103448276,0.06029077954919311
428,dna-private,350,338,12,7730,751,2.736502802932298,1.45233333426309,0.00013241767874854447,0.9657142857142857,0.03428571428571429,0.0017501357540891543
429,prot-private,136,136,0,7932,763,26.276142451938227,4.715681586911704,7.882323117550072e-06,1.0,0.0,0.0001425606764800922
430,prot-private,12,12,0,8056,763,2.369204989759821,1.2444030296948858,0.6160300460842021,1.0,0.0,0.8877285057891666
431,dna-private,13,12,1,8056,762,1.1350546176762661,0.18276172020769355,1.0,0.9230769230769231,0.07692307692307693,1.0
432,dna-private,69,52,17,8016,746,0.2846659621932605,-1.812658096049218,5.674837066338737e-05,0.7536231884057971,0.2463768115942029,0.0008379251605765792
434,dna-private,62,59,3,8009,760,1.8662338202855122,0.9001297526598621,0.3681670075315167,0.9516129032258065,0.04838709677419355,0.6968809656830912
435,dna-private,25,24,1,8044,762,2.2734957732471406,1.1849123219091262,0.7193889252568892,0.96,0.04,0.929036603167421
436,prot-private,19,18,1,8050,762,1.7038509316770187,0.7687991210462928,1.0,0.9473684210526315,0.05263157894736842,1.0
437,dna-private,23,18,5,8050,758,0.33898136645962734,-1.5607221231633,0.043210400933891426,0.782608695652174,0.21739130434782608,0.1720824126151579
438,prot-private,59,59,0,8009,763,11.343591984518385,3.50380564148979,0.008745045888894699,1.0,0.0,0.05432860414282325
439,dna-private,32,27,5,8041,758,0.5090411640343241,-0.9741457691425367,0.1928866945001127,0.84375,0.15625,0.4753009812323507
441,dna-private,10,8,2,8060,761,0.37766749379652603,-1.4048114799117843,0.21174867571160536,0.8,0.2,0.49903027017397994
442,dna-private,66,62,4,8006,759,1.4694604046964777,0.5552864854148031,0.6580667744540096,0.9393939393939394,0.06060606060606061,0.901825343293552
444,dna-private,158,154,4,7914,759,3.6923805913570886,1.8845512661376667,0.0037141886139462855,0.9746835443037974,0.02531645569620253,0.027856414604597143
445,dna-private,12,12,0,8056,763,2.369204989759821,1.2444030296948858,0.6160300460842021,1.0,0.0,0.8877285057891666
446,dna-private,112,110,2,7958,761,5.259487308368937,2.3949221733344674,0.005776635862145633,0.9821428571428571,0.017857142857142856,0.03948586538681825
447,prot-private,17,17,0,8051,763,3.3189467801030865,1.7307254957322895,0.3917859073460155,1.0,0.0,0.7119955431576628
448,dna-private,17,15,2,8053,761,0.7087420836955172,-0.49666737894466767,0.6538307945337098,0.8823529411764706,0.11764705882352941,0.89997229635986
449,dna-private,71,69,2,7999,761,3.282222777847231,1.714673163771733,0.08843078320229134,0.971830985915493,0.028169014084507043,0.2795489730786403
450,dna-private,71,67,4,8001,759,1.588957630296213,0.6680806556011564,0.5225147863081439,0.9436619718309859,0.056338028169014086,0.8347869367053186
451,dna-private,83,50,33,8018,730,0.13794719456979374,-2.8578119779671196,9.461366728745705e-15,0.6024096385542169,0.39759036144578314,9.411570061752307e-13
452,dna-private,19,19,0,8049,763,3.699173861730542,1.8872031089403754,0.4020724346383381,1.0,0.0,0.7185975427578808
453,dna-private,27,24,3,8044,760,0.7558428642466435,-0.40384175797440397,0.5034960913993611,0.8888888888888888,0.1111111111111111,0.819291961037273
454,dna-private,32,30,2,8038,761,1.4201293854192585,0.5060223770533188,1.0,0.9375,0.0625,1.0
455,dna-private,46,40,6,8028,757,0.6286331174223551,-0.6697098172106793,0.2861923865624174,0.8695652173913043,0.13043478260869565,0.5882584128362903
456,dna-private,13,12,1,8056,762,1.1350546176762661,0.18276172020769355,1.0,0.9230769230769231,0.07692307692307693,1.0
457,dna-private,89,85,4,7983,759,2.0203870725291244,1.014631715809792,0.18705362752386306,0.9550561797752809,0.0449438202247191,0.4649846455631637
458,prot-private,10,10,0,8058,763,1.9896382701495317,0.9925061627800148,1.0,1.0,0.0,1.0
459,dna-private,41,32,9,8036,754,0.33360986671091203,-1.5837661369069398,0.00720076367955866,0.7804878048780488,0.21951219512195122,0.046212031763551334
460,prot-private,167,123,44,7945,719,0.2529807197208078,-1.982900657094641,7.957414168950807e-12,0.7365269461077845,0.2634730538922156,5.468913737933463e-10
461,prot-private,20,19,1,8049,762,1.798732761833768,0.8469808609552302,1.0,0.95,0.05,1.0
462,dna-private,47,35,12,8033,751,0.2726772895140877,-1.8747335474386784,0.00048722408825148915,0.7446808510638298,0.2553191489361702,0.005202562298278613
463,dna-private,14,10,4,8058,759,0.23548026805658973,-2.0863219198457696,0.027437579526156688,0.7142857142857143,0.2857142857142857,0.1234691078677051
464,dna-private,13,13,0,8055,763,2.5590590279932965,1.3556134253808918,0.6199739488311733,1.0,0.0,0.8877285057891666
465,prot-private,25,22,3,8046,760,0.692683735189328,-0.5297312963785412,0.4725039628434682,0.88,0.12,0.7854287509007519
466,dna-private,54,42,12,8026,751,0.3274981310740095,-1.6104414212081193,0.0018248046435147807,0.7777777777777778,0.2222222222222222,0.01600364713891344
467,dna-private,222,218,4,7850,759,5.269490445859873,2.397663461526041,2.8772518018023725e-05,0.9819819819819819,0.018018018018018018,0.00045506325568255094
468,dna-private,17,15,2,8053,761,0.7087420836955172,-0.49666737894466767,0.6538307945337098,0.8823529411764706,0.11764705882352941,0.89997229635986
469,dna-private,14,12,2,8056,761,0.5667825223435948,-0.8191328237820831,0.3441645340324851,0.8571428571428571,0.14285714285714285,0.6658405737389302
470,dna-private,77,75,2,7993,761,3.5703115225822595,1.8360499601021882,0.06386289196392975,0.974025974025974,0.025974025974025976,0.2249783146539184
471,dna-private,37,32,5,8036,758,0.603683424589348,-0.7281359054495624,0.24680288050724591,0.8648648648648649,0.13513513513513514,0.5452454052117999
472,prot-private,19,16,3,8052,760,0.5033946017552575,-0.990238349311548,0.22277766157339868,0.8421052631578947,0.15789473684210525,0.5159923779089749
473,prot-private,38,35,3,8033,760,1.1037802398439769,0.14245296337799762,1.0,0.9210526315789473,0.07894736842105263,1.0
474,dna-private,12,12,0,8056,763,2.369204989759821,1.2444030296948858,0.6160300460842021,1.0,0.0,0.8877285057891666
475,dna-private,11,9,2,8059,761,0.424928651197419,-1.2347074729427345,0.24486416172403402,0.8181818181818182,0.18181818181818182,0.5452454052117999
476,dna-private,41,39,2,8029,761,1.8482376385602193,0.8861502642923648,0.5779771795959323,0.9512195121951219,0.04878048780487805,0.8877285057891666
477,dna-private,42,37,5,8031,758,0.6984435313161499,-0.5177846154492549,0.40660776219771855,0.8809523809523809,0.11904761904761904,0.7239648333054056
478,dna-private,56,45,11,8023,752,0.38344305576014415,-1.382915752549855,0.007539553631858074,0.8035714285714286,0.19642857142857142,0.04822252576721407
479,dna-private,47,38,9,8030,754,0.3964577279645773,-1.3347610471347393,0.01761232695346359,0.8085106382978723,0.19148936170212766,0.08984425895289119
480,dna-private,45,38,7,8030,756,0.5110834371108344,-0.9683692567976228,0.10628230294690233,0.8444444444444444,0.15555555555555556,0.3164548857322689
481,prot-private,75,64,11,8004,752,0.5466357730225796,-0.8713482188654011,0.09320942124565945,0.8533333333333334,0.14666666666666667,0.29035697128107824
484,dna-private,53,51,2,8017,761,2.420543844330797,1.2753312265787462,0.3216808357150166,0.9622641509433962,0.03773584905660377,0.6362917629527801
485,dna-private,72,67,5,8001,758,1.2694913135858017,0.34425052346941937,0.8323212379937953,0.9305555555555556,0.06944444444444445,1.0
486,prot-private,112,103,9,7965,754,1.0833786705726443,0.1155375925968982,1.0,0.9196428571428571,0.08035714285714286,1.0
487,dna-private,23,22,1,8046,762,2.08351976137211,1.059022783504989,0.716472396975913,0.9565217391304348,0.043478260869565216,0.929036603167421
488,dna-private,43,29,14,8039,749,0.19299664137330513,-2.37335235369576,8.359668764011895e-06,0.6744186046511628,0.32558139534883723,0.00014923882233249238
489,dna-private,46,43,3,8025,760,1.3574247144340603,0.4408721854148619,0.7950578534474642,0.9347826086956522,0.06521739130434782,0.9818428325039212
490,prot-private,162,134,28,7934,735,0.443345097050668,-1.1734979740213856,0.00033359172398954616,0.8271604938271605,0.1728395061728395,0.0038327559777522322
491,dna-private,57,56,1,8012,762,5.326010983524713,2.4130554037382184,0.059400973283665864,0.9824561403508771,0.017543859649122806,0.21551594103444832
492,prot-private,45,44,1,8024,762,4.178464606181455,2.0629729155184386,0.17885039981340076,0.9777777777777777,0.022222222222222223,0.44742191349745525
493,prot-private,76,68,8,8000,755,0.8021875,-0.31798860919930627,0.5361867762038791,0.8947368421052632,0.10526315789473684,0.8490934127277155
494,dna-private,79,73,6,7995,757,1.1519908276005837,0.2041292297768983,1.0,0.9240506329113924,0.0759493670886076,1.0
495,dna-private,59,48,11,8020,752,0.40915892087961914,-1.2892667875807864,0.01593870785247149,0.8135593220338984,0.1864406779661017,0.08402833428499613
496,dna-private,60,49,11,8019,752,0.41773515174188575,-1.259339545808686,0.01700208885720022,0.8166666666666667,0.18333333333333332,0.08828007675853959
497,prot-private,13,13,0,8055,763,2.5590590279932965,1.3556134253808918,0.6199739488311733,1.0,0.0,0.8877285057891666
498,dna-private,32,30,2,8038,761,1.4201293854192585,0.5060223770533188,1.0,0.9375,0.0625,1.0
499,prot-private,17,16,1,8052,762,1.5141579731743666,0.5985157305719824,1.0,0.9411764705882353,0.058823529411764705,1.0
500,dna-private,28,22,6,8046,757,0.34497472864363243,-1.5354374147237575,0.02960893992727668,0.7857142857142857,0.21428571428571427,0.13105596361253613
501,dna-private,49,48,1,8020,762,4.560598503740648,2.1892231668721953,0.12380349048910988,0.9795918367346939,0.02040816326530612,0.35027144118653986
502,dna-private,478,474,4,7594,759,11.843758230181722,3.566055040694636,1.8085211675020078e-14,0.9916317991631799,0.008368200836820083,1.7090525032893973e-12
503,dna-private,18,16,2,8052,761,0.7560854446100348,-0.40337881341779425,0.6651558352122813,0.8888888888888888,0.1111111111111111,0.901825343293552
504,dna-private,29,24,5,8044,758,0.45231228244654403,-1.1446089223004663,0.09997958225541735,0.8275862068965517,0.1724137931034483,0.3040355130800467
505,dna-private,10,9,1,8059,762,0.8509740662613228,-0.2328129289529579,0.59509736615207,0.9,0.1,0.8877285057891666
506,dna-private,39,36,3,8032,760,1.1354581673306774,0.18327455510133217,1.0,0.9230769230769231,0.07692307692307693,1.0
508,dna-private,82,77,5,7991,758,1.4607933925666374,0.5467521448782942,0.5527802898103589,0.9390243902439024,0.06097560975609756,0.8662974691057863
510,dna-private,21,18,3,8050,760,0.5664596273291925,-0.8199549588372377,0.42023358676848527,0.8571428571428571,0.14285714285714285,0.7371150617099185
511,prot-private,13,12,1,8056,762,1.1350546176762661,0.18276172020769355,1.0,0.9230769230769231,0.07692307692307693,1.0
512,dna-private,110,105,5,7963,758,1.9989953535099836,0.9992751186678858,0.16855363333977505,0.9545454545454546,0.045454545454545456,0.4340141239947886
513,dna-private,33,29,4,8039,759,0.6845067794501803,-0.5468632646814404,0.526019630132248,0.8787878787878788,0.12121212121212122,0.8386141720370719
514,dna-private,10,8,2,8060,761,0.37766749379652603,-1.4048114799117843,0.21174867571160536,0.8,0.2,0.49903027017397994
515,dna-private,95,90,5,7978,758,1.7102030584106291,0.7741676315262407,0.3549231566349986,0.9473684210526315,0.05263157894736842,0.6806745469712303
516,prot-private,11,11,0,8057,763,2.179398076326404,1.1239297349069568,0.6147434751291604,1.0,0.0,0.8877285057891666
517,dna-private,269,258,11,7810,752,2.258363403561867,1.1752776554342526,0.005490149891788511,0.9591078066914498,0.040892193308550186,0.03788271050813613
518,dna-private,107,99,8,7969,755,1.172433805998243,0.22950647246017708,0.8620164363858343,0.9252336448598131,0.07476635514018691,1.0
519,dna-private,272,264,8,7804,755,3.1925935417734497,1.6747288909618685,0.00024862331864228325,0.9705882352941176,0.029411764705882353,0.0030316004660252602
520,dna-private,30,28,2,8040,761,1.3251243781094528,0.4061277794948587,1.0,0.9333333333333333,0.06666666666666667,1.0
521,prot-private,12,11,1,8057,762,1.0403375946382027,0.05705176594078467,1.0,0.9166666666666666,0.08333333333333333,1.0
522,dna-private,199,181,18,7887,745,0.9498401025597678,-0.07424342634878511,0.7985749457204923,0.9095477386934674,0.09045226130653267,0.982621515242012
524,dna-private,46,44,2,8024,761,2.086490528414756,1.0610783715286622,0.43094864261548504,0.9565217391304348,0.043478260869565216,0.7488214573864685
525,dna-private,90,75,15,7993,748,0.4679094207431503,-1.0956988191222388,0.012437453787442477,0.8333333333333334,0.16666666666666666,0.06996067755436393
526,dna-private,10,7,3,8061,760,0.21998924864574287,-2.1844950770669267,0.04865901572148691,0.7,0.3,0.18597682449668407
527,dna-private,19,18,1,8050,762,1.7038509316770187,0.7687991210462928,1.0,0.9473684210526315,0.05263157894736842,1.0
528,prot-private,73,66,7,8002,756,0.8907773056735816,-0.1668632918236799,0.6776458371579566,0.9041095890410958,0.0958904109589041,0.9096240285714047
529,dna-private,42,37,5,8031,758,0.6984435313161499,-0.5177846154492549,0.40660776219771855,0.8809523809523809,0.11904761904761904,0.7239648333054056
530,prot-private,12,12,0,8056,763,2.369204989759821,1.2444030296948858,0.6160300460842021,1.0,0.0,0.8877285057891666
531,dna-private,42,38,4,8030,759,0.897945205479452,-0.15530068354562512,0.7813655501740419,0.9047619047619048,0.09523809523809523,0.9719500803746435
532,dna-private,23,23,0,8045,763,4.460195140140451,2.157106831570286,0.2566084918038831,1.0,0.0,0.552695213116056
533,dna-private,218,210,8,7858,755,2.522111224230084,1.3346318994198771,0.006693086583546233,0.963302752293578,0.03669724770642202,0.04415334604852489
534,dna-private,34,31,3,8037,760,0.9771473601260835,-0.033351948566868406,1.0,0.9117647058823529,0.08823529411764706,1.0
535,dna-private,28,26,2,8042,761,1.2301666252176076,0.29885374084427707,1.0,0.9285714285714286,0.07142857142857142,1.0
536,prot-private,21,19,2,8049,761,0.8981861100757859,-0.15491368303454628,0.7021801097644735,0.9047619047619048,0.09523809523809523,0.9290003024430675
538,prot-private,827,767,60,7301,703,1.2308838971830343,0.29969468638958036,0.1523586036107125,0.9274486094316807,0.07255139056831923,0.4087406115319327
540,prot-private,270,263,7,7805,756,3.6392056374119153,1.8636235745904997,6.286242766476192e-05,0.9740740740740741,0.025925925925925925,0.0009093106639033462
541,prot-private,25,22,3,8046,760,0.692683735189328,-0.5297312963785412,0.4725039628434682,0.88,0.12,0.7854287509007519
542,dna-private,120,111,9,7957,754,1.16869842067781,0.22490269451951433,0.8694275214987501,0.925,0.075,1.0
543,dna-private,25,19,6,8049,757,0.29782167557046424,-1.7474793372735162,0.01735238107761688,0.76,0.24,0.08897013717321622
544,dna-private,30,28,2,8040,761,1.3251243781094528,0.4061277794948587,1.0,0.9333333333333333,0.06666666666666667,1.0
545,dna-private,203,203,0,7865,763,39.50727862182951,5.304046567525163,1.552556026491407e-08,1.0,0.0,5.9279411920581e-07
546,dna-private,12,12,0,8056,763,2.369204989759821,1.2444030296948858,0.6160300460842021,1.0,0.0,0.8877285057891666
547,dna-private,138,108,30,7960,733,0.3315075376884422,-1.5928864207422493,1.6580931193883415e-06,0.782608695652174,0.21739130434782608,3.651431942800813e-05
548,dna-private,20,18,2,8050,761,0.850807453416149,-0.2330954229434839,0.689509959490357,0.9,0.1,0.9164372879302213
549,prot-private,20,20,0,8048,763,3.8893582655153134,1.9595321337374263,0.4103003441798839,1.0,0.0,0.7243976184025975
550,dna-private,48,40,8,8028,755,0.47022919780767314,-1.0885639722628135,0.06436224515588485,0.8333333333333334,0.16666666666666666,0.22589534511536186
551,prot-private,10,10,0,8058,763,1.9896382701495317,0.9925061627800148,1.0,1.0,0.0,1.0
552,prot-private,23,21,2,8047,761,0.9929787498446626,-0.010165251073051074,1.0,0.9130434782608695,0.08695652173913043,1.0
553,dna-private,406,397,9,7671,754,4.335781225104651,2.1162919630065047,9.506607020918733e-08,0.9778325123152709,0.022167487684729065,2.994581211589401e-06
554,dna-private,46,41,5,8027,758,0.774336613927993,-0.36896723436485207,0.5937279062956088,0.8913043478260869,0.10869565217391304,0.8877285057891666
555,prot-private,12,11,1,8057,762,1.0403375946382027,0.05705176594078467,1.0,0.9166666666666666,0.08333333333333333,1.0
556,dna-private,90,83,7,7985,756,1.1226048841577958,0.16685024121179826,1.0,0.9222222222222223,0.07777777777777778,1.0
557,dna-private,13,12,1,8056,762,1.1350546176762661,0.18276172020769355,1.0,0.9230769230769231,0.07692307692307693,1.0
558,dna-private,70,66,4,8002,759,1.5650462384403898,0.6462052814283178,0.5213085110320503,0.9428571428571428,0.05714285714285714,0.8346235373575394
559,dna-private,49,41,8,8027,755,0.482044973215398,-1.0527603434361401,0.06883674654688149,0.8367346938775511,0.16326530612244897,0.23871825866716698
560,prot-private,268,258,10,7810,753,2.4875032010243276,1.3146983821784781,0.001902563394432888,0.9626865671641791,0.03731343283582089,0.01653261984127889
561,dna-private,44,41,3,8027,760,1.2939661974170509,0.37179992996121036,1.0,0.9318181818181818,0.06818181818181818,1.0
562,dna-private,11,8,3,8060,760,0.25144747725392885,-1.9916710158055382,0.06272898865567579,0.7272727272727273,0.2727272727272727,0.2222264077961148
563,prot-private,15,12,3,8056,760,0.37735849056603776,-1.4059923596758368,0.13412797121574013,0.8,0.2,0.36953624722703915
564,dna-private,23,19,4,8049,759,0.44791278419679464,-1.1587102511226255,0.13180999755492595,0.8260869565217391,0.17391304347826086,0.36608507770581933
565,dna-private,24,20,4,8048,759,0.47154572564612324,-1.0845304195026986,0.14800296197823892,0.8333333333333334,0.16666666666666666,0.3984695130183356
566,dna-private,43,30,13,8038,750,0.2153233678488717,-2.2154231992080757,4.279232893583892e-05,0.6976744186046512,0.3023255813953488,0.0006575406641360614
567,dna-private,39,37,2,8031,761,1.7530195492466691,0.8098420847705613,0.7717129128023361,0.9487179487179487,0.05128205128205128,0.9659188113883544
568,dna-private,92,89,3,7979,760,2.8257509295233323,1.4986343076472919,0.06266222278669038,0.967391304347826,0.03260869565217391,0.2222264077961148
569,dna-private,62,55,7,8013,756,0.7412953949831523,-0.431879545668138,0.4912156292701016,0.8870967741935484,0.11290322580645161,0.8055510102563922
570,prot-private,19,19,0,8049,763,3.699173861730542,1.8872031089403754,0.4020724346383381,1.0,0.0,0.7185975427578808
571,prot-private,45,43,2,8025,761,2.038816199376947,1.0277317213086157,0.43037991709652534,0.9555555555555556,0.044444444444444446,0.7488214573864685
572,dna-private,151,144,7,7924,756,1.9626451287228672,0.9727993387162944,0.07967754724813841,0.9536423841059603,0.046357615894039736,0.2620044870459062
573,prot-private,16,15,1,8053,762,1.4193468272693406,0.5052271650451089,1.0,0.9375,0.0625,1.0
574,dna-private,310,303,7,7765,756,4.214294913071474,2.0752912763617557,4.306539644408198e-06,0.9774193548387097,0.02258064516129032,8.522889976891617e-05
575,prot-private,32,30,2,8038,761,1.4201293854192585,0.5060223770533188,1.0,0.9375,0.0625,1.0
576,dna-private,60,52,8,8016,755,0.6122130738522954,-0.7078942408416751,0.2418554906702558,0.8666666666666667,0.13333333333333333,0.5452454052117999
577,dna-private,90,84,6,7984,757,1.3274048096192386,0.40860840670607534,0.7043880460844099,0.9333333333333333,0.06666666666666667,0.929036603167421
578,prot-private,21,21,0,8047,763,4.079589934762349,2.028424145133909,0.25142759190310204,1.0,0.0,0.549679755577632
579,dna-private,246,229,17,7839,746,1.2819312187178737,0.3583188570606654,0.419205353217748,0.9308943089430894,0.06910569105691057,0.7371150617099185
580,dna-private,34,30,4,8038,759,0.708198556854939,-0.49777419103476034,0.5325881344964782,0.8823529411764706,0.11764705882352941,0.8448103853951691
581,dna-private,18,12,6,8056,757,0.18793445878848064,-2.411698478021053,0.0030596653929017732,0.6666666666666666,0.3333333333333333,0.023846464299316913
582,dna-private,154,139,15,7929,748,0.8741917854290159,-0.19397827336010037,0.5643976931832625,0.9025974025974026,0.09740259740259741,0.8793995384306399
583,dna-private,76,69,7,7999,756,0.9316164520565071,-0.10219197756834389,0.836572709814127,0.9078947368421053,0.09210526315789473,1.0
584,dna-private,48,47,1,8021,762,4.4650292980925075,2.1586696418804494,0.12332252487605919,0.9791666666666666,0.020833333333333332,0.3499693273509788
585,dna-private,68,62,6,8006,757,0.9770588725122824,-0.03348260073608785,0.8303897837748552,0.9117647058823529,0.08823529411764706,1.0
586,dna-private,18,15,3,8053,760,0.4718738358375761,-1.0835269148384212,0.19951958732975172,0.8333333333333334,0.16666666666666666,0.4834513077605523
587,prot-private,16,14,2,8054,761,0.6614104792649615,-0.5963821913846045,0.6433648787155277,0.875,0.125,0.8944167861510463
588,dna-private,37,28,9,8040,754,0.291763405196241,-1.7771291521823351,0.003490272095355235,0.7567567567567568,0.24324324324324326,0.02654573142946235
589,prot-private,17,16,1,8052,762,1.5141579731743666,0.5985157305719824,1.0,0.9411764705882353,0.058823529411764705,1.0
590,dna-private,22,21,1,8047,762,1.988567167888654,0.9917292929167254,1.0,0.9545454545454546,0.045454545454545456,1.0
591,prot-private,29,21,8,8047,755,0.24628743631166894,-2.0215850603641554,0.002490746926013673,0.7241379310344828,0.27586206896551724,0.020142993006114353
592,dna-private,129,122,7,7946,756,1.6581928014095142,0.7296117616382559,0.266205284467266,0.9457364341085271,0.05426356589147287,0.5678645458726103
593,dna-private,154,141,13,7927,750,1.0261909151779216,0.03729915858410664,1.0,0.9155844155844156,0.08441558441558442,1.0
595,dna-private,17,12,5,8056,758,0.22581926514399206,-2.146759524001899,0.0122129485169433,0.7058823529411765,0.29411764705882354,0.06900589744999354
596,dna-private,13,10,3,8058,760,0.31438735831885495,-1.6693848876514445,0.09567651131280328,0.7692307692307693,0.23076923076923078,0.29523037776522154
597,prot-private,12,12,0,8056,763,2.369204989759821,1.2444030296948858,0.6160300460842021,1.0,0.0,0.8877285057891666
598,prot-private,14,14,0,8054,763,2.748960208579055,1.4588860238748205,0.6261069302735234,1.0,0.0,0.8877285057891666
599,dna-private,47,33,14,8035,749,0.21972619788425637,-2.1862212028028556,2.6279860698524063e-05,0.7021276595744681,0.2978723404255319,0.00041914714531823187
600,dna-private,24,21,3,8047,760,0.6611159438299987,-0.5970247869668049,0.45796208248726505,0.875,0.125,0.771541675614701
601,prot-private,14,12,2,8056,761,0.5667825223435948,-0.8191328237820831,0.3441645340324851,0.8571428571428571,0.14285714285714285,0.6658405737389302
602,dna-private,36,26,10,8042,753,0.24344690375528474,-2.0383209428747024,0.0006960142072866049,0.7222222222222222,0.2777777777777778,0.0071176686817424175
603,dna-private,102,92,10,7976,753,0.8685556670010031,-0.20330977855661714,0.5970479008972427,0.9019607843137255,0.09803921568627451,0.8877285057891666
604,prot-private,38,31,7,8037,756,0.4165733482642777,-1.2633575540131914,0.0416105135163432,0.8157894736842105,0.18421052631578946,0.1696739386103315
605,dna-private,63,62,1,8006,762,5.901074194354234,2.5609775974926587,0.04110099708500066,0.9841269841269841,0.015873015873015872,0.1688714880231549
606,dna-private,79,54,25,8014,738,0.19891190416770652,-2.329798475981658,4.8349772133310695e-09,0.6835443037974683,0.31645569620253167,1.9651842867087575e-07
607,dna-private,222,211,11,7857,752,1.8359077603063858,0.8764935766757729,0.05177583812722286,0.9504504504504504,0.04954954954954955,0.19454539574642388
608,dna-private,166,124,42,7944,721,0.267959046659953,-1.8999155706794364,9.82314669812417e-11,0.7469879518072289,0.25301204819277107,5.801796018579587e-09
609,dna-private,24,24,0,8044,763,4.650568711542047,2.2174071521673038,0.26199068748151555,1.0,0.0,0.5607728191846709
610,prot-private,19,18,1,8050,762,1.7038509316770187,0.7687991210462928,1.0,0.9473684210526315,0.05263157894736842,1.0
611,dna-private,13,10,3,8058,760,0.31438735831885495,-1.6693848876514445,0.09567651131280328,0.7692307692307693,0.23076923076923078,0.29523037776522154
612,dna-private,27,24,3,8044,760,0.7558428642466435,-0.40384175797440397,0.5034960913993611,0.8888888888888888,0.1111111111111111,0.819291961037273
613,prot-private,19,19,0,8049,763,3.699173861730542,1.8872031089403754,0.4020724346383381,1.0,0.0,0.7185975427578808
614,dna-private,49,47,2,8021,761,2.2295848397955367,1.1567750978906728,0.4381006704700901,0.9591836734693877,0.04081632653061224,0.7547951387315135
615,dna-private,16,14,2,8054,761,0.6614104792649615,-0.5963821913846045,0.6433648787155277,0.875,0.125,0.8944167861510463
616,prot-private,24,24,0,8044,763,4.650568711542047,2.2174071521673038,0.26199068748151555,1.0,0.0,0.5607728191846709
617,dna-private,11,9,2,8059,761,0.424928651197419,-1.2347074729427345,0.24486416172403402,0.8181818181818182,0.18181818181818182,0.5452454052117999
618,dna-private,26,26,0,8042,763,5.031457880012434,2.3309764858199498,0.16341990288205965,1.0,0.0,0.42631279012711215
619,dna-private,19,13,6,8055,757,0.20362093937512932,-2.2960421661882635,0.0041497281057160836,0.6842105263157895,0.3157894736842105,0.03034037183676363
620,dna-private,27,22,5,8046,758,0.41451652995277155,-1.2704984607046035,0.0781680204327629,0.8148148148148148,0.18518518518518517,0.2596476907611014
621,dna-private,78,70,8,7998,755,0.8259877469367342,-0.2758077146527217,0.5448163553779526,0.8974358974358975,0.10256410256410256,0.8577283728982344
622,dna-private,37,33,4,8035,759,0.7793092719352831,-0.3597321137885364,0.5570142951867847,0.8918918918918919,0.10810810810810811,0.8696877471317828
623,dna-private,28,25,3,8043,760,0.787434207799743,-0.344768707319201,0.7304102003319707,0.8928571428571429,0.10714285714285714,0.935915443137237
625,prot-private,25,25,0,8043,763,4.840989618946976,2.2753020004764437,0.16333070103528635,1.0,0.0,0.42631279012711215
627,dna-private,32,27,5,8041,758,0.5090411640343241,-0.9741457691425367,0.1928866945001127,0.84375,0.15625,0.4753009812323507
628,prot-private,54,44,10,8024,753,0.4129112662013958,-1.2760963121903177,0.02341980900540505,0.8148148148148148,0.18518518518518517,0.11024517813254184
629,dna-private,71,64,7,8004,756,0.863568215892054,-0.21161794974227255,0.6702707107429249,0.9014084507042254,0.09859154929577464,0.9071332927347855
630,dna-private,13,12,1,8056,762,1.1350546176762661,0.18276172020769355,1.0,0.9230769230769231,0.07692307692307693,1.0
631,prot-private,26,26,0,8042,763,5.031457880012434,2.3309764858199498,0.16341990288205965,1.0,0.0,0.42631279012711215
632,dna-private,267,256,11,7812,752,2.240283014476563,1.1636809991535484,0.005407979731092675,0.9588014981273408,0.04119850187265917,0.037439859676795445
633,dna-private,113,109,4,7959,759,2.598661892197512,1.3777689392425407,0.061051047664994806,0.9646017699115044,0.035398230088495575,0.21999328901208803
634,dna-private,130,124,6,7944,757,1.9693689157435381,0.9777333921230769,0.11476546474997948,0.9538461538461539,0.046153846153846156,0.33140829393042204
635,dna-private,11,8,3,8060,760,0.25144747725392885,-1.9916710158055382,0.06272898865567579,0.7272727272727273,0.2727272727272727,0.2222264077961148
636,dna-private,301,286,15,7782,748,1.832673691424655,0.8739499360846519,0.021037549117603766,0.9501661129568106,0.04983388704318937,0.10130182887202833
637,dna-private,64,48,16,8020,747,0.279426433915212,-1.8394595878318893,7.724355028674698e-05,0.75,0.25,0.0010814097040144576
638,dna-private,11,10,1,8058,762,0.9456440804169769,-0.08063080776791416,1.0,0.9090909090909091,0.09090909090909091,1.0
639,dna-private,35,34,1,8034,762,3.224794622852875,1.6892072826981948,0.3624586490896934,0.9714285714285714,0.02857142857142857,0.6895287838747061
640,dna-private,60,43,17,8025,746,0.2351328568810702,-2.0884519431900315,7.732969065497426e-06,0.7166666666666667,0.2833333333333333,0.00014121073945690953
641,prot-private,158,153,5,7915,758,2.9304864181933037,1.5511401509518377,0.00952479662268042,0.9683544303797469,0.03164556962025317,0.05779090085671265
642,dna-private,16,12,4,8056,759,0.2826464746772592,-1.8229293918701623,0.04347584763160735,0.75,0.25,0.1720824126151579
643,dna-private,251,247,4,7821,759,5.992616033755274,2.5831859387434313,3.3209005103012094e-06,0.9840637450199203,0.01593625498007968,6.897254906010205e-05
644,dna-private,87,84,3,7984,760,2.6653306613226455,1.4143145250512916,0.08547118192088624,0.9655172413793104,0.034482758620689655,0.27637194681185406
645,dna-private,47,40,7,8028,756,0.5381165919282511,-0.8940093043117862,0.12112503700560127,0.851063829787234,0.14893617021276595,0.34502836464293357
646,dna-private,63,60,3,8008,760,1.898101898101898,0.9245574443823166,0.3685680573327895,0.9523809523809523,0.047619047619047616,0.696950625645962
647,prot-private,42,40,2,8028,761,1.8958644743398108,0.9228558370282908,0.5796119669598028,0.9523809523809523,0.047619047619047616,0.8877285057891666
648,dna-private,53,53,0,8015,763,10.192065373339155,3.3493745312725625,0.01308781306435823,1.0,0.0,0.07307523394870623
649,dna-private,16,12,4,8056,759,0.2826464746772592,-1.8229293918701623,0.04347584763160735,0.75,0.25,0.1720824126151579
650,prot-private,46,44,2,8024,761,2.086490528414756,1.0610783715286622,0.43094864261548504,0.9565217391304348,0.043478260869565216,0.7488214573864685
651,dna-private,47,34,13,8034,750,0.24415465042798873,-2.0341328375529764,0.00011896093669070392,0.723404255319149,0.2765957446808511,0.0015889482003210629
652,dna-private,15,15,0,8053,763,2.9389085490780404,1.5552804669020328,0.6340216938892271,1.0,0.0,0.8912614365568161
653,dna-private,43,38,5,8030,758,0.7174097135740971,-0.47913081567736204,0.41632227297583635,0.8837209302325582,0.11627906976744186,0.7329754037487943
654,dna-private,111,100,11,7968,752,0.8579773640014604,-0.22098850925301608,0.6089202393969769,0.9009009009009009,0.0990990990990991,0.8877285057891666
655,dna-private,52,44,8,8024,755,0.5175099700897308,-0.9503414377624423,0.08505202690051364,0.8461538461538461,0.15384615384615385,0.2759627997287052
656,prot-private,11,11,0,8057,763,2.179398076326404,1.1239297349069568,0.6147434751291604,1.0,0.0,0.8877285057891666
657,prot-private,130,107,23,7961,740,0.4324342036995571,-1.2094474562824908,0.0007823062605350525,0.823076923076923,0.17692307692307693,0.007864674640485368
658,dna-private,18,18,0,8050,763,3.509036705794671,1.8110750389315806,0.39580838671128105,1.0,0.0,0.7127945220431836
659,dna-private,14,8,6,8060,757,0.12522746071133167,-2.9973771341507542,0.0006684083398609332,0.5714285714285714,0.42857142857142855,0.006884423772954571
660,prot-private,130,121,9,7947,754,1.2755896704556575,0.35116432001016795,0.635796768491584,0.9307692307692308,0.06923076923076923,0.8927985610770928
661,prot-private,21,16,5,8052,758,0.3012419274714357,-1.7310055136376103,0.03013179244691118,0.7619047619047619,0.23809523809523808,0.13228591805961004
662,dna-private,23,19,4,8049,759,0.44791278419679464,-1.1587102511226255,0.13180999755492595,0.8260869565217391,0.17391304347826086,0.36608507770581933
664,dna-private,50,47,3,8021,760,1.48443668702988,0.5699155619969191,0.7985132540164093,0.94,0.06,0.982621515242012
665,dna-private,63,56,7,8012,756,0.7548676984523215,-0.4057042815916351,0.495063345477411,0.8888888888888888,0.1111111111111111,0.8111571070241064
666,prot-private,19,17,2,8051,761,0.8034405663892684,-0.3157367887801676,0.677113499984792,0.8947368421052632,0.10526315789473684,0.9096240285714047
668,dna-private,51,46,5,8022,758,0.8693093991523311,-0.20205835147376677,0.8002634787141999,0.9019607843137255,0.09803921568627451,0.9830991061227415
669,dna-private,180,167,13,7901,750,1.2194172110638382,0.28619181369617563,0.591865195683621,0.9277777777777778,0.07222222222222222,0.8877285057891666
670,dna-private,53,50,3,8018,760,1.5797788309636651,0.6597225952337458,0.6235153699202394,0.9433962264150944,0.05660377358490566,0.8877285057891666
671,dna-private,12,11,1,8057,762,1.0403375946382027,0.05705176594078467,1.0,0.9166666666666666,0.08333333333333333,1.0
672,dna-private,55,51,4,8017,759,1.2070911812398653,0.271534658490667,1.0,0.9272727272727272,0.07272727272727272,1.0
673,dna-private,71,66,5,8002,758,1.2503874031492126,0.3223751492965808,0.8317555343109059,0.9295774647887324,0.07042253521126761,1.0
674,dna-private,48,39,9,8029,754,0.40694150371569726,-1.2971066673848288,0.03298403421956733,0.8125,0.1875,0.14088095971747402
676,dna-private,62,56,6,8012,757,0.8818439008154435,-0.1814047944905281,0.6540274862699829,0.9032258064516129,0.0967741935483871,0.89997229635986
677,dna-private,19,17,2,8051,761,0.8034405663892684,-0.3157367887801676,0.677113499984792,0.8947368421052632,0.10526315789473684,0.9096240285714047
678,dna-private,144,137,7,7931,756,1.865590719959652,0.8996325172458755,0.1323638340532425,0.9513888888888888,0.04861111111111111,0.36735337204203866
679,prot-private,149,135,14,7933,749,0.9104374133366948,-0.13536825019733012,0.6611804289070444,0.9060402684563759,0.09395973154362416,0.901825343293552
680,prot-private,10,8,2,8060,761,0.37766749379652603,-1.4048114799117843,0.21174867571160536,0.8,0.2,0.49903027017397994
681,dna-private,24,17,7,8051,756,0.22804620544031798,-2.1326019301202446,0.0032709512416669016,0.7083333333333334,0.2916666666666667,0.02513047905183107
682,dna-private,53,47,6,8021,757,0.739288534264223,-0.43579055634829733,0.45863866272651665,0.8867924528301887,0.11320754716981132,0.771541675614701
683,prot-private,32,30,2,8038,761,1.4201293854192585,0.5060223770533188,1.0,0.9375,0.0625,1.0
684,dna-private,225,200,25,7868,738,0.7503812913065582,-0.4143042362181342,0.18527538639850966,0.8888888888888888,0.1111111111111111,0.46135768154569595
685,prot-private,47,45,2,8023,761,2.134176741867132,1.0936796579133503,0.4324542966864182,0.9574468085106383,0.0425531914893617,0.7488214573864685
687,dna-private,74,69,5,7999,758,1.3077134641830228,0.38704646355191674,0.6815584399764893,0.9324324324324325,0.06756756756756757,0.9135783344365709
688,dna-private,37,33,4,8035,759,0.7793092719352831,-0.3597321137885364,0.5570142951867847,0.8918918918918919,0.10810810810810811,0.8696877471317828
689,dna-private,49,44,5,8024,758,0.8313060817547357,-0.26654832869115413,0.6108372502750749,0.8979591836734694,0.10204081632653061,0.8877285057891666
690,dna-private,11,11,0,8057,763,2.179398076326404,1.1239297349069568,0.6147434751291604,1.0,0.0,0.8877285057891666
691,dna-private,31,31,0,8037,763,5.984510108864697,2.581233153194096,0.10691894429686633,1.0,0.0,0.3167348036380523
692,prot-private,10,10,0,8058,763,1.9896382701495317,0.9925061627800148,1.0,1.0,0.0,1.0
693,dna-private,107,102,5,7966,758,1.9411498870198343,0.9569115208910389,0.16630011435353037,0.9532710280373832,0.04672897196261682,0.43131166486452366
694,prot-private,13,12,1,8056,762,1.1350546176762661,0.18276172020769355,1.0,0.9230769230769231,0.07692307692307693,1.0
695,dna-private,13,12,1,8056,762,1.1350546176762661,0.18276172020769355,1.0,0.9230769230769231,0.07692307692307693,1.0
696,prot-private,109,108,1,7960,762,10.338693467336684,3.3699819742257793,0.0009250254700762336,0.9908256880733946,0.009174311926605505,0.009011846074454028
697,prot-private,27,24,3,8044,760,0.7558428642466435,-0.40384175797440397,0.5034960913993611,0.8888888888888888,0.1111111111111111,0.819291961037273
698,dna-private,27,21,6,8047,757,0.3292531378153349,-1.6027309053120211,0.025034271393451355,0.7777777777777778,0.2222222222222222,0.11554279104669857
699,dna-private,16,14,2,8054,761,0.6614104792649615,-0.5963821913846045,0.6433648787155277,0.875,0.125,0.8944167861510463
700,prot-private,10,8,2,8060,761,0.37766749379652603,-1.4048114799117843,0.21174867571160536,0.8,0.2,0.49903027017397994
701,dna-private,58,51,7,8017,756,0.6870400399151803,-0.5415339147613307,0.34394622325296914,0.8793103448275862,0.1206896551724138,0.6658405737389302
702,dna-private,26,22,4,8046,759,0.5188292319164802,-0.9466683285728665,0.2775668458116302,0.8461538461538461,0.15384615384615385,0.577637734577502
703,dna-private,33,25,8,8043,755,0.29334514484645036,-1.7693289807165513,0.005919127913832364,0.7575757575757576,0.24242424242424243,0.0402415530832488
705,prot-private,26,26,0,8042,763,5.031457880012434,2.3309764858199498,0.16341990288205965,1.0,0.0,0.42631279012711215
706,dna-private,60,51,9,8017,754,0.5329508128560143,-0.9079257050984474,0.0999968237202635,0.85,0.15,0.3040355130800467
707,dna-private,19,14,5,8054,758,0.2635212316861187,-1.9240088916044207,0.019870482712073607,0.7368421052631579,0.2631578947368421,0.09882950612057663
708,dna-private,11,9,2,8059,761,0.424928651197419,-1.2347074729427345,0.24486416172403402,0.8181818181818182,0.18181818181818182,0.5452454052117999
709,dna-private,18,16,2,8052,761,0.7560854446100348,-0.40337881341779425,0.6651558352122813,0.8888888888888888,0.1111111111111111,0.901825343293552
710,dna-private,24,22,2,8046,761,1.0403927417350236,0.05712823951521257,1.0,0.9166666666666666,0.08333333333333333,1.0
711,dna-private,74,66,8,8002,755,0.7783991502124469,-0.3614179597747072,0.5292741107930962,0.8918918918918919,0.10810810810810811,0.8430915039182062
712,dna-private,57,55,2,8013,761,2.611693498065643,1.3849855956719388,0.2342584461718939,0.9649122807017544,0.03508771929824561,0.535329994154178
713,dna-private,61,47,14,8021,749,0.3134895898267049,-1.6735105592117259,0.0005543627139375435,0.7704918032786885,0.22950819672131148,0.005902791714602576
714,prot-private,18,17,1,8051,762,1.6089926717177991,0.6861577552096091,1.0,0.9444444444444444,0.05555555555555555,1.0
715,prot-private,10,10,0,8058,763,1.9896382701495317,0.9925061627800148,1.0,1.0,0.0,1.0
716,dna-private,40,36,4,8032,759,0.8504731075697212,-0.23366247709299323,0.7745368167164695,0.9,0.1,0.9681710208955868
717,dna-private,57,51,6,8017,757,0.8026069602095547,-0.31723442766022386,0.632329514926524,0.8947368421052632,0.10526315789473684,0.8912614365568161
718,dna-private,62,52,10,8016,753,0.48847305389221557,-1.0336491152695504,0.0635114259913783,0.8387096774193549,0.16129032258064516,0.2245773528974836
719,dna-private,65,57,8,8011,755,0.6714985644738485,-0.5745437794173306,0.26786571136270154,0.8769230769230769,0.12307692307692308,0.5701195883733174
720,dna-private,102,83,19,7985,744,0.4070263322677389,-1.2968059632872242,0.0011266396424773686,0.8137254901960784,0.18627450980392157,0.010700245850664454
721,dna-private,50,47,3,8021,760,1.48443668702988,0.5699155619969191,0.7985132540164093,0.94,0.06,0.982621515242012
722,dna-private,25,23,2,8045,761,1.0878185208203854,0.12143789394974983,1.0,0.92,0.08,1.0
723,prot-private,13,13,0,8055,763,2.5590590279932965,1.3556134253808918,0.6199739488311733,1.0,0.0,0.8877285057891666
724,dna-private,37,37,0,8031,763,7.129739152088651,2.8338492953406753,0.07162832242165393,1.0,0.0,0.24502720249217363
725,dna-private,46,38,8,8030,755,0.44660647571606477,-1.16292392474865,0.05683656199684942,0.8260869565217391,0.17391304347826086,0.20878737060067137
726,prot-private,101,97,4,7971,759,2.309089198343997,1.2073239043909312,0.10736899965978436,0.9603960396039604,0.039603960396039604,0.31781896532027004
727,dna-private,186,165,21,7903,742,0.7376945463747944,-0.4389045247427462,0.18745374356029515,0.8870967741935484,0.11290322580645161,0.46555528952556874
728,prot-private,631,629,2,7439,761,32.1729399112784,5.007775868044012,5.929305634951283e-23,0.9968304278922345,0.003169572107765452,1.72405963847045e-20
729,dna-private,127,123,4,7945,759,2.937602265575834,1.5546390765188247,0.024435446900136694,0.968503937007874,0.031496062992125984,0.11403208553397125
730,prot-private,10,10,0,8058,763,1.9896382701495317,0.9925061627800148,1.0,1.0,0.0,1.0
731,dna-private,29,25,4,8043,759,0.589798582618426,-0.7617057395135263,0.31079880204109256,0.8620689655172413,0.13793103448275862,0.6226498095050591
732,dna-private,11,8,3,8060,760,0.25144747725392885,-1.9916710158055382,0.06272898865567579,0.7272727272727273,0.2727272727272727,0.2222264077961148
733,dna-private,73,71,2,7997,761,3.3782043266224835,1.7562565904513359,0.08999664918085996,0.9726027397260274,0.0273972602739726,0.28301774867192236
734,dna-private,23,21,2,8047,761,0.9929787498446626,-0.010165251073051074,1.0,0.9130434782608695,0.08695652173913043,1.0
735,prot-private,16,15,1,8053,762,1.4193468272693406,0.5052271650451089,1.0,0.9375,0.0625,1.0
736,dna-private,40,39,1,8029,762,3.7013326690746045,1.8880448082821413,0.2551092409239627,0.975,0.025,0.5513510181203997
737,dna-private,134,117,17,7951,746,0.6457345357964592,-0.6309869061327846,0.11820477870043775,0.8731343283582089,0.12686567164179105,0.3382392607779369
738,dna-private,346,339,7,7729,756,4.736964678483633,2.243962914400521,3.9574888204238706e-07,0.9797687861271677,0.02023121387283237,1.0827093854612218e-05
739,dna-private,76,65,11,8003,752,0.5552463280815149,-0.8488001478194835,0.0954192830770926,0.8552631578947368,0.14473684210526316,0.29523037776522154
740,prot-private,11,11,0,8057,763,2.179398076326404,1.1239297349069568,0.6147434751291604,1.0,0.0,0.8877285057891666
741,dna-private,68,65,3,8003,760,2.057561747677954,1.040935726749968,0.2791915717124593,0.9558823529411765,0.04411764705882353,0.577637734577502
742,prot-private,22,20,2,8048,761,0.9455765407554672,-0.08073385141461938,0.7149840631017713,0.9090909090909091,0.09090909090909091,0.929036603167421
743,dna-private,95,62,33,8006,730,0.1713109107563267,-2.545311055591737,8.729681834904815e-13,0.6526315789473685,0.3473684210526316,6.734325986926571e-11
744,dna-private,81,77,4,7991,759,1.828400700788387,0.8705822770100311,0.3187035313952999,0.9506172839506173,0.04938271604938271,0.6327202461524336
745,dna-private,24,20,4,8048,759,0.47154572564612324,-1.0845304195026986,0.14800296197823892,0.8333333333333334,0.16666666666666666,0.3984695130183356
746,dna-private,132,128,4,7940,759,3.058942065491184,1.6130327833851463,0.017928328781143345,0.9696969696969697,0.030303030303030304,0.0907216637118097
747,dna-private,11,8,3,8060,760,0.25144747725392885,-1.9916710158055382,0.06272898865567579,0.7272727272727273,0.2727272727272727,0.2222264077961148
748,dna-private,32,30,2,8038,761,1.4201293854192585,0.5060223770533188,1.0,0.9375,0.0625,1.0
749,dna-private,135,117,18,7951,745,0.6090428876870834,-0.7153842712304715,0.061986448746363054,0.8666666666666667,0.13333333333333333,0.2222264077961148
750,dna-private,36,33,3,8035,760,1.0404480398257623,0.05720491840578896,1.0,0.9166666666666666,0.08333333333333333,1.0
751,dna-private,86,78,8,7990,755,0.9213078848560701,-0.11824473474064956,0.8460022462658843,0.9069767441860465,0.09302325581395349,1.0
752,dna-private,15,13,2,8055,761,0.614090626939789,-0.7034765119492934,0.37647785138890716,0.8666666666666667,0.13333333333333333,0.701027723275896
753,dna-private,37,35,2,8033,761,1.6578488733972363,0.7293124992717513,0.7674493121844022,0.9459459459459459,0.05405405405405406,0.9628139396140194
754,dna-private,48,44,4,8024,759,1.0405034895314058,0.05728180344058294,1.0,0.9166666666666666,0.08333333333333333,1.0
755,dna-private,69,66,3,8002,760,2.0894776305923517,1.063142313622643,0.2800930951306937,0.9565217391304348,0.043478260869565216,0.578236974109242
757,prot-private,41,41,0,8027,763,7.8941762690750545,2.980788733530644,0.04648979955695605,1.0,0.0,0.18023737674389115
758,dna-private,35,33,2,8035,761,1.5627255756067207,0.6440644542995428,0.7653062546149721,0.9428571428571428,0.05714285714285714,0.9627088941327722
759,dna-private,15,11,4,8057,759,0.2590604443341194,-1.948639346137071,0.03492376050102878,0.7333333333333333,0.26666666666666666,0.1468429529409219
760,prot-private,19,19,0,8049,763,3.699173861730542,1.8872031089403754,0.4020724346383381,1.0,0.0,0.7185975427578808
761,dna-private,42,36,6,8032,757,0.5654880478087649,-0.8224315632438842,0.17278394087249122,0.8571428571428571,0.14285714285714285,0.4404068081577996
762,prot-private,44,32,12,8036,751,0.24921187987390078,-2.004555251940176,0.00025034162366452747,0.7272727272727273,0.2727272727272727,0.0030427374194595303
763,dna-private,122,116,6,7952,757,1.8404594232059022,0.8800659428298615,0.19120304368361346,0.9508196721311475,0.04918032786885246,0.4730022939293579
764,dna-private,34,33,1,8035,762,3.1295581829495953,1.6459589982893192,0.360483975156175,0.9705882352941176,0.029411764705882353,0.6881966798436068
765,dna-private,100,95,5,7973,758,1.8063464191646807,0.8530745978489612,0.27913347909713404,0.95,0.05,0.577637734577502
766,dna-private,54,49,5,8019,758,0.9263499189425115,-0.11037083556529682,0.8072869656177273,0.9074074074074074,0.09259259259259259,0.987235435145587
768,dna-private,26,19,7,8049,756,0.254938501677227,-1.9717788243746233,0.00533995672421969,0.7307692307692307,0.2692307692307692,0.03703676406889987
769,dna-private,107,93,14,7975,749,0.6238871473354232,-0.6806430060304158,0.11593557545339228,0.8691588785046729,0.1308411214953271,0.3334336119852689
770,dna-private,54,51,3,8017,760,1.6115754022701758,0.6884716906849924,0.6248836820460282,0.9444444444444444,0.05555555555555555,0.8877285057891666
771,prot-private,21,20,1,8048,762,1.893638170974155,0.9211606925751572,1.0,0.9523809523809523,0.047619047619047616,1.0
772,prot-private,22,22,0,8046,763,4.269868887093767,2.0941917703507418,0.25303447370103727,1.0,0.0,0.5502139965319901
773,prot-private,19,17,2,8051,761,0.8034405663892684,-0.3157367887801676,0.677113499984792,0.8947368421052632,0.10526315789473684,0.9096240285714047
774,prot-private,20,20,0,8048,763,3.8893582655153134,1.9595321337374263,0.4103003441798839,1.0,0.0,0.7243976184025975
775,dna-private,38,37,1,8031,762,3.5106462457975347,1.811736628760338,0.2528650305028388,0.9736842105263158,0.02631578947368421,0.5502139965319901
776,dna-private,40,35,5,8033,758,0.6605253330013694,-0.5983142009480645,0.38935598611324007,0.875,0.125,0.7119955431576628
777,dna-private,16,15,1,8053,762,1.4193468272693406,0.5052271650451089,1.0,0.9375,0.0625,1.0
778,dna-private,125,101,24,7967,739,0.39035500606669177,-1.3571413234039638,0.00015893068368443475,0.808,0.192,0.002064460427241111
779,dna-private,74,67,7,8001,756,0.9043869516310461,-0.14498791765084137,0.8340671878135448,0.9054054054054054,0.0945945945945946,1.0
780,dna-private,40,38,2,8030,761,1.8006226650062267,0.8484958845424542,0.577200390112483,0.95,0.05,0.8877285057891666
782,dna-private,13,12,1,8056,762,1.1350546176762661,0.18276172020769355,1.0,0.9230769230769231,0.07692307692307693,1.0
784,dna-private,32,25,7,8043,756,0.3356956359567326,-1.574774312765524,0.017370360114770785,0.78125,0.21875,0.08897013717321622
785,dna-private,118,114,4,7954,759,2.719575056575308,1.4433812427749966,0.04537013414557898,0.9661016949152542,0.03389830508474576,0.17796725884652362
787,dna-private,98,91,7,7977,756,1.2320421210981571,0.3010515797833409,0.7191353521426547,0.9285714285714286,0.07142857142857142,0.929036603167421
788,dna-private,25,22,3,8046,760,0.692683735189328,-0.5297312963785412,0.4725039628434682,0.88,0.12,0.7854287509007519
789,prot-private,45,42,3,8026,760,1.3256915026164964,0.40674508960855665,1.0,0.9333333333333333,0.06666666666666667,1.0
790,dna-private,19,19,0,8049,763,3.699173861730542,1.8872031089403754,0.4020724346383381,1.0,0.0,0.7185975427578808
791,prot-private,133,131,2,7937,761,6.280143631094872,2.6507975548969482,0.0009115767818079621,0.9849624060150376,0.015037593984962405,0.0089268399876531
792,prot-private,53,44,9,8024,754,0.4593995790406558,-1.1221785601485315,0.044351943669463476,0.8301886792452831,0.16981132075471697,0.17500036228660953
793,dna-private,259,252,7,7816,756,3.482088024564995,1.7999526736949998,0.00017272341042535216,0.972972972972973,0.02702702702702703,0.0022207295626116706
794,dna-private,27,23,4,8045,759,0.5424798011187073,-0.8823586741383294,0.28746707582594033,0.8518518518518519,0.14814814814814814,0.5895960643635672
795,dna-private,11,11,0,8057,763,2.179398076326404,1.1239297349069568,0.6147434751291604,1.0,0.0,0.8877285057891666
796,dna-private,25,22,3,8046,760,0.692683735189328,-0.5297312963785412,0.4725039628434682,0.88,0.12,0.7854287509007519
797,prot-private,44,23,21,8045,742,0.1010151232649679,-3.307356795711753,1.0566299877335038e-11,0.5227272727272727,0.4772727272727273,7.132252417201151e-10
798,prot-private,22,22,0,8046,763,4.269868887093767,2.0941917703507418,0.25303447370103727,1.0,0.0,0.5502139965319901
799,dna-private,40,26,14,8042,749,0.17296692365083313,-2.5314319162581214,3.16389563408062e-06,0.65,0.35,6.607472650179417e-05
800,dna-private,105,97,8,7971,755,1.148460042654623,0.1997006631879061,0.8614405760484256,0.9238095238095239,0.0761904761904762,1.0
801,dna-private,15,10,5,8058,758,0.18813601389923057,-2.410152051977507,0.006850581845258427,0.6666666666666666,0.3333333333333333,0.044801383001863065
802,dna-private,45,33,12,8035,751,0.25703173615432484,-1.959981592410887,0.0003149715298926253,0.7333333333333333,0.26666666666666666,0.0036974918726525577
803,dna-private,50,47,3,8021,760,1.48443668702988,0.5699155619969191,0.7985132540164093,0.94,0.06,0.982621515242012
804,dna-private,12,10,2,8058,761,0.47220153884338545,-1.0825253517576907,0.27814822883872553,0.8333333333333334,0.16666666666666666,0.577637734577502
805,prot-private,99,90,9,7978,754,0.9450990223113562,-0.08146259993113666,0.8565744818065316,0.9090909090909091,0.09090909090909091,1.0
806,dna-private,90,77,13,7991,750,0.5559138646361772,-0.8470667311632842,0.05775122805921538,0.8555555555555555,0.14444444444444443,0.21153066091456793
807,dna-private,46,43,3,8025,760,1.3574247144340603,0.4408721854148619,0.7950578534474642,0.9347826086956522,0.06521739130434782,0.9818428325039212
808,dna-private,13,13,0,8055,763,2.5590590279932965,1.3556134253808918,0.6199739488311733,1.0,0.0,0.8877285057891666
809,dna-private,23,20,3,8048,760,0.629555997349238,-0.667593387308373,0.4442764268572269,0.8695652173913043,0.13043478260869565,0.7581782814990148
810,prot-private,226,226,0,7842,763,44.10143449155244,5.462753678112121,1.9500936060870204e-09,1.0,0.0,8.472820495412572e-08
812,dna-private,206,200,6,7868,757,3.207083545161837,1.68126193676077,0.0015065804119440895,0.970873786407767,0.02912621359223301,0.013624100375953728
813,dna-private,68,62,6,8006,757,0.9770588725122824,-0.03348260073608785,0.8303897837748552,0.9117647058823529,0.08823529411764706,1.0
814,dna-private,136,127,9,7941,754,1.3398536428381536,0.422075418381963,0.5366360219593949,0.9338235294117647,0.0661764705882353,0.8490934127277155
815,dna-private,20,16,4,8052,759,0.3770491803278688,-1.4071753815058734,0.08818066269357304,0.8,0.2,0.2795489730786403
816,dna-private,62,59,3,8009,760,1.8662338202855122,0.9001297526598621,0.3681670075315167,0.9516129032258065,0.04838709677419355,0.6968809656830912
817,dna-private,10,10,0,8058,763,1.9896382701495317,0.9925061627800148,1.0,1.0,0.0,1.0
818,prot-private,228,213,15,7855,748,1.3522087842138766,0.4353179243233978,0.33789035253760263,0.9342105263157895,0.06578947368421052,0.6610938379263273
819,prot-private,35,34,1,8034,762,3.224794622852875,1.6892072826981948,0.3624586490896934,0.9714285714285714,0.02857142857142857,0.6895287838747061
820,dna-private,24,19,5,8049,758,0.3578581190209964,-1.4825403832543624,0.050845175438360646,0.7916666666666666,0.20833333333333334,0.19257992300300927
821,dna-private,38,33,5,8035,758,0.6226260112009957,-0.6835622459202733,0.3755053214500226,0.868421052631579,0.13157894736842105,0.701027723275896
822,dna-private,108,105,3,7963,760,3.3404495793042823,1.7400422829939481,0.02406913360808783,0.9722222222222222,0.027777777777777776,0.11267344209634059
823,prot-private,15,15,0,8053,763,2.9389085490780404,1.5552804669020328,0.6340216938892271,1.0,0.0,0.8912614365568161
824,prot-private,19,18,1,8050,762,1.7038509316770187,0.7687991210462928,1.0,0.9473684210526315,0.05263157894736842,1.0
825,prot-private,70,68,2,8000,761,3.23425,1.6934312000917977,0.08827945392995844,0.9714285714285714,0.02857142857142857,0.2795489730786403
826,prot-private,21,21,0,8047,763,4.079589934762349,2.028424145133909,0.25142759190310204,1.0,0.0,0.549679755577632
827,dna-private,70,64,6,8004,757,1.0088289188738964,0.012681537358834259,1.0,0.9142857142857143,0.08571428571428572,1.0
828,dna-private,18,16,2,8052,761,0.7560854446100348,-0.40337881341779425,0.6651558352122813,0.8888888888888888,0.1111111111111111,0.901825343293552
830,dna-private,264,233,31,7835,732,0.7022088642773329,-0.5100278868084952,0.07462752604029183,0.8825757575757576,0.11742424242424243,0.2529973528540835
831,prot-private,71,69,2,7999,761,3.282222777847231,1.714673163771733,0.08843078320229134,0.971830985915493,0.028169014084507043,0.2795489730786403
832,prot-private,421,380,41,7688,722,0.8704093804725769,-0.2002339901737152,0.4230923332629309,0.9026128266033254,0.09738717339667459,0.741785259616827
833,dna-private,163,161,2,7907,761,7.747628683445049,2.953754812306003,0.00010118798456433678,0.9877300613496932,0.012269938650306749,0.0013758654016301907
834,dna-private,39,35,4,8033,759,0.8267459230673472,-0.2744840688163277,0.5763509902567905,0.8974358974358975,0.10256410256410256,0.8877285057891666
835,dna-private,14,11,3,8057,760,0.34586901659012864,-1.5317023139427457,0.1142871290727978,0.7857142857142857,0.21428571428571427,0.3309938352826966
836,dna-private,115,77,38,7991,725,0.18384169032266562,-2.443464126946724,9.892338306695889e-14,0.6695652173913044,0.33043478260869563,8.696055534723364e-12
837,dna-private,252,241,11,7827,752,2.1049746216476763,1.0738028397316934,0.011865821671393613,0.9563492063492064,0.04365079365079365,0.06868729849596915
839,dna-private,18,15,3,8053,760,0.4718738358375761,-1.0835269148384212,0.19951958732975172,0.8333333333333334,0.16666666666666666,0.4834513077605523
840,dna-private,30,23,7,8045,756,0.30876320696084525,-1.6954272473903271,0.012212238797290944,0.7666666666666667,0.23333333333333334,0.06900589744999354
841,dna-private,60,58,2,8010,761,2.7551810237203496,1.462147111335045,0.16955229586736598,0.9666666666666667,0.03333333333333333,0.43588442510011166
842,dna-private,57,50,7,8018,756,0.6734846595160888,-0.5702830102125773,0.3380672986009499,0.8771929824561403,0.12280701754385964,0.6610938379263273
844,prot-private,13,13,0,8055,763,2.5590590279932965,1.3556134253808918,0.6199739488311733,1.0,0.0,0.8877285057891666
845,dna-private,33,28,5,8040,758,0.5279601990049752,-0.9214989207249574,0.20188821211829633,0.8484848484848485,0.15151515151515152,0.4854563879180408
846,dna-private,99,87,12,7981,751,0.6822140082696404,-0.5517037159934298,0.20745653256494015,0.8787878787878788,0.12121212121212122,0.4972642315126657
847,dna-private,44,41,3,8027,760,1.2939661974170509,0.37179992996121036,1.0,0.9318181818181818,0.06818181818181818,1.0
848,dna-private,49,45,4,8023,759,1.0642839336906393,0.08988308982527116,1.0,0.9183673469387755,0.08163265306122448,1.0
849,dna-private,116,111,5,7957,758,2.114817142138997,1.0805329259768917,0.130839686219491,0.9568965517241379,0.04310344827586207,0.365809181885855
850,dna-private,32,26,6,8042,757,0.4079001906656719,-1.2937119133946928,0.05320593297080169,0.8125,0.1875,0.19750641493945995
851,dna-private,84,73,11,7995,752,0.62420831201319,-0.6799005264473371,0.16706605637543664,0.8690476190476191,0.13095238095238096,0.43237747381629027
852,dna-private,21,17,4,8051,759,0.4006645137250031,-1.3195333568682468,0.10183922039866987,0.8095238095238095,0.19047619047619047,0.30697946818737804
853,prot-private,24,23,1,8045,762,2.1784959602237413,1.1233324379395262,0.7174205323835983,0.9583333333333334,0.041666666666666664,0.929036603167421
854,dna-private,16,13,3,8055,760,0.40885578315745913,-1.2903360478430472,0.15504769204284768,0.8125,0.1875,0.4121520927721268
855,prot-private,29,29,0,8039,763,5.603146961875739,2.486237332723165,0.17242845368326137,1.0,0.0,0.44009423019765564
856,dna-private,13,12,1,8056,762,1.1350546176762661,0.18276172020769355,1.0,0.9230769230769231,0.07692307692307693,1.0
857,dna-private,32,28,4,8040,759,0.6608208955223881,-0.5976687885932205,0.3527235621150381,0.875,0.125,0.677143252816071
858,dna-private,60,56,4,8012,759,1.3262606090863704,0.40736429166036275,0.8168157466432637,0.9333333333333333,0.06666666666666667,0.9921476614111623
859,prot-private,33,20,13,8048,750,0.143370545955039,-2.8021794276760135,1.5140457786637842e-06,0.6060606060606061,0.3939393939393939,3.427001822364733e-05
860,prot-private,79,76,3,7992,760,2.4090757424090756,1.2684797532609589,0.15704646790986793,0.9620253164556962,0.0379746835443038,0.4157112385849445
861,prot-private,12,12,0,8056,763,2.369204989759821,1.2444030296948858,0.6160300460842021,1.0,0.0,0.8877285057891666
862,dna-private,31,22,9,8046,754,0.22907172646173393,-2.1261286921619806,0.0009044847682641359,0.7096774193548387,0.2903225806451613,0.008880395906593334
863,dna-private,46,40,6,8028,757,0.6286331174223551,-0.6697098172106793,0.2861923865624174,0.8695652173913043,0.13043478260869565,0.5882584128362903
864,dna-private,14,12,2,8056,761,0.5667825223435948,-0.8191328237820831,0.3441645340324851,0.8571428571428571,0.14285714285714285,0.6658405737389302
866,dna-private,84,81,3,7987,760,2.5691749092274945,1.3613051121481305,0.11643713434406215,0.9642857142857143,0.03571428571428571,0.3334336119852689
867,prot-private,23,22,1,8046,762,2.08351976137211,1.059022783504989,0.716472396975913,0.9565217391304348,0.043478260869565216,0.929036603167421
869,dna-private,57,56,1,8012,762,5.326010983524713,2.4130554037382184,0.059400973283665864,0.9824561403508771,0.017543859649122806,0.21551594103444832
870,dna-private,17,11,6,8057,757,0.17225187207811013,-2.537408432287962,0.002198420530932623,0.6470588235294118,0.35294117647058826,0.018304029971201136
871,dna-private,23,17,6,8051,757,0.2664058295035813,-1.9083024430191375,0.011466431173097915,0.7391304347826086,0.2608695652173913,0.06688751517640451
872,prot-private,268,260,8,7808,755,3.142610143442623,1.6519633096780095,0.00023999347311881233,0.9701492537313433,0.029850746268656716,0.0029549684963814677
873,dna-private,45,42,3,8026,760,1.3256915026164964,0.40674508960855665,1.0,0.9333333333333333,0.06666666666666667,1.0
874,dna-private,172,155,17,7913,746,0.8595683945257617,-0.21831565760702829,0.5821673322038301,0.9011627906976745,0.09883720930232558,0.8877285057891666
875,prot-private,37,35,2,8033,761,1.6578488733972363,0.7293124992717513,0.7674493121844022,0.9459459459459459,0.05405405405405406,0.9628139396140194
876,prot-private,18,18,0,8050,763,3.509036705794671,1.8110750389315806,0.39580838671128105,1.0,0.0,0.7127945220431836
877,dna-private,69,64,5,8004,758,1.2121939030484759,0.2776204913779883,0.8312801261172446,0.927536231884058,0.07246376811594203,1.0
878,dna-private,16,14,2,8054,761,0.6614104792649615,-0.5963821913846045,0.6433648787155277,0.875,0.125,0.8944167861510463
879,dna-private,32,28,4,8040,759,0.6608208955223881,-0.5976687885932205,0.3527235621150381,0.875,0.125,0.677143252816071
880,prot-private,16,14,2,8054,761,0.6614104792649615,-0.5963821913846045,0.6433648787155277,0.875,0.125,0.8944167861510463
881,dna-private,158,129,29,7939,734,0.41126520755241475,-1.2818590678211066,8.257257191696711e-05,0.8164556962025317,0.18354430379746836,0.0011475158891402046
882,prot-private,33,32,1,8036,762,3.0343454454952714,1.60138533876003,0.35982551827944353,0.9696969696969697,0.030303030303030304,0.6879820228104687
883,dna-private,50,42,8,8026,755,0.4938636929977573,-1.0178151837887939,0.073779988843333,0.84,0.16,0.2503486156443436
884,dna-private,15,12,3,8056,760,0.37735849056603776,-1.4059923596758368,0.13412797121574013,0.8,0.2,0.36953624722703915
885,prot-private,238,235,3,7833,760,7.600323418017788,2.9260608111407933,1.6614981327030154e-06,0.9873949579831933,0.012605042016806723,3.651431942800813e-05
886,prot-private,11,8,3,8060,760,0.25144747725392885,-1.9916710158055382,0.06272898865567579,0.7272727272727273,0.2727272727272727,0.2222264077961148
887,dna-private,31,23,8,8045,755,0.26981044126786824,-1.8899819153413544,0.003922942595776466,0.7419354838709677,0.25806451612903225,0.029075927474578513
888,dna-private,71,69,2,7999,761,3.282222777847231,1.714673163771733,0.08843078320229134,0.971830985915493,0.028169014084507043,0.2795489730786403
890,dna-private,19,14,5,8054,758,0.2635212316861187,-1.9240088916044207,0.019870482712073607,0.7368421052631579,0.2631578947368421,0.09882950612057663
891,dna-private,130,118,12,7950,751,0.9289098532494758,-0.10638949890412329,0.75337014362776,0.9076923076923077,0.09230769230769231,0.9524232368750051
892,prot-private,14,12,2,8056,761,0.5667825223435948,-0.8191328237820831,0.3441645340324851,0.8571428571428571,0.14285714285714285,0.6658405737389302
893,dna-private,53,51,2,8017,761,2.420543844330797,1.2753312265787462,0.3216808357150166,0.9622641509433962,0.03773584905660377,0.6362917629527801
894,prot-private,28,26,2,8042,761,1.2301666252176076,0.29885374084427707,1.0,0.9285714285714286,0.07142857142857142,1.0
895,dna-private,43,34,9,8034,754,0.35454872348076233,-1.4959441929687753,0.009926131263223923,0.7906976744186046,0.20930232558139536,0.05965147245625824
896,prot-private,38,34,4,8034,759,0.8030246452576549,-0.3164838293796611,0.5664327681214596,0.8947368421052632,0.10526315789473684,0.88148038843109
897,prot-private,16,14,2,8054,761,0.6614104792649615,-0.5963821913846045,0.6433648787155277,0.875,0.125,0.8944167861510463
898,prot-private,185,174,11,7894,752,1.5068751871386783,0.591559924995965,0.23261557247310444,0.9405405405405406,0.05945945945945946,0.5348460242994737
899,dna-private,17,16,1,8052,762,1.5141579731743666,0.5985157305719824,1.0,0.9411764705882353,0.058823529411764705,1.0
901,prot-private,10,10,0,8058,763,1.9896382701495317,0.9925061627800148,1.0,1.0,0.0,1.0
902,dna-private,22,18,4,8050,759,0.42428571428571427,-1.236891991031563,0.11640137205561549,0.8181818181818182,0.18181818181818182,0.3334336119852689
903,prot-private,21,21,0,8047,763,4.079589934762349,2.028424145133909,0.25142759190310204,1.0,0.0,0.549679755577632
904,prot-private,13,12,1,8056,762,1.1350546176762661,0.18276172020769355,1.0,0.9230769230769231,0.07692307692307693,1.0
905,dna-private,15,14,1,8054,762,1.3245592252296996,0.40551235260517215,1.0,0.9333333333333333,0.06666666666666667,1.0
906,dna-private,40,34,6,8034,757,0.5339390921915194,-0.9052529155305519,0.15359564215460278,0.85,0.15,0.41031203345893885
907,dna-private,143,136,7,7932,756,1.8517397881996975,0.8888813811849602,0.1316297466553708,0.951048951048951,0.04895104895104895,0.36608507770581933
908,prot-private,26,17,9,8051,754,0.1769000400226335,-2.4989937204573613,0.00020777740858706425,0.6538461538461539,0.34615384615384615,0.002600657630659281
909,dna-private,10,8,2,8060,761,0.37766749379652603,-1.4048114799117843,0.21174867571160536,0.8,0.2,0.49903027017397994
910,prot-private,24,24,0,8044,763,4.650568711542047,2.2174071521673038,0.26199068748151555,1.0,0.0,0.5607728191846709
911,prot-private,53,51,2,8017,761,2.420543844330797,1.2753312265787462,0.3216808357150166,0.9622641509433962,0.03773584905660377,0.6362917629527801
912,dna-private,14,11,3,8057,760,0.34586901659012864,-1.5317023139427457,0.1142871290727978,0.7857142857142857,0.21428571428571427,0.3309938352826966
913,dna-private,70,66,4,8002,759,1.5650462384403898,0.6462052814283178,0.5213085110320503,0.9428571428571428,0.05714285714285714,0.8346235373575394
914,prot-private,69,33,36,8035,727,0.08293922422733872,-3.591801636726721,7.995318747902132e-21,0.4782608695652174,0.5217391304347826,1.6790169370594478e-18
915,dna-private,137,119,18,7949,745,0.6196097342782461,-0.690568285355367,0.0652757779433194,0.8686131386861314,0.13138686131386862,0.22888909148956155
916,dna-private,12,12,0,8056,763,2.369204989759821,1.2444030296948858,0.6160300460842021,1.0,0.0,0.8877285057891666
917,prot-private,11,10,1,8058,762,0.9456440804169769,-0.08063080776791416,1.0,0.9090909090909091,0.09090909090909091,1.0
918,dna-private,53,52,1,8016,762,4.9431137724550895,2.3054201124392057,0.08570192744399394,0.9811320754716981,0.018867924528301886,0.27637194681185406
919,dna-private,118,88,30,7980,733,0.2694402673350042,-1.8919626199471173,4.295077702157225e-08,0.7457627118644068,0.2542372881355932,1.4626480823562442e-06
920,prot-private,374,365,9,7703,754,3.9697376202633894,1.9890436556165556,7.153360612624148e-07,0.9759358288770054,0.02406417112299465,1.8147451755516294e-05
921,dna-private,10,8,2,8060,761,0.37766749379652603,-1.4048114799117843,0.21174867571160536,0.8,0.2,0.49903027017397994
922,prot-private,135,132,3,7936,760,4.213709677419355,2.07509091658137,0.004720847629164753,0.9777777777777777,0.022222222222222223,0.03354559529973961
924,prot-private,49,38,11,8030,752,0.32351409487150457,-1.6280995259207514,0.0025666971702589785,0.7755102040816326,0.22448979591836735,0.020382595175586007
925,prot-private,912,851,61,7217,702,1.3570008881579694,0.44042166500192453,0.025091547053315455,0.9331140350877193,0.0668859649122807,0.11566591202625906
926,dna-private,32,28,4,8040,759,0.6608208955223881,-0.5976687885932205,0.3527235621150381,0.875,0.125,0.677143252816071
927,prot-private,25,24,1,8044,762,2.2734957732471406,1.1849123219091262,0.7193889252568892,0.96,0.04,0.929036603167421
928,dna-private,34,27,7,8041,756,0.3626414625046636,-1.4633842102627974,0.023897733564864732,0.7941176470588235,0.20588235294117646,0.11218859492620603
929,dna-private,11,10,1,8058,762,0.9456440804169769,-0.08063080776791416,1.0,0.9090909090909091,0.09090909090909091,1.0
930,prot-private,78,71,7,7997,756,0.9588595723396274,-0.06060855088874098,0.8397622399026872,0.9102564102564102,0.08974358974358974,1.0
931,prot-private,44,30,14,8038,749,0.19967653645185368,-2.3242632800490797,1.1298277677174185e-05,0.6818181818181818,0.3181818181818182,0.0001950113681265681
932,dna-private,79,76,3,7992,760,2.4090757424090756,1.2684797532609589,0.15704646790986793,0.9620253164556962,0.0379746835443038,0.4157112385849445
933,dna-private,68,61,7,8007,756,0.8227800674409891,-0.28142125113676786,0.6617752807851063,0.8970588235294118,0.10294117647058823,0.901825343293552
934,dna-private,61,55,6,8013,757,0.8659886018553185,-0.207580058567031,0.6489053231268938,0.9016393442622951,0.09836065573770492,0.89997229635986
935,prot-private,24,23,1,8045,762,2.1784959602237413,1.1233324379395262,0.7174205323835983,0.9583333333333334,0.041666666666666664,0.929036603167421
936,dna-private,159,152,7,7916,756,2.0737746336533602,1.052259118559542,0.06229904715334973,0.9559748427672956,0.0440251572327044,0.2222264077961148
937,prot-private,20,19,1,8049,762,1.798732761833768,0.8469808609552302,1.0,0.95,0.05,1.0
938,dna-private,41,33,8,8035,755,0.38760112009956443,-1.3673553549915614,0.02210213366205824,0.8048780487804879,0.1951219512195122,0.10482567784514449
939,dna-private,36,33,3,8035,760,1.0404480398257623,0.05720491840578896,1.0,0.9166666666666666,0.08333333333333333,1.0
940,dna-private,28,19,9,8049,754,0.197760936486244,-2.3381706147117396,0.0003923095620041631,0.6785714285714286,0.32142857142857145,0.004387367291052475
941,dna-private,127,121,6,7947,757,1.9209974413824924,0.9418555974483916,0.14938241488666346,0.952755905511811,0.047244094488188976,0.4018971731470376
942,dna-private,58,51,7,8017,756,0.6870400399151803,-0.5415339147613307,0.34394622325296914,0.8793103448275862,0.1206896551724138,0.6658405737389302
943,prot-private,83,64,19,8004,744,0.3131066045924406,-1.6752741542412954,6.302629469382982e-05,0.7710843373493976,0.2289156626506024,0.0009093106639033462
944,dna-private,69,61,8,8007,755,0.7189802672661422,-0.47597591908779496,0.38515438168687777,0.8840579710144928,0.11594202898550725,0.7119955431576628
945,prot-private,331,292,39,7776,724,0.6971087897013823,-0.5205442765048065,0.04544282514186147,0.8821752265861027,0.11782477341389729,0.17800401972666982
946,dna-private,22,21,1,8047,762,1.988567167888654,0.9917292929167254,1.0,0.9545454545454546,0.045454545454545456,1.0
947,prot-private,190,182,8,7886,755,2.1780687293938628,1.1230494793033212,0.025722893899324535,0.9578947368421052,0.042105263157894736,0.1175725984757518
948,prot-private,87,69,18,7999,745,0.3570237946409968,-1.4859078658246008,0.000377196868638387,0.7931034482758621,0.20689655172413793,0.004281694184543852
949,dna-private,26,24,2,8044,761,1.1352560914967678,0.1830177779193497,1.0,0.9230769230769231,0.07692307692307693,1.0
950,prot-private,48,39,9,8029,754,0.40694150371569726,-1.2971066673848288,0.03298403421956733,0.8125,0.1875,0.14088095971747402
951,dna-private,43,38,5,8030,758,0.7174097135740971,-0.47913081567736204,0.41632227297583635,0.8837209302325582,0.11627906976744186,0.7329754037487943
952,dna-private,25,24,1,8044,762,2.2734957732471406,1.1849123219091262,0.7193889252568892,0.96,0.04,0.929036603167421
953,prot-private,16,14,2,8054,761,0.6614104792649615,-0.5963821913846045,0.6433648787155277,0.875,0.125,0.8944167861510463
954,dna-private,66,63,3,8005,760,1.9937539038101186,0.9954873437060888,0.3739718950287718,0.9545454545454546,0.045454545454545456,0.701027723275896
955,dna-private,189,157,32,7911,731,0.45335213626595877,-1.1412960117416522,0.0001951495578363218,0.8306878306878307,0.1693121693121693,0.0024753870087962965
956,prot-private,18,18,0,8050,763,3.509036705794671,1.8110750389315806,0.39580838671128105,1.0,0.0,0.7127945220431836
957,dna-private,97,84,13,7984,750,0.6069831971635579,-0.7202715153163493,0.10037861899492456,0.865979381443299,0.13402061855670103,0.3047639998400119
958,prot-private,87,82,5,7986,758,1.5566240921612822,0.638420591268765,0.44262248489451633,0.9425287356321839,0.05747126436781609,0.7581782814990148
959,dna-private,58,40,18,8028,745,0.20622266511653656,-2.277725192568043,9.65893143381986e-07,0.6896551724137931,0.3103448275862069,2.34043338588712e-05
960,dna-private,68,62,6,8006,757,0.9770588725122824,-0.03348260073608785,0.8303897837748552,0.9117647058823529,0.08823529411764706,1.0
961,dna-private,297,270,27,7798,736,0.9438317517312131,-0.08339838845326063,0.7526274610777947,0.9090909090909091,0.09090909090909091,0.9524232368750051
962,dna-private,44,38,6,8030,757,0.5970527189705271,-0.744069769696516,0.27219974523256757,0.8636363636363636,0.13636363636363635,0.5748128698207293
963,dna-private,34,31,3,8037,760,0.9771473601260835,-0.033351948566868406,1.0,0.9117647058823529,0.08823529411764706,1.0
964,dna-private,39,31,8,8037,755,0.3640195346522334,-1.4579122219642189,0.016570423611427704,0.7948717948717948,0.20512820512820512,0.08651409012596233
965,dna-private,10,9,1,8059,762,0.8509740662613228,-0.2328129289529579,0.59509736615207,0.9,0.1,0.8877285057891666
966,dna-private,33,26,7,8042,756,0.3491668739119622,-1.5180114004957996,0.02045338416886959,0.7878787878787878,0.21212121212121213,0.100669000206155
967,dna-private,49,47,2,8021,761,2.2295848397955367,1.1567750978906728,0.4381006704700901,0.9591836734693877,0.04081632653061224,0.7547951387315135
968,dna-private,19,18,1,8050,762,1.7038509316770187,0.7687991210462928,1.0,0.9473684210526315,0.05263157894736842,1.0
969,prot-private,48,46,2,8022,761,2.181874844178509,1.1255683487460493,0.43485333151682726,0.9583333333333334,0.041666666666666664,0.7509116460180937
970,dna-private,33,28,5,8040,758,0.5279601990049752,-0.9214989207249574,0.20188821211829633,0.8484848484848485,0.15151515151515152,0.4854563879180408
971,prot-private,36,36,0,8032,763,6.93874883286648,2.7946755453180945,0.07033340726884621,1.0,0.0,0.24191108232596784
972,dna-private,25,24,1,8044,762,2.2734957732471406,1.1849123219091262,0.7193889252568892,0.96,0.04,0.929036603167421
973,dna-private,10,10,0,8058,763,1.9896382701495317,0.9925061627800148,1.0,1.0,0.0,1.0
974,prot-private,87,87,0,7981,763,16.74027438451419,4.065251269725066,0.000747241105519674,1.0,0.0,0.007552329890011678
975,prot-private,375,368,7,7700,756,5.161558441558442,2.3678067277508554,3.11180076517187e-08,0.9813333333333333,0.018666666666666668,1.099309055359782e-06
976,dna-private,30,27,3,8041,760,0.8506404676035318,-0.2333786048164745,0.741081562259439,0.9,0.1,0.9438302915568327
977,prot-private,16,16,0,8052,763,3.1289040670599193,1.6456574258851278,0.3903018394628883,1.0,0.0,0.7119955431576628
978,prot-private,19,13,6,8055,757,0.20362093937512932,-2.2960421661882635,0.0041497281057160836,0.6842105263157895,0.3157894736842105,0.03034037183676363
979,dna-private,104,93,11,7975,752,0.7972185807922485,-0.3269527593912226,0.4801055556849071,0.8942307692307693,0.10576923076923077,0.7956916669409964
980,dna-private,464,448,16,7620,747,2.7448818897637794,1.456744072466157,8.370008024996926e-06,0.9655172413793104,0.034482758620689655,0.00014923882233249238
981,dna-private,29,23,6,8045,757,0.3607002278848146,-1.4711277602892203,0.03469919040833027,0.7931034482758621,0.20689655172413793,0.14671469769965145
982,dna-private,310,283,27,7785,736,0.9909274721092319,-0.013148627240972653,0.9181745141650353,0.9129032258064517,0.08709677419354839,1.0
983,prot-private,276,271,5,7797,758,5.269154803129409,2.397571565444244,3.1195949491495944e-06,0.9818840579710145,0.018115942028985508,6.551149393214149e-05
984,dna-private,36,34,2,8034,761,1.6102813044560618,0.6873127387084181,0.7660921570241743,0.9444444444444444,0.05555555555555555,0.9627088941327722
985,prot-private,100,88,12,7980,751,0.6901420217209691,-0.5350348156792953,0.21176224186281356,0.88,0.12,0.49903027017397994
986,dna-private,318,309,9,7759,754,3.33642651544443,1.7383037289456733,3.810201433832733e-05,0.9716981132075472,0.02830188679245283,0.0005926980008184251
987,prot-private,16,16,0,8052,763,3.1289040670599193,1.6456574258851278,0.3903018394628883,1.0,0.0,0.7119955431576628
988,prot-private,10,9,1,8059,762,0.8509740662613228,-0.2328129289529579,0.59509736615207,0.9,0.1,0.8877285057891666
989,dna-private,52,44,8,8024,755,0.5175099700897308,-0.9503414377624423,0.08505202690051364,0.8461538461538461,0.15384615384615385,0.2759627997287052
990,dna-private,18,15,3,8053,760,0.4718738358375761,-1.0835269148384212,0.19951958732975172,0.8333333333333334,0.16666666666666666,0.4834513077605523
991,dna-private,100,86,14,7982,749,0.5764219493861188,-0.7948028224080266,0.07021420685993279,0.86,0.14,0.24191108232596784
992,dna-private,70,66,4,8002,759,1.5650462384403898,0.6462052814283178,0.5213085110320503,0.9428571428571428,0.05714285714285714,0.8346235373575394
993,dna-private,112,89,23,7979,740,0.3588768342987298,-1.4784392955032006,0.00010678164516877374,0.7946428571428571,0.20535714285714285,0.0014467190635769345
994,dna-private,52,48,4,8020,759,1.1356608478802992,0.18353205479433976,1.0,0.9230769230769231,0.07692307692307693,1.0
995,prot-private,21,18,3,8050,760,0.5664596273291925,-0.8199549588372377,0.42023358676848527,0.8571428571428571,0.14285714285714285,0.7371150617099185
996,dna-private,11,7,4,8061,759,0.16477484183103833,-2.601432109261252,0.011139087896983257,0.6363636363636364,0.36363636363636365,0.06558528387943413
997,dna-private,39,35,4,8033,759,0.8267459230673472,-0.2744840688163277,0.5763509902567905,0.8974358974358975,0.10256410256410256,0.8877285057891666
998,dna-private,111,111,0,7957,763,21.39622997172479,4.419284710193873,0.00010095183009654806,1.0,0.0,0.0013758654016301907
999,prot-private,144,136,8,7932,755,1.618129097327282,0.6943267132339328,0.23022993569090816,0.9444444444444444,0.05555555555555555,0.5309756906111244
1000,dna-private,173,147,26,7921,737,0.526055373738747,-0.9267134261424537,0.005617636619170957,0.8497109826589595,0.15028901734104047,0.03853841455620004
1001,dna-private,141,125,16,7943,747,0.7347271182172983,-0.4447195705084974,0.22861244255719831,0.8865248226950354,0.11347517730496454,0.5288586492449263
1002,dna-private,27,26,1,8042,762,2.463566277045511,1.3007482848340537,0.7259809616915744,0.9629629629629629,0.037037037037037035,0.9324526113469763
1003,prot-private,94,92,2,7976,761,4.388916750250752,2.1338649051623624,0.0160518717646156,0.9787234042553191,0.02127659574468085,0.08431576376250839
1004,prot-private,238,225,13,7843,750,1.6550770407712905,0.7268983733780028,0.07936481756897948,0.9453781512605042,0.0546218487394958,0.2617792411961103
1005,dna-private,47,45,2,8023,761,2.134176741867132,1.0936796579133503,0.4324542966864182,0.9574468085106383,0.0425531914893617,0.7488214573864685
1007,dna-private,41,34,7,8034,756,0.4570575056011949,-1.1295524026316588,0.08375481910547275,0.8292682926829268,0.17073170731707318,0.2726901087154927
1008,prot-private,15,14,1,8054,762,1.3245592252296996,0.40551235260517215,1.0,0.9333333333333333,0.06666666666666667,1.0
1009,dna-private,182,122,60,7946,703,0.1798934474368655,-2.474785457061196,5.9530895811177325e-21,0.6703296703296703,0.32967032967032966,1.4064174135390643e-18
1010,prot-private,20,19,1,8049,762,1.798732761833768,0.8469808609552302,1.0,0.95,0.05,1.0
1011,prot-private,154,147,7,7921,756,2.0042923873248326,1.0030929850670374,0.08052418201254113,0.9545454545454546,0.045454545454545456,0.2637620519994848
1012,prot-private,17,17,0,8051,763,3.3189467801030865,1.7307254957322895,0.3917859073460155,1.0,0.0,0.7119955431576628
1013,dna-private,29,27,2,8041,761,1.2776395970650416,0.3534809310772793,1.0,0.9310344827586207,0.06896551724137931,1.0
1014,dna-private,27,26,1,8042,762,2.463566277045511,1.3007482848340537,0.7259809616915744,0.9629629629629629,0.037037037037037035,0.9324526113469763
1015,dna-private,26,18,8,8050,755,0.2110248447204969,-2.244515232234588,0.0011437205258709375,0.6923076923076923,0.3076923076923077,0.010835247087198355
1016,dna-private,147,119,28,7949,735,0.39297395898855203,-1.347494381596456,7.234185816292346e-05,0.8095238095238095,0.19047619047619047,0.0010241656324189163
1017,prot-private,57,54,3,8014,760,1.7070127277264786,0.7714738153424622,0.4814145085434018,0.9473684210526315,0.05263157894736842,0.7956916669409964
1018,dna-private,83,79,4,7989,759,1.876361246714232,0.9079376096607988,0.322085067854452,0.9518072289156626,0.04819277108433735,0.6364252778305429
1019,dna-private,227,211,16,7857,747,1.2537943871706758,0.3263007764246698,0.4720201133142058,0.9295154185022027,0.07048458149779736,0.7854287509007519
1020,dna-private,76,64,12,8004,751,0.500416458437448,-0.9987988551126254,0.03720700398704664,0.8421052631578947,0.15789473684210525,0.15506336832528808
1021,prot-private,307,292,15,7776,748,1.872565157750343,0.9050159195533546,0.016805710528433004,0.9511400651465798,0.048859934853420196,0.0875008068835768
1022,prot-private,62,61,1,8007,762,5.805170475833646,2.5373384341930856,0.04102574237091692,0.9838709677419355,0.016129032258064516,0.1688714880231549
1024,dna-private,17,16,1,8052,762,1.5141579731743666,0.5985157305719824,1.0,0.9411764705882353,0.058823529411764705,1.0
1025,dna-private,63,57,6,8011,757,0.8977031581575334,-0.15568962436519637,0.8202440076053734,0.9047619047619048,0.09523809523809523,0.9943945954933647
1026,dna-private,31,27,4,8041,759,0.637140902872777,-0.6503156370107998,0.33798369846811566,0.8709677419354839,0.12903225806451613,0.6610938379263273
1027,dna-private,69,64,5,8004,758,1.2121939030484759,0.2776204913779883,0.8312801261172446,0.927536231884058,0.07246376811594203,1.0
1028,dna-private,102,87,15,7981,748,0.5435910286931462,-0.8794064485074273,0.04794090457667238,0.8529411764705882,0.14705882352941177,0.18453830885928882
1029,dna-private,66,65,1,8003,762,6.188929151568162,2.6296898066334986,0.04312861008214397,0.9848484848484849,0.015151515151515152,0.1720824126151579
1030,prot-private,20,20,0,8048,763,3.8893582655153134,1.9595321337374263,0.4103003441798839,1.0,0.0,0.7243976184025975
1031,dna-private,39,34,5,8034,758,0.6415733134179736,-0.640313961511398,0.3819673631645426,0.8717948717948718,0.1282051282051282,0.7088054161816254
1032,dna-private,31,27,4,8041,759,0.637140902872777,-0.6503156370107998,0.33798369846811566,0.8709677419354839,0.12903225806451613,0.6610938379263273
1033,prot-private,18,17,1,8051,762,1.6089926717177991,0.6861577552096091,1.0,0.9444444444444444,0.05555555555555555,1.0
1034,dna-private,20,18,2,8050,761,0.850807453416149,-0.2330954229434839,0.689509959490357,0.9,0.1,0.9164372879302213
1035,dna-private,30,23,7,8045,756,0.30876320696084525,-1.6954272473903271,0.012212238797290944,0.7666666666666667,0.23333333333333334,0.06900589744999354
1036,prot-private,11,10,1,8058,762,0.9456440804169769,-0.08063080776791416,1.0,0.9090909090909091,0.09090909090909091,1.0
1037,dna-private,48,39,9,8029,754,0.40694150371569726,-1.2971066673848288,0.03298403421956733,0.8125,0.1875,0.14088095971747402
1038,dna-private,58,57,1,8011,762,5.421795031831232,2.4387705738635503,0.05940942078251195,0.9827586206896551,0.017241379310344827,0.21551594103444832
1040,dna-private,62,56,6,8012,757,0.8818439008154435,-0.1814047944905281,0.6540274862699829,0.9032258064516129,0.0967741935483871,0.89997229635986
1041,dna-private,44,38,6,8030,757,0.5970527189705271,-0.744069769696516,0.27219974523256757,0.8636363636363636,0.13636363636363635,0.5748128698207293
1042,prot-private,24,20,4,8048,759,0.47154572564612324,-1.0845304195026986,0.14800296197823892,0.8333333333333334,0.16666666666666666,0.3984695130183356
1043,dna-private,58,48,10,8020,753,0.4506733167082294,-1.1498460608365606,0.03067575211940938,0.8275862068965517,0.1724137931034483,0.13374203346178484
1044,prot-private,58,54,4,8014,759,1.2785749937609183,0.3545367831481368,0.8158654802031671,0.9310344827586207,0.06896551724137931,0.9920355729124783
1045,prot-private,25,17,8,8051,755,0.19927648739287046,-2.3271565980712716,0.000855738028245131,0.68,0.32,0.008445665135160823
1046,prot-private,18,17,1,8051,762,1.6089926717177991,0.6861577552096091,1.0,0.9444444444444444,0.05555555555555555,1.0
1047,dna-private,434,426,8,7642,755,5.260893745092908,2.3953079120807685,2.1769334059891124e-09,0.9815668202764977,0.018433179723502304,9.350918493907778e-08
1048,prot-private,15,13,2,8055,761,0.614090626939789,-0.7034765119492934,0.37647785138890716,0.8666666666666667,0.13333333333333333,0.701027723275896
1049,dna-private,25,20,5,8048,758,0.37673956262425445,-1.4083605516344355,0.05921837402854664,0.8,0.2,0.21551594103444832
1050,dna-private,21,17,4,8051,759,0.4006645137250031,-1.3195333568682468,0.10183922039866987,0.8095238095238095,0.19047619047619047,0.30697946818737804
1051,dna-private,10,8,2,8060,761,0.37766749379652603,-1.4048114799117843,0.21174867571160536,0.8,0.2,0.49903027017397994
1052,prot-private,16,16,0,8052,763,3.1289040670599193,1.6456574258851278,0.3903018394628883,1.0,0.0,0.7119955431576628
1053,dna-private,63,47,16,8021,747,0.27357093878568756,-1.8700131128236357,6.288455756736991e-05,0.746031746031746,0.25396825396825395,0.0009093106639033462
1054,prot-private,45,43,2,8025,761,2.038816199376947,1.0277317213086157,0.43037991709652534,0.9555555555555556,0.044444444444444446,0.7488214573864685
1055,dna-private,51,46,5,8022,758,0.8693093991523311,-0.20205835147376677,0.8002634787141999,0.9019607843137255,0.09803921568627451,0.9830991061227415
1056,dna-private,88,84,4,7984,759,1.996367735470942,0.9973774928569661,0.2483668850792355,0.9545454545454546,0.045454545454545456,0.5471018797199942
1057,dna-private,56,51,5,8017,758,0.964400648621679,-0.05229547364106991,0.8132229511731766,0.9107142857142857,0.08928571428571429,0.9920355729124783
1058,prot-private,400,366,34,7702,729,1.0188873783738372,0.026994593563654634,1.0,0.915,0.085,1.0
1060,dna-private,68,66,2,8002,761,3.138340414896276,1.650001849516397,0.12474314509894599,0.9705882352941176,0.029411764705882353,0.3516249727621296
1061,dna-private,46,43,3,8025,760,1.3574247144340603,0.4408721854148619,0.7950578534474642,0.9347826086956522,0.06521739130434782,0.9818428325039212
1062,prot-private,18,17,1,8051,762,1.6089926717177991,0.6861577552096091,1.0,0.9444444444444444,0.05555555555555555,1.0
1063,dna-private,55,53,2,8015,761,2.5160948222083594,1.3311862930248344,0.23296433625348986,0.9636363636363636,0.03636363636363636,0.5349301350496712
1064,dna-private,144,136,8,7932,755,1.618129097327282,0.6943267132339328,0.23022993569090816,0.9444444444444444,0.05555555555555555,0.5309756906111244
1065,dna-private,30,22,8,8046,755,0.25804747700720854,-1.9542915697758916,0.0031439857370636048,0.7333333333333333,0.26666666666666666,0.02430320263006222
1066,dna-private,10,9,1,8059,762,0.8509740662613228,-0.2328129289529579,0.59509736615207,0.9,0.1,0.8877285057891666
1067,prot-private,2483,2396,87,5672,676,3.282298202097823,1.7147063159827256,4.379152924580652e-31,0.9649617398308498,0.03503826016915022,2.364742579273552e-28
1068,dna-private,41,34,7,8034,756,0.4570575056011949,-1.1295524026316588,0.08375481910547275,0.8292682926829268,0.17073170731707318,0.2726901087154927
1069,dna-private,81,69,12,7999,751,0.5398487310913864,-0.8893728829386969,0.06899285081740368,0.8518518518518519,0.14814814814814814,0.23904030805663234
1070,dna-private,27,25,2,8043,761,1.1827054581623773,0.2420908285745528,1.0,0.9259259259259259,0.07407407407407407,1.0
1072,dna-private,37,37,0,8031,763,7.129739152088651,2.8338492953406753,0.07162832242165393,1.0,0.0,0.24502720249217363
1073,dna-private,18,12,6,8056,757,0.18793445878848064,-2.411698478021053,0.0030596653929017732,0.6666666666666666,0.3333333333333333,0.023846464299316913
1075,dna-private,29,21,8,8047,755,0.24628743631166894,-2.0215850603641554,0.002490746926013673,0.7241379310344828,0.27586206896551724,0.020142993006114353
1076,dna-private,51,44,7,8024,756,0.5922233300099701,-0.7557867698114149,0.2049367938259777,0.8627450980392157,0.13725490196078433,0.49153621869428665
1077,dna-private,157,152,5,7916,758,2.910965133906013,1.5414975596798026,0.009495470833042103,0.9681528662420382,0.03184713375796178,0.05770559445160635
1078,prot-private,17,16,1,8052,762,1.5141579731743666,0.5985157305719824,1.0,0.9411764705882353,0.058823529411764705,1.0
1079,dna-private,49,46,3,8022,760,1.4526718191639658,0.5387088128522957,0.7970958400885375,0.9387755102040817,0.061224489795918366,0.9824004811003169
1080,prot-private,141,109,32,7959,731,0.31284944716672947,-1.6764595402204885,2.6721445190268594e-07,0.7730496453900709,0.22695035460992907,7.710462810627122e-06
1081,dna-private,76,62,14,8006,749,0.41431426430177365,-1.2712026035995163,0.006052320456455188,0.8157894736842105,0.18421052631578946,0.040707778159075815
1082,dna-private,45,40,5,8028,758,0.7553562531141006,-0.4047708631915255,0.5891647220141945,0.8888888888888888,0.1111111111111111,0.8877285057891666
1083,dna-private,39,31,8,8037,755,0.3640195346522334,-1.4579122219642189,0.016570423611427704,0.7948717948717948,0.20512820512820512,0.08651409012596233
1084,prot-private,21,21,0,8047,763,4.079589934762349,2.028424145133909,0.25142759190310204,1.0,0.0,0.549679755577632
1085,prot-private,15,15,0,8053,763,2.9389085490780404,1.5552804669020328,0.6340216938892271,1.0,0.0,0.8912614365568161
1086,dna-private,103,95,8,7973,755,1.1244983067854006,0.16928148877767302,1.0,0.9223300970873787,0.07766990291262135,1.0
1087,dna-private,65,53,12,8015,751,0.41383863589103764,-1.2728597536855957,0.01167574781226992,0.8153846153846154,0.18461538461538463,0.06789896420058507
1089,prot-private,65,58,7,8010,756,0.7820224719101123,-0.3547180300050319,0.504399216991848,0.8923076923076924,0.1076923076923077,0.8200555011738432
1090,dna-private,73,68,5,8000,758,1.2886,0.36580449987198166,0.8330946964386712,0.9315068493150684,0.0684931506849315,1.0
1091,dna-private,37,32,5,8036,758,0.603683424589348,-0.7281359054495624,0.24680288050724591,0.8648648648648649,0.13513513513513514,0.5452454052117999
1092,prot-private,11,8,3,8060,760,0.25144747725392885,-1.9916710158055382,0.06272898865567579,0.7272727272727273,0.2727272727272727,0.2222264077961148
1093,prot-private,14,12,2,8056,761,0.5667825223435948,-0.8191328237820831,0.3441645340324851,0.8571428571428571,0.14285714285714285,0.6658405737389302
1095,dna-private,33,28,5,8040,758,0.5279601990049752,-0.9214989207249574,0.20188821211829633,0.8484848484848485,0.15151515151515152,0.4854563879180408
1096,dna-private,68,56,12,8012,751,0.43742719254451656,-1.1928851869619879,0.014818469227456173,0.8235294117647058,0.17647058823529413,0.07979175737861016
1097,prot-private,15,14,1,8054,762,1.3245592252296996,0.40551235260517215,1.0,0.9333333333333333,0.06666666666666667,1.0
1099,dna-private,23,19,4,8049,759,0.44791278419679464,-1.1587102511226255,0.13180999755492595,0.8260869565217391,0.17391304347826086,0.36608507770581933
1100,prot-private,52,43,9,8025,754,0.4489027345102111,-1.155525210368578,0.041375960480036784,0.8269230769230769,0.17307692307692307,0.1696739386103315
1101,prot-private,79,76,3,7992,760,2.4090757424090756,1.2684797532609589,0.15704646790986793,0.9620253164556962,0.0379746835443038,0.4157112385849445
1103,dna-private,40,34,6,8034,757,0.5339390921915194,-0.9052529155305519,0.15359564215460278,0.85,0.15,0.41031203345893885
1104,dna-private,23,18,5,8050,758,0.33898136645962734,-1.5607221231633,0.043210400933891426,0.782608695652174,0.21739130434782608,0.1720824126151579
1105,prot-private,226,193,33,7875,730,0.5421452621452622,-0.883248636484997,0.002509880874571392,0.8539823008849557,0.14601769911504425,0.020142993006114353
1106,dna-private,44,38,6,8030,757,0.5970527189705271,-0.744069769696516,0.27219974523256757,0.8636363636363636,0.13636363636363635,0.5748128698207293
1107,dna-private,61,54,7,8014,756,0.7277264786623409,-0.45853179010386097,0.36524814508200953,0.8852459016393442,0.11475409836065574,0.6935485217894943
1108,dna-private,41,34,7,8034,756,0.4570575056011949,-1.1295524026316588,0.08375481910547275,0.8292682926829268,0.17073170731707318,0.2726901087154927
1109,dna-private,53,47,6,8021,757,0.739288534264223,-0.43579055634829733,0.45863866272651665,0.8867924528301887,0.11320754716981132,0.771541675614701
1110,dna-private,74,70,4,7998,759,1.6607276819204801,0.7318155265503035,0.4086031364203998,0.9459459459459459,0.05405405405405406,0.7243976184025975
1111,prot-private,74,72,2,7996,761,3.4262131065532766,1.7766148882012303,0.09139998108781028,0.972972972972973,0.02702702702702703,0.28647755266328595
1112,dna-private,183,167,16,7901,747,0.986813378053411,-0.0191508207567384,0.894542218727943,0.912568306010929,0.08743169398907104,1.0
1113,dna-private,14,13,1,8055,762,1.2297951582867783,0.29841803204048295,1.0,0.9285714285714286,0.07142857142857142,1.0
1114,prot-private,43,40,3,8028,760,1.2622487958810829,0.3359963011345369,1.0,0.9302325581395349,0.06976744186046512,1.0
1115,dna-private,18,15,3,8053,760,0.4718738358375761,-1.0835269148384212,0.19951958732975172,0.8333333333333334,0.16666666666666666,0.4834513077605523
1117,prot-private,87,82,5,7986,758,1.5566240921612822,0.638420591268765,0.44262248489451633,0.9425287356321839,0.05747126436781609,0.7581782814990148
1119,dna-private,24,19,5,8049,758,0.3578581190209964,-1.4825403832543624,0.050845175438360646,0.7916666666666666,0.20833333333333334,0.19257992300300927
1120,prot-private,69,51,18,8017,745,0.26329466550247393,-1.9252498030175875,1.4886456323753848e-05,0.7391304347826086,0.2608695652173913,0.0002534720941612142
1121,dna-private,44,36,8,8032,755,0.4229955179282869,-1.2412857182960182,0.051232947480790186,0.8181818181818182,0.18181818181818182,0.19288898553524594
1122,dna-private,56,56,0,8012,763,10.76761310452418,3.4286265728185734,0.013778946936202897,1.0,0.0,0.07581429318609453
1123,dead,41,37,4,8031,759,0.8742062009712365,-0.19395448331751783,0.7777676696173981,0.9024390243902439,0.0975609756097561,0.9693246921047691
1124,dna-private,46,41,5,8027,758,0.774336613927993,-0.36896723436485207,0.5937279062956088,0.8913043478260869,0.10869565217391304,0.8877285057891666
1125,prot-private,40,39,1,8029,762,3.7013326690746045,1.8880448082821413,0.2551092409239627,0.975,0.025,0.5513510181203997
1126,prot-private,16,15,1,8053,762,1.4193468272693406,0.5052271650451089,1.0,0.9375,0.0625,1.0
1127,prot-private,28,22,6,8046,757,0.34497472864363243,-1.5354374147237575,0.02960893992727668,0.7857142857142857,0.21428571428571427,0.13105596361253613
1128,prot-private,17,16,1,8052,762,1.5141579731743666,0.5985157305719824,1.0,0.9411764705882353,0.058823529411764705,1.0
1129,dna-private,89,85,4,7983,759,2.0203870725291244,1.014631715809792,0.18705362752386306,0.9550561797752809,0.0449438202247191,0.4649846455631637
1130,dna-private,151,149,2,7919,761,7.159300416719283,2.839818618964365,0.00020750790130956968,0.9867549668874173,0.013245033112582781,0.002600657630659281
1131,dna-private,59,53,6,8015,757,0.834289873154502,-0.26137936121413574,0.6397721118409453,0.8983050847457628,0.1016949152542373,0.8944167861510463
1132,dna-private,35,26,9,8042,754,0.27085578490701595,-1.8844031908329164,0.0023157207017891015,0.7428571428571429,0.2571428571428571,0.01902918315818001
1134,dna-private,58,47,11,8021,752,0.4005848284616518,-1.3198203125725327,0.015049894859836405,0.8103448275862069,0.1896551724137931,0.08080767410537161
1135,prot-private,11,10,1,8058,762,0.9456440804169769,-0.08063080776791416,1.0,0.9090909090909091,0.09090909090909091,1.0
1136,prot-private,35,34,1,8034,762,3.224794622852875,1.6892072826981948,0.3624586490896934,0.9714285714285714,0.02857142857142857,0.6895287838747061
1137,prot-private,18,18,0,8050,763,3.509036705794671,1.8110750389315806,0.39580838671128105,1.0,0.0,0.7127945220431836
1138,prot-private,412,345,67,7723,696,0.4640529065149457,-1.1076387989838368,3.237771692139605e-07,0.837378640776699,0.16262135922330098,9.065760737990894e-06
1139,dna-private,58,49,9,8019,754,0.5119230715938535,-0.9660010670226741,0.09332902648320371,0.8448275862068966,0.15517241379310345,0.29035697128107824
1140,dna-private,55,52,3,8016,760,1.6433799068529606,0.7166660325556753,0.6268287249000257,0.9454545454545454,0.05454545454545454,0.8877529337287737
1141,dna-private,82,71,11,7997,752,0.6069548808075755,-0.7203388200118696,0.16165210808968178,0.8658536585365854,0.13414634146341464,0.42631279012711215
1143,prot-private,38,32,6,8036,757,0.5024058403849344,-0.9930748594687165,0.13725715750041734,0.8421052631578947,0.15789473684210525,0.3762378936559663
1144,prot-private,24,22,2,8046,761,1.0403927417350236,0.05712823951521257,1.0,0.9166666666666666,0.08333333333333333,1.0
1145,prot-private,31,28,3,8040,760,0.8822553897180763,-0.18073175639889522,0.7471571356606916,0.9032258064516129,0.0967741935483871,0.9483727242435912
1146,dna-private,323,311,12,7757,751,2.5091422800911003,1.3271942806163342,0.0005601493671386816,0.9628482972136223,0.03715170278637771,0.005930993299115451
1148,dna-private,56,53,3,8015,760,1.6751923476814305,0.7443267571310803,0.6293208291051453,0.9464285714285714,0.05357142857142857,0.8899486472193974
1149,dna-private,82,66,16,8002,747,0.38507560609847535,-1.3767863611979114,0.0021006118404263466,0.8048780487804879,0.1951219512195122,0.01780339183141612
1150,dna-private,23,18,5,8050,758,0.33898136645962734,-1.5607221231633,0.043210400933891426,0.782608695652174,0.21739130434782608,0.1720824126151579
1151,dna-private,115,112,3,7956,760,3.566281213340037,1.8344204688336518,0.017727450220205974,0.9739130434782609,0.02608695652173913,0.09018810475421075
1152,dna-private,102,82,20,7986,743,0.3814550463310794,-1.3904150463637304,0.0004800781370958263,0.803921568627451,0.19607843137254902,0.0051554145886572025
1154,dna-private,44,34,10,8034,753,0.3186706497386109,-1.6498619450105614,0.003612651544815319,0.7727272727272727,0.22727272727272727,0.027202834341438057
1155,dna-private,18,15,3,8053,760,0.4718738358375761,-1.0835269148384212,0.19951958732975172,0.8333333333333334,0.16666666666666666,0.4834513077605523
1156,dna-private,24,18,6,8050,757,0.282111801242236,-1.825661077182454,0.014198257816908267,0.75,0.25,0.07742479672300717
1157,prot-private,11,11,0,8057,763,2.179398076326404,1.1239297349069568,0.6147434751291604,1.0,0.0,0.8877285057891666
1158,dna-private,102,74,28,7994,735,0.24299474605954466,-2.0410029741253743,2.0068611224720568e-08,0.7254901960784313,0.27450980392156865,7.51082677519245e-07
1159,prot-private,35,30,5,8038,758,0.5658123911420752,-0.8216043231664972,0.22271049171388355,0.8571428571428571,0.14285714285714285,0.5159923779089749
1160,prot-private,29,25,4,8043,759,0.589798582618426,-0.7617057395135263,0.31079880204109256,0.8620689655172413,0.13793103448275862,0.6226498095050591
1161,prot-private,36,16,20,8052,743,0.07382016890213612,-3.7598411512701055,8.185732969218803e-13,0.4444444444444444,0.5555555555555556,6.446264713259807e-11
1162,prot-private,76,64,12,8004,751,0.500416458437448,-0.9987988551126254,0.03720700398704664,0.8421052631578947,0.15789473684210525,0.15506336832528808
1163,dna-private,177,170,7,7898,756,2.324639149151684,1.2170067858408216,0.021088279645645996,0.96045197740113,0.03954802259887006,0.10141691737982425
1164,dna-private,61,52,9,8016,754,0.5434686183189177,-0.8797313632277645,0.10406737816431574,0.8524590163934426,0.14754098360655737,0.31220213449294726
1166,prot-private,23,22,1,8046,762,2.08351976137211,1.059022783504989,0.716472396975913,0.9565217391304348,0.043478260869565216,0.929036603167421
1167,dna-private,389,374,15,7694,748,2.4239840568408284,1.27738020987014,0.0002824869675214759,0.961439588688946,0.038560411311053984,0.0033791162570606928
1168,dna-private,105,101,4,7967,759,2.4055165055855405,1.266346698586508,0.08027424372076106,0.9619047619047619,0.0380952380952381,0.2633998622087472
1169,prot-private,15,14,1,8054,762,1.3245592252296996,0.40551235260517215,1.0,0.9333333333333333,0.06666666666666667,1.0
1172,dna-private,66,63,3,8005,760,1.9937539038101186,0.9954873437060888,0.3739718950287718,0.9545454545454546,0.045454545454545456,0.701027723275896
1173,dna-private,26,22,4,8046,759,0.5188292319164802,-0.9466683285728665,0.2775668458116302,0.8461538461538461,0.15384615384615385,0.577637734577502
1174,dna-private,27,22,5,8046,758,0.41451652995277155,-1.2704984607046035,0.0781680204327629,0.8148148148148148,0.18518518518518517,0.2596476907611014
1175,dna-private,46,40,6,8028,757,0.6286331174223551,-0.6697098172106793,0.2861923865624174,0.8695652173913043,0.13043478260869565,0.5882584128362903
1176,dna-private,72,68,4,8000,759,1.612875,0.6896346320037188,0.52425799712651,0.9444444444444444,0.05555555555555555,0.8368645393320134
1177,dna-private,14,10,4,8058,759,0.23548026805658973,-2.0863219198457696,0.027437579526156688,0.7142857142857143,0.2857142857142857,0.1234691078677051
1178,dna-private,288,263,25,7805,738,0.9947162075592569,-0.007643111287297403,0.9154023523498943,0.9131944444444444,0.08680555555555555,1.0
1179,dna-private,97,61,36,8007,727,0.15384802186975285,-2.7004222008229544,7.317439143700467e-15,0.6288659793814433,0.3711340206185567,7.475654044104802e-13
1180,dna-private,64,61,3,8007,760,1.9299779359726905,0.9485843543095553,0.3696849056344961,0.953125,0.046875,0.696950625645962
1182,prot-private,24,24,0,8044,763,4.650568711542047,2.2174071521673038,0.26199068748151555,1.0,0.0,0.5607728191846709
1183,dna-private,26,20,6,8048,757,0.31353545394300864,-1.673299505653589,0.020956108383636048,0.7692307692307693,0.23076923076923078,0.10125743597591168
1184,dna-private,25,23,2,8045,761,1.0878185208203854,0.12143789394974983,1.0,0.92,0.08,1.0
1185,dna-private,171,151,20,7917,743,0.7085575344196033,-0.4970430910711119,0.1671173251972487,0.8830409356725146,0.11695906432748537,0.43237747381629027
1186,dna-private,64,41,23,8027,740,0.16433666809301217,-2.605273673189282,1.2037142780273482e-09,0.640625,0.359375,5.481975868606477e-08
1187,dna-private,16,12,4,8056,759,0.2826464746772592,-1.8229293918701623,0.04347584763160735,0.75,0.25,0.1720824126151579
1188,dna-private,17,15,2,8053,761,0.7087420836955172,-0.49666737894466767,0.6538307945337098,0.8823529411764706,0.11764705882352941,0.89997229635986
1189,dna-private,34,30,4,8038,759,0.708198556854939,-0.49777419103476034,0.5325881344964782,0.8823529411764706,0.11764705882352941,0.8448103853951691
1190,dna-private,23,17,6,8051,757,0.2664058295035813,-1.9083024430191375,0.011466431173097915,0.7391304347826086,0.2608695652173913,0.06688751517640451
1191,dna-private,10,9,1,8059,762,0.8509740662613228,-0.2328129289529579,0.59509736615207,0.9,0.1,0.8877285057891666
1192,dna-private,21,20,1,8048,762,1.893638170974155,0.9211606925751572,1.0,0.9523809523809523,0.047619047619047616,1.0
1193,dna-private,127,110,17,7958,746,0.6065668287923363,-0.7212614911641795,0.0771222978487005,0.8661417322834646,0.13385826771653545,0.25936146429545187
1194,dna-private,33,33,0,8035,763,6.366063095015867,2.670401455813828,0.11089073460605553,1.0,0.0,0.3251877244459968
1195,dna-private,71,65,6,8003,757,1.024719896705402,0.03522960840475181,1.0,0.9154929577464789,0.08450704225352113,1.0
1196,dna-private,55,45,10,8023,753,0.42234824878474386,-1.2434950258056292,0.02485359940723393,0.8181818181818182,0.18181818181818182,0.11498972553163313
1197,dna-private,147,107,40,7961,723,0.2429374450445924,-2.0413432186780347,2.4367881937298266e-11,0.7278911564625851,0.272108843537415,1.615975328473464e-09
1198,dna-private,28,26,2,8042,761,1.2301666252176076,0.29885374084427707,1.0,0.9285714285714286,0.07142857142857142,1.0
1199,prot-private,80,77,3,7991,760,2.441079547824636,1.2875193092043564,0.15809982949810447,0.9625,0.0375,0.4181182841893913
1200,dna-private,56,49,7,8019,756,0.6599326599326599,-0.5996092766855576,0.33286343303645805,0.875,0.125,0.6539624619947044
1201,prot-private,27,20,7,8048,756,0.268389662027833,-1.8975989927546963,0.00668253784928251,0.7407407407407407,0.25925925925925924,0.04415334604852489
1202,dna-private,28,26,2,8042,761,1.2301666252176076,0.29885374084427707,1.0,0.9285714285714286,0.07142857142857142,1.0
1203,dna-private,35,29,6,8039,757,0.45513538168097195,-1.1356323508323312,0.11876717028896247,0.8285714285714286,0.17142857142857143,0.3388225688243609
1204,dna-private,40,33,7,8035,756,0.4435594275046671,-1.172800687040534,0.07971035981555347,0.825,0.175,0.2620044870459062
1205,dna-private,42,38,4,8030,759,0.897945205479452,-0.15530068354562512,0.7813655501740419,0.9047619047619048,0.09523809523809523,0.9719500803746435
1206,dna-private,51,37,14,8031,749,0.24648238077449883,-2.0204435723318372,7.175712500471061e-05,0.7254901960784313,0.27450980392156865,0.001019706513224835
1207,dna-private,88,82,6,7986,757,1.295475415310126,0.37348163724961114,0.7026486414509867,0.9318181818181818,0.06818181818181818,0.9290003024430675
1208,dna-private,85,78,7,7990,756,1.0543178973717147,0.07630993321037778,1.0,0.9176470588235294,0.08235294117647059,1.0
1209,prot-private,200,194,6,7874,757,3.108500550334434,1.636218834292662,0.0020419084072469786,0.97,0.03,0.01746247461401262
1210,dna-private,58,50,8,8018,755,0.5885195809428785,-0.7648376781636048,0.1581770228547168,0.8620689655172413,0.13793103448275862,0.4181182841893913
1211,dna-private,21,17,4,8051,759,0.4006645137250031,-1.3195333568682468,0.10183922039866987,0.8095238095238095,0.19047619047619047,0.30697946818737804
1212,dna-private,39,32,7,8036,756,0.4300647088103534,-1.2173743465698235,0.07633140016797835,0.8205128205128205,0.1794871794871795,0.25693026948794134
1213,prot-private,25,25,0,8043,763,4.840989618946976,2.2753020004764437,0.16333070103528635,1.0,0.0,0.42631279012711215
1214,dna-private,59,49,10,8019,753,0.4601197156752712,-1.1199188190644604,0.03313861186707278,0.8305084745762712,0.1694915254237288,0.1413814366337868
1215,prot-private,17,15,2,8053,761,0.7087420836955172,-0.49666737894466767,0.6538307945337098,0.8823529411764706,0.11764705882352941,0.89997229635986
1216,dna-private,91,81,10,7987,753,0.7636534368348566,-0.3890100356770952,0.44957056821535235,0.8901098901098901,0.10989010989010989,0.7644519783418947
1217,dna-private,18,15,3,8053,760,0.4718738358375761,-1.0835269148384212,0.19951958732975172,0.8333333333333334,0.16666666666666666,0.4834513077605523
1218,dna-private,23,18,5,8050,758,0.33898136645962734,-1.5607221231633,0.043210400933891426,0.782608695652174,0.21739130434782608,0.1720824126151579
1219,dna-private,16,14,2,8054,761,0.6614104792649615,-0.5963821913846045,0.6433648787155277,0.875,0.125,0.8944167861510463
1220,dna-private,30,22,8,8046,755,0.25804747700720854,-1.9542915697758916,0.0031439857370636048,0.7333333333333333,0.26666666666666666,0.02430320263006222
1221,dna-private,334,320,14,7748,749,2.2096024780588537,1.1437868426852553,0.0019573951823067407,0.9580838323353293,0.041916167664670656,0.01690008050677727
1222,dna-private,56,42,14,8026,749,0.2799651133815101,-1.836681031600088,0.00021449767515756396,0.75,0.25,0.0026759115910745604
1223,dna-private,29,25,4,8043,759,0.589798582618426,-0.7617057395135263,0.31079880204109256,0.8620689655172413,0.13793103448275862,0.6226498095050591
1224,prot-private,30,17,13,8051,750,0.12181955418820405,-3.037182365041562,4.0420617799923e-07,0.5666666666666667,0.43333333333333335,1.083616562295808e-05
1225,prot-private,70,65,5,8003,758,1.2312882668999126,0.30016856242390577,0.8314058909741602,0.9285714285714286,0.07142857142857142,1.0
1226,dna-private,42,37,5,8031,758,0.6984435313161499,-0.5177846154492549,0.40660776219771855,0.8809523809523809,0.11904761904761904,0.7239648333054056
1227,prot-private,11,11,0,8057,763,2.179398076326404,1.1239297349069568,0.6147434751291604,1.0,0.0,0.8877285057891666
1228,dna-private,91,69,22,7999,741,0.2905419995681278,-1.783181366063276,6.65443617724952e-06,0.7582417582417582,0.24175824175824176,0.00012567481423204059
1229,dna-private,44,36,8,8032,755,0.4229955179282869,-1.2412857182960182,0.051232947480790186,0.8181818181818182,0.18181818181818182,0.19288898553524594
1230,prot-private,31,30,1,8038,762,2.8439910425478976,1.5079169210430954,0.5158143009548789,0.967741935483871,0.03225806451612903,0.8300460015365867
1231,dna-private,76,65,11,8003,752,0.5552463280815149,-0.8488001478194835,0.0954192830770926,0.8552631578947368,0.14473684210526316,0.29523037776522154
1232,dna-private,100,94,6,7974,757,1.4872920324387593,0.5726879509448821,0.47203625868340876,0.94,0.06,0.7854287509007519
1233,prot-private,17,12,5,8056,758,0.22581926514399206,-2.146759524001899,0.0122129485169433,0.7058823529411765,0.29411764705882354,0.06900589744999354
1234,prot-private,10,9,1,8059,762,0.8509740662613228,-0.2328129289529579,0.59509736615207,0.9,0.1,0.8877285057891666
1235,dna-private,38,32,6,8036,757,0.5024058403849344,-0.9930748594687165,0.13725715750041734,0.8421052631578947,0.15789473684210525,0.3762378936559663
1236,dna-private,52,48,4,8020,759,1.1356608478802992,0.18353205479433976,1.0,0.9230769230769231,0.07692307692307693,1.0
1238,prot-private,130,123,7,7945,756,1.6719949653870358,0.7415705032668269,0.20996678557688095,0.9461538461538461,0.05384615384615385,0.49903027017397994
1239,prot-private,78,65,13,8003,750,0.4685742846432588,-1.0936503136176725,0.022591224402937187,0.8333333333333334,0.16666666666666666,0.10687713171852636
1240,dna-private,68,65,3,8003,760,2.057561747677954,1.040935726749968,0.2791915717124593,0.9558823529411765,0.04411764705882353,0.577637734577502
1242,dna-private,42,38,4,8030,759,0.897945205479452,-0.15530068354562512,0.7813655501740419,0.9047619047619048,0.09523809523809523,0.9719500803746435
1243,dna-private,35,32,3,8036,760,1.0087937614070017,0.012631258876499603,1.0,0.9142857142857143,0.08571428571428572,1.0
1244,dna-private,65,61,4,8007,759,1.4455788684900712,0.53164732211523,0.6568589537646927,0.9384615384615385,0.06153846153846154,0.9015711130103626
1245,dna-private,15,14,1,8054,762,1.3245592252296996,0.40551235260517215,1.0,0.9333333333333333,0.06666666666666667,1.0
1246,dna-private,81,75,6,7993,757,1.1838483673214062,0.24348430586321831,0.8434044002290152,0.9259259259259259,0.07407407407407407,1.0
1247,dna-private,30,17,13,8051,750,0.12181955418820405,-3.037182365041562,4.0420617799923e-07,0.5666666666666667,0.43333333333333335,1.083616562295808e-05
1248,prot-private,20,20,0,8048,763,3.8893582655153134,1.9595321337374263,0.4103003441798839,1.0,0.0,0.7243976184025975
1249,prot-private,18,15,3,8053,760,0.4718738358375761,-1.0835269148384212,0.19951958732975172,0.8333333333333334,0.16666666666666666,0.4834513077605523
1250,dna-private,28,25,3,8043,760,0.787434207799743,-0.344768707319201,0.7304102003319707,0.8928571428571429,0.10714285714285714,0.935915443137237
1251,dna-private,53,48,5,8020,758,0.9073316708229426,-0.14029807733739713,0.8046728122782936,0.9056603773584906,0.09433962264150944,0.9859524247688655
1252,dna-private,58,56,2,8012,761,2.6595107338991513,1.411160859748442,0.2360613316860446,0.9655172413793104,0.034482758620689655,0.5381856657257229
1253,dna-private,45,41,4,8027,759,0.9691977077363897,-0.04513710223311509,0.7939792105708714,0.9111111111111111,0.08888888888888889,0.9818428325039212
1254,dna-private,39,29,10,8039,753,0.27163826346560516,-1.880241380312341,0.0013728941120299033,0.7435897435897436,0.2564102564102564,0.012657414008470815
1255,prot-private,366,343,23,7725,740,1.4285633882088082,0.5145650529530124,0.10638095584318359,0.9371584699453552,0.06284153005464481,0.3164548857322689
1256,prot-private,10,10,0,8058,763,1.9896382701495317,0.9925061627800148,1.0,1.0,0.0,1.0
1257,dna-private,21,20,1,8048,762,1.893638170974155,0.9211606925751572,1.0,0.9523809523809523,0.047619047619047616,1.0
1258,dna-private,288,278,10,7790,753,2.687214377406932,1.4261114195590416,0.000598747344332608,0.9652777777777778,0.034722222222222224,0.006277139406171226
1259,dna-private,29,26,3,8042,760,0.8190334079416397,-0.2880057950494767,0.7354723604369783,0.896551724137931,0.10344827586206896,0.9398531177997896
1260,dna-private,102,98,4,7970,759,2.3331869510664993,1.2223019106528403,0.10799388402947954,0.9607843137254902,0.0392156862745098,0.31891943877455675
1261,dna-private,32,29,3,8039,760,0.9138781772193888,-0.12992623248711502,0.7536237834637938,0.90625,0.09375,0.9524232368750051
1262,dna-private,49,43,6,8025,757,0.6760332294911734,-0.5648339329303544,0.31277567193929934,0.8775510204081632,0.12244897959183673,0.6242302217162362
1263,dna-private,19,17,2,8051,761,0.8034405663892684,-0.3157367887801676,0.677113499984792,0.8947368421052632,0.10526315789473684,0.9096240285714047
1264,dna-private,41,33,8,8035,755,0.38760112009956443,-1.3673553549915614,0.02210213366205824,0.8048780487804879,0.1951219512195122,0.10482567784514449
1265,dna-private,43,42,1,8026,762,3.9875404933964615,1.995499169492087,0.17691603473387985,0.9767441860465116,0.023255813953488372,0.4455313866049739
1266,prot-private,32,28,4,8040,759,0.6608208955223881,-0.5976687885932205,0.3527235621150381,0.875,0.125,0.677143252816071
1267,prot-private,19,18,1,8050,762,1.7038509316770187,0.7687991210462928,1.0,0.9473684210526315,0.05263157894736842,1.0
1268,dna-private,25,19,6,8049,757,0.29782167557046424,-1.7474793372735162,0.01735238107761688,0.76,0.24,0.08897013717321622
1269,prot-private,17,15,2,8053,761,0.7087420836955172,-0.49666737894466767,0.6538307945337098,0.8823529411764706,0.11764705882352941,0.89997229635986
1270,dna-private,89,79,10,7989,753,0.7446113405933158,-0.4254405059701017,0.3443699263649758,0.8876404494382022,0.11235955056179775,0.6658405737389302
1271,dna-private,57,53,4,8015,759,1.2547411104179662,0.327389724936755,0.815828251546556,0.9298245614035088,0.07017543859649122,0.9920355729124783
1272,dna-private,119,112,7,7956,756,1.5203619909502262,0.6044148633873286,0.32753885433524454,0.9411764705882353,0.058823529411764705,0.6448421194725127
1273,dna-private,11,10,1,8058,762,0.9456440804169769,-0.08063080776791416,1.0,0.9090909090909091,0.09090909090909091,1.0
1274,prot-private,14,14,0,8054,763,2.748960208579055,1.4588860238748205,0.6261069302735234,1.0,0.0,0.8877285057891666
1275,dna-private,48,45,3,8023,760,1.4209148697494702,0.5068201220195966,0.7960332633665161,0.9375,0.0625,0.982372097788257
1276,dna-private,81,71,10,7997,753,0.6685382018256847,-0.5809180932676437,0.23085068450006402,0.8765432098765432,0.12345679012345678,0.5314345842936918
1277,prot-private,18,17,1,8051,762,1.6089926717177991,0.6861577552096091,1.0,0.9444444444444444,0.05555555555555555,1.0
1278,dna-private,60,52,8,8016,755,0.6122130738522954,-0.7078942408416751,0.2418554906702558,0.8666666666666667,0.13333333333333333,0.5452454052117999
1279,dna-private,26,24,2,8044,761,1.1352560914967678,0.1830177779193497,1.0,0.9230769230769231,0.07692307692307693,1.0
1280,dna-private,77,66,11,8002,752,0.5638590352411897,-0.8265935609468082,0.09802378585882451,0.8571428571428571,0.14285714285714285,0.3014889426740087
1281,prot-private,136,127,9,7941,754,1.3398536428381536,0.422075418381963,0.5366360219593949,0.9338235294117647,0.0661764705882353,0.8490934127277155
1282,dna-private,30,23,7,8045,756,0.30876320696084525,-1.6954272473903271,0.012212238797290944,0.7666666666666667,0.23333333333333334,0.06900589744999354
1283,prot-private,22,21,1,8047,762,1.988567167888654,0.9917292929167254,1.0,0.9545454545454546,0.045454545454545456,1.0
1284,dna-private,23,21,2,8047,761,0.9929787498446626,-0.010165251073051074,1.0,0.9130434782608695,0.08695652173913043,1.0
1285,dna-private,32,29,3,8039,760,0.9138781772193888,-0.12992623248711502,0.7536237834637938,0.90625,0.09375,0.9524232368750051
1286,prot-private,18,17,1,8051,762,1.6089926717177991,0.6861577552096091,1.0,0.9444444444444444,0.05555555555555555,1.0
1287,prot-private,203,129,74,7939,689,0.151290413729008,-2.7246075184614056,7.69438197013367e-29,0.6354679802955665,0.3645320197044335,3.6355954808881596e-26
1288,dna-private,106,98,8,7970,755,1.1604454203262233,0.21467866944981534,0.8616681192825254,0.9245283018867925,0.07547169811320754,1.0
1289,prot-private,37,32,5,8036,758,0.603683424589348,-0.7281359054495624,0.24680288050724591,0.8648648648648649,0.13513513513513514,0.5452454052117999
1290,prot-private,18,18,0,8050,763,3.509036705794671,1.8110750389315806,0.39580838671128105,1.0,0.0,0.7127945220431836
1291,dna-private,40,38,2,8030,761,1.8006226650062267,0.8484958845424542,0.577200390112483,0.95,0.05,0.8877285057891666
1292,prot-private,21,21,0,8047,763,4.079589934762349,2.028424145133909,0.25142759190310204,1.0,0.0,0.549679755577632
1293,dna-private,61,59,2,8009,761,2.803034086652516,1.4869892885536158,0.16974123644110167,0.9672131147540983,0.03278688524590164,0.43588442510011166
1294,dna-private,33,31,2,8037,761,1.4676496205051637,0.5535075873268854,1.0,0.9393939393939394,0.06060606060606061,1.0
1295,dna-private,44,39,5,8029,758,0.736380620251588,-0.44147643592745134,0.42666670038808,0.8863636363636364,0.11363636363636363,0.7456311268917903
1296,prot-private,195,165,30,7903,733,0.5101227382006833,-0.9710836860594957,0.0017476342312000876,0.8461538461538461,0.15384615384615385,0.01543471353723442
1297,dna-private,25,23,2,8045,761,1.0878185208203854,0.12143789394974983,1.0,0.92,0.08,1.0
1298,dna-private,63,43,20,8025,743,0.19905919003115266,-2.328730616543696,1.5885249362812214e-07,0.6825396825396826,0.31746031746031744,4.778180281213021e-06
1299,dna-private,81,71,10,7997,753,0.6685382018256847,-0.5809180932676437,0.23085068450006402,0.8765432098765432,0.12345679012345678,0.5314345842936918
1300,prot-private,78,77,1,7991,762,7.342510324114629,2.876273389087887,0.0135037838107815,0.9871794871794872,0.01282051282051282,0.07451723037190375
1301,dna-private,80,69,11,7999,752,0.5897100773960381,-0.7619222466914726,0.10814529647794789,0.8625,0.1375,0.31911726829558396
1303,dna-private,56,47,9,8021,754,0.4909058166756708,-1.026481833786521,0.05541985142368094,0.8392857142857143,0.16071428571428573,0.2041783999819824
1304,dna-private,51,40,11,8028,752,0.3406259908502061,-1.5537395734349146,0.0035803037429422324,0.7843137254901961,0.21568627450980393,0.027067096296643278
1305,dna-private,61,50,11,8018,752,0.426313521848568,-1.2300132793357057,0.018244744586905053,0.819672131147541,0.18032786885245902,0.09211853999860399
1306,prot-private,17,17,0,8051,763,3.3189467801030865,1.7307254957322895,0.3917859073460155,1.0,0.0,0.7119955431576628
1307,dna-private,45,45,0,8023,763,8.65937558422135,3.1142629979282406,0.03032254451942064,1.0,0.0,0.13296893072321347
1308,prot-private,210,206,4,7862,759,4.971826507250063,2.3137759541745906,8.63467469689083e-05,0.9809523809523809,0.01904761904761905,0.0011955703426464225
1309,dna-private,112,109,3,7959,760,3.4694475855425724,1.794705971436866,0.017324479682460793,0.9732142857142857,0.026785714285714284,0.08897013717321622
1310,dna-private,71,66,5,8002,758,1.2503874031492126,0.3223751492965808,0.8317555343109059,0.9295774647887324,0.07042253521126761,1.0
1311,dna-private,62,56,6,8012,757,0.8818439008154435,-0.1814047944905281,0.6540274862699829,0.9032258064516129,0.0967741935483871,0.89997229635986
1312,prot-private,12,12,0,8056,763,2.369204989759821,1.2444030296948858,0.6160300460842021,1.0,0.0,0.8877285057891666
1313,dna-private,40,38,2,8030,761,1.8006226650062267,0.8484958845424542,0.577200390112483,0.95,0.05,0.8877285057891666
1314,dna-private,33,32,1,8036,762,3.0343454454952714,1.60138533876003,0.35982551827944353,0.9696969696969697,0.030303030303030304,0.6879820228104687
1315,dna-private,13,11,2,8057,761,0.5194861611021472,-0.9448427780489919,0.31132490475252955,0.8461538461538461,0.15384615384615385,0.6226498095050591
1316,dna-private,36,32,4,8036,759,0.7555998008959681,-0.40430577331782563,0.5481765446359741,0.8888888888888888,0.1111111111111111,0.8608671951491409
1317,dna-private,42,33,9,8035,754,0.34407799211781787,-1.5391924773776509,0.008480687949955386,0.7857142857142857,0.21428571428571427,0.05298677760467994
1318,dna-private,28,23,5,8045,758,0.43341205717837167,-1.2061888062700663,0.08872434228178167,0.8214285714285714,0.17857142857142858,0.2799482586186433
1319,dna-private,31,29,2,8039,761,1.3726209727578056,0.4569333034066387,1.0,0.9354838709677419,0.06451612903225806,1.0
1320,dna-private,20,20,0,8048,763,3.8893582655153134,1.9595321337374263,0.4103003441798839,1.0,0.0,0.7243976184025975
1321,dna-private,357,349,8,7719,755,4.266987304054929,2.0932178179671372,6.328388782112723e-07,0.9775910364145658,0.022408963585434174,1.6292843754683847e-05
1322,dna-private,27,19,8,8049,755,0.22277612125729904,-2.1663334923256508,0.0015040106526116141,0.7037037037037037,0.2962962962962963,0.013624100375953728
1323,dna-private,59,57,2,8011,761,2.707339907627013,1.4368760298737735,0.2386021978668214,0.9661016949152542,0.03389830508474576,0.5420170119811207
1324,dna-private,38,31,7,8037,756,0.4165733482642777,-1.2633575540131914,0.0416105135163432,0.8157894736842105,0.18421052631578946,0.1696739386103315
1325,prot-private,110,87,23,7981,740,0.350724274499763,-1.5115908083272462,5.144712561773311e-05,0.7909090909090909,0.20909090909090908,0.000765630452106422
1326,dna-private,12,11,1,8057,762,1.0403375946382027,0.05705176594078467,1.0,0.9166666666666666,0.08333333333333333,1.0
1327,dna-private,64,60,4,8008,759,1.4217032967032968,0.5076204121879914,0.6561070459326518,0.9375,0.0625,0.9008661945606334
1328,prot-private,88,59,29,8009,734,0.18645403231709154,-2.423108097234289,9.355998082443759e-11,0.6704545454545454,0.32954545454545453,5.613598849466255e-09
1330,prot-private,2004,1983,21,6085,742,11.51454396055875,3.5253853684698,8.698886422515345e-60,0.9895209580838323,0.010479041916167664,1.6440895338554002e-56
1332,dna-private,123,115,8,7953,755,1.364657990695335,0.4485394295684014,0.5167998907909002,0.9349593495934959,0.06504065040650407,0.8312781222083415
1335,dna-private,29,28,1,8040,762,2.653731343283582,1.4080223234846352,0.5101863863798867,0.9655172413793104,0.034482758620689655,0.8237951903101118
1336,dna-private,17,15,2,8053,761,0.7087420836955172,-0.49666737894466767,0.6538307945337098,0.8823529411764706,0.11764705882352941,0.89997229635986
1337,dna-private,468,445,23,7623,740,1.8781833011082023,0.9093378695385483,0.0022390992530107335,0.9508547008547008,0.049145299145299144,0.018596535884507326
1338,prot-private,22,20,2,8048,761,0.9455765407554672,-0.08073385141461938,0.7149840631017713,0.9090909090909091,0.09090909090909091,0.929036603167421
1339,dna-private,72,65,7,8003,756,0.8771710608521804,-0.18906987869635503,0.6738013167272671,0.9027777777777778,0.09722222222222222,0.9096240285714047
1340,dna-private,23,18,5,8050,758,0.33898136645962734,-1.5607221231633,0.043210400933891426,0.782608695652174,0.21739130434782608,0.1720824126151579
1341,dna-private,16,14,2,8054,761,0.6614104792649615,-0.5963821913846045,0.6433648787155277,0.875,0.125,0.8944167861510463
1342,dna-private,15,13,2,8055,761,0.614090626939789,-0.7034765119492934,0.37647785138890716,0.8666666666666667,0.13333333333333333,0.701027723275896
1343,prot-private,140,126,14,7942,749,0.8487786451775371,-0.2365397356234049,0.5433428877415621,0.9,0.1,0.8557650481929604
1344,prot-private,15,14,1,8054,762,1.3245592252296996,0.40551235260517215,1.0,0.9333333333333333,0.06666666666666667,1.0
1345,dna-private,113,107,6,7961,757,1.6957459280659883,0.7619200285227853,0.2401091404472453,0.9469026548672567,0.05309734513274336,0.5447854447122372
1346,dna-private,40,38,2,8030,761,1.8006226650062267,0.8484958845424542,0.577200390112483,0.95,0.05,0.8877285057891666
1347,dna-private,42,40,2,8028,761,1.8958644743398108,0.9228558370282908,0.5796119669598028,0.9523809523809523,0.047619047619047616,0.8877285057891666
1348,dna-private,22,20,2,8048,761,0.9455765407554672,-0.08073385141461938,0.7149840631017713,0.9090909090909091,0.09090909090909091,0.929036603167421
1349,dna-private,18,15,3,8053,760,0.4718738358375761,-1.0835269148384212,0.19951958732975172,0.8333333333333334,0.16666666666666666,0.4834513077605523
1350,dna-private,11,11,0,8057,763,2.179398076326404,1.1239297349069568,0.6147434751291604,1.0,0.0,0.8877285057891666
1351,prot-private,13,13,0,8055,763,2.5590590279932965,1.3556134253808918,0.6199739488311733,1.0,0.0,0.8877285057891666
1352,dna-private,32,29,3,8039,760,0.9138781772193888,-0.12992623248711502,0.7536237834637938,0.90625,0.09375,0.9524232368750051
1353,dna-private,135,123,12,7945,751,0.9688797986154815,-0.04561040210352594,0.8771870525176195,0.9111111111111111,0.08888888888888889,1.0
1354,dna-private,58,52,6,8016,757,0.8184464404524284,-0.2890400857895409,0.6358237371480248,0.896551724137931,0.10344827586206896,0.8927985610770928
1355,dna-private,16,11,5,8057,758,0.20697530098051384,-2.2724694782688077,0.0092674991092931,0.6875,0.3125,0.05686874453429857
1356,prot-private,20,17,3,8051,760,0.5349231979464248,-0.9025963246739215,0.24653007314042663,0.85,0.15,0.5452454052117999
1357,dna-private,54,49,5,8019,758,0.9263499189425115,-0.11037083556529682,0.8072869656177273,0.9074074074074074,0.09259259259259259,0.987235435145587
1358,dna-private,380,337,43,7731,720,0.7298914367707177,-0.4542461997713408,0.061807489839073255,0.8868421052631579,0.11315789473684211,0.2222264077961148
1359,dna-private,48,44,4,8024,759,1.0405034895314058,0.05728180344058294,1.0,0.9166666666666666,0.08333333333333333,1.0
1360,dna-private,24,19,5,8049,758,0.3578581190209964,-1.4825403832543624,0.050845175438360646,0.7916666666666666,0.20833333333333334,0.19257992300300927
1361,dna-private,15,10,5,8058,758,0.18813601389923057,-2.410152051977507,0.006850581845258427,0.6666666666666666,0.3333333333333333,0.044801383001863065
1362,dna-private,16,14,2,8054,761,0.6614104792649615,-0.5963821913846045,0.6433648787155277,0.875,0.125,0.8944167861510463
1363,dna-private,13,12,1,8056,762,1.1350546176762661,0.18276172020769355,1.0,0.9230769230769231,0.07692307692307693,1.0
1364,dna-private,188,180,8,7888,755,2.153587728194726,1.1067420941642045,0.025663635883549835,0.9574468085106383,0.0425531914893617,0.11744375743319416
1365,prot-private,26,26,0,8042,763,5.031457880012434,2.3309764858199498,0.16341990288205965,1.0,0.0,0.42631279012711215
1366,dna-private,157,148,9,7920,754,1.565544332210999,0.6466643624883298,0.24947052514076584,0.9426751592356688,0.05732484076433121,0.5492129208107717
1367,prot-private,270,264,6,7804,757,4.268067657611481,2.0935830460140026,2.132044714264056e-05,0.9777777777777777,0.022222222222222223,0.00034440722307342445
1368,prot-private,44,39,5,8029,758,0.736380620251588,-0.44147643592745134,0.42666670038808,0.8863636363636364,0.11363636363636363,0.7456311268917903
1369,dna-private,70,66,4,8002,759,1.5650462384403898,0.6462052814283178,0.5213085110320503,0.9428571428571428,0.05714285714285714,0.8346235373575394
1370,dna-private,53,48,5,8020,758,0.9073316708229426,-0.14029807733739713,0.8046728122782936,0.9056603773584906,0.09433962264150944,0.9859524247688655
1371,prot-private,15,14,1,8054,762,1.3245592252296996,0.40551235260517215,1.0,0.9333333333333333,0.06666666666666667,1.0
1372,prot-private,17,16,1,8052,762,1.5141579731743666,0.5985157305719824,1.0,0.9411764705882353,0.058823529411764705,1.0
1373,dna-private,29,24,5,8044,758,0.45231228244654403,-1.1446089223004663,0.09997958225541735,0.8275862068965517,0.1724137931034483,0.3040355130800467
1374,dna-private,105,89,16,7979,747,0.5207654467978443,-0.9412943671732629,0.02207714333729416,0.8476190476190476,0.1523809523809524,0.10482567784514449
1375,prot-private,387,387,0,7681,763,77.03085334895528,6.267364502488401,4.503727447382435e-16,1.0,0.0,5.320028047220501e-14
1376,dna-private,125,105,20,7963,743,0.4898593494913977,-1.0295605189646098,0.0059864454971296915,0.84,0.16,0.040336477681194714
1377,dna-private,13,12,1,8056,762,1.1350546176762661,0.18276172020769355,1.0,0.9230769230769231,0.07692307692307693,1.0
1378,prot-private,23,18,5,8050,758,0.33898136645962734,-1.5607221231633,0.043210400933891426,0.782608695652174,0.21739130434782608,0.1720824126151579
1379,dna-private,16,13,3,8055,760,0.40885578315745913,-1.2903360478430472,0.15504769204284768,0.8125,0.1875,0.4121520927721268
1380,dna-private,17,12,5,8056,758,0.22581926514399206,-2.146759524001899,0.0122129485169433,0.7058823529411765,0.29411764705882354,0.06900589744999354
1381,dna-private,173,120,53,7948,710,0.20225807370550086,-2.3057308018123064,4.7824418234734175e-17,0.6936416184971098,0.3063583815028902,6.2336655492170755e-15
1382,dna-private,78,72,6,7996,757,1.1360680340170084,0.18404923396226008,1.0,0.9230769230769231,0.07692307692307693,1.0
1383,dna-private,25,17,8,8051,755,0.19927648739287046,-2.3271565980712716,0.000855738028245131,0.68,0.32,0.008445665135160823
1384,dna-private,56,47,9,8021,754,0.4909058166756708,-1.026481833786521,0.05541985142368094,0.8392857142857143,0.16071428571428573,0.2041783999819824
1385,dna-private,26,23,3,8045,760,0.7242593743525999,-0.4654216419440042,0.48773304782795196,0.8846153846153846,0.11538461538461539,0.801927325267359
1386,prot-private,28,27,1,8041,762,2.5586369854495707,1.355375475067056,0.5093441065762562,0.9642857142857143,0.03571428571428571,0.8237951903101118
1387,dna-private,25,18,7,8050,756,0.24149068322981365,-2.0499605642835608,0.004210200824664259,0.72,0.28,0.030546178727890397
1388,dna-private,68,57,11,8011,752,0.4864220787326517,-1.0397193805894318,0.045972362293924734,0.8382352941176471,0.16176470588235295,0.17896552983628786
1389,prot-private,21,21,0,8047,763,4.079589934762349,2.028424145133909,0.25142759190310204,1.0,0.0,0.549679755577632
1390,dna-private,331,312,19,7756,744,1.5752015417605385,0.6555364284199018,0.05770782317944105,0.9425981873111783,0.05740181268882175,0.21153066091456793
1391,dna-private,44,39,5,8029,758,0.736380620251588,-0.44147643592745134,0.42666670038808,0.8863636363636364,0.11363636363636363,0.7456311268917903
1392,dna-private,79,67,12,8001,751,0.5240699079281756,-0.9321688230211943,0.044243550574807285,0.8481012658227848,0.1518987341772152,0.17493788825603718
1393,dna-private,124,120,4,7948,759,2.864871665827881,1.5184705137743146,0.024151466397186686,0.967741935483871,0.03225806451612903,0.11284615943308489
1394,dna-private,31,28,3,8040,760,0.8822553897180763,-0.18073175639889522,0.7471571356606916,0.9032258064516129,0.0967741935483871,0.9483727242435912
1395,dna-private,116,110,6,7958,757,1.7439473904666165,0.8023565190954977,0.24172272159056307,0.9482758620689655,0.05172413793103448,0.5452454052117999
1396,dna-private,56,54,2,8014,761,2.5638881956575994,1.3583333512362161,0.23321821760895722,0.9642857142857143,0.03571428571428571,0.5349301350496712
1397,prot-private,20,19,1,8049,762,1.798732761833768,0.8469808609552302,1.0,0.95,0.05,1.0
1398,prot-private,21,21,0,8047,763,4.079589934762349,2.028424145133909,0.25142759190310204,1.0,0.0,0.549679755577632
1399,dna-private,17,17,0,8051,763,3.3189467801030865,1.7307254957322895,0.3917859073460155,1.0,0.0,0.7119955431576628
1400,dna-private,47,36,11,8032,752,0.30641072075335024,-1.7064613194681195,0.001798508616836502,0.7659574468085106,0.23404255319148937,0.015810145515446457
1401,prot-private,12,9,3,8059,760,0.2829135128427845,-1.8215670088364881,0.07844382615057613,0.75,0.25,0.2596476907611014
1402,dna-private,11,8,3,8060,760,0.25144747725392885,-1.9916710158055382,0.06272898865567579,0.7272727272727273,0.2727272727272727,0.2222264077961148
1403,dna-private,38,33,5,8035,758,0.6226260112009957,-0.6835622459202733,0.3755053214500226,0.868421052631579,0.13157894736842105,0.701027723275896
1404,dna-private,32,26,6,8042,757,0.4079001906656719,-1.2937119133946928,0.05320593297080169,0.8125,0.1875,0.19750641493945995
1405,prot-private,12,12,0,8056,763,2.369204989759821,1.2444030296948858,0.6160300460842021,1.0,0.0,0.8877285057891666
1406,dna-private,11,9,2,8059,761,0.424928651197419,-1.2347074729427345,0.24486416172403402,0.8181818181818182,0.18181818181818182,0.5452454052117999
1407,dna-private,34,32,2,8036,761,1.5151816824290691,0.5994907947702535,0.765131878985169,0.9411764705882353,0.058823529411764705,0.9627088941327722
1408,dna-private,14,11,3,8057,760,0.34586901659012864,-1.5317023139427457,0.1142871290727978,0.7857142857142857,0.21428571428571427,0.3309938352826966
1409,prot-private,31,31,0,8037,763,5.984510108864697,2.581233153194096,0.10691894429686633,1.0,0.0,0.3167348036380523
1410,dna-private,79,74,5,7994,758,1.4033525143857895,0.48887745149223233,0.6851905369110363,0.9367088607594937,0.06329113924050633,0.9155250015990517
1411,dna-private,25,23,2,8045,761,1.0878185208203854,0.12143789394974983,1.0,0.92,0.08,1.0
1412,dna-private,45,38,7,8030,756,0.5110834371108344,-0.9683692567976228,0.10628230294690233,0.8444444444444444,0.15555555555555556,0.3164548857322689
1413,dna-private,39,35,4,8033,759,0.8267459230673472,-0.2744840688163277,0.5763509902567905,0.8974358974358975,0.10256410256410256,0.8877285057891666
1414,dna-private,54,50,4,8018,759,1.1832751309553504,0.24278556303942034,1.0,0.9259259259259259,0.07407407407407407,1.0
1416,dna-private,15,12,3,8056,760,0.37735849056603776,-1.4059923596758368,0.13412797121574013,0.8,0.2,0.36953624722703915
1417,dna-private,49,47,2,8021,761,2.2295848397955367,1.1567750978906728,0.4381006704700901,0.9591836734693877,0.04081632653061224,0.7547951387315135
1418,dna-private,35,29,6,8039,757,0.45513538168097195,-1.1356323508323312,0.11876717028896247,0.8285714285714286,0.17142857142857143,0.3388225688243609
1419,dna-private,23,18,5,8050,758,0.33898136645962734,-1.5607221231633,0.043210400933891426,0.782608695652174,0.21739130434782608,0.1720824126151579
1420,dna-private,38,32,6,8036,757,0.5024058403849344,-0.9930748594687165,0.13725715750041734,0.8421052631578947,0.15789473684210525,0.3762378936559663
1421,dna-private,17,16,1,8052,762,1.5141579731743666,0.5985157305719824,1.0,0.9411764705882353,0.058823529411764705,1.0
1422,dna-private,23,22,1,8046,762,2.08351976137211,1.059022783504989,0.716472396975913,0.9565217391304348,0.043478260869565216,0.929036603167421
1423,dna-private,28,27,1,8041,762,2.5586369854495707,1.355375475067056,0.5093441065762562,0.9642857142857143,0.03571428571428571,0.8237951903101118
1424,prot-private,64,63,1,8005,762,5.997001873828857,2.5842414235896194,0.04147743821197437,0.984375,0.015625,0.1696739386103315
1425,dna-private,150,118,32,7950,731,0.339064465408805,-1.5603684997448015,1.1643947492633704e-06,0.7866666666666666,0.21333333333333335,2.716921081614531e-05
1426,dna-private,82,70,12,7998,751,0.5477411019421522,-0.8684339520720473,0.0710693739770237,0.8536585365853658,0.14634146341463414,0.24377698151828459
1427,dna-private,161,148,13,7920,750,1.078088578088578,0.10847571790412883,0.8880889660337039,0.9192546583850931,0.08074534161490683,1.0
1428,dna-private,48,36,12,8032,751,0.28050298804780877,-1.833911955715344,0.0005994834194782573,0.75,0.25,0.006277139406171226
1429,dna-private,36,30,6,8038,757,0.4708882806668325,-1.0865432771856511,0.12407763485417378,0.8333333333333334,0.16666666666666666,0.35027144118653986
1430,dna-private,15,14,1,8054,762,1.3245592252296996,0.40551235260517215,1.0,0.9333333333333333,0.06666666666666667,1.0
1431,dna-private,70,64,6,8004,757,1.0088289188738964,0.012681537358834259,1.0,0.9142857142857143,0.08571428571428572,1.0
1432,dna-private,12,11,1,8057,762,1.0403375946382027,0.05705176594078467,1.0,0.9166666666666666,0.08333333333333333,1.0
1433,prot-private,35,34,1,8034,762,3.224794622852875,1.6892072826981948,0.3624586490896934,0.9714285714285714,0.02857142857142857,0.6895287838747061
1434,dna-private,41,38,3,8030,760,1.198837691988377,0.2616363486487004,1.0,0.926829268292683,0.07317073170731707,1.0
1435,dna-private,57,54,3,8014,760,1.7070127277264786,0.7714738153424622,0.4814145085434018,0.9473684210526315,0.05263157894736842,0.7956916669409964
1436,prot-private,24,21,3,8047,760,0.6611159438299987,-0.5970247869668049,0.45796208248726505,0.875,0.125,0.771541675614701
1437,prot-private,268,262,6,7806,757,4.234648560936032,2.082242243363074,2.0680019695568498e-05,0.9776119402985075,0.022388059701492536,0.0003371117407742382
1438,dna-private,32,27,5,8041,758,0.5090411640343241,-0.9741457691425367,0.1928866945001127,0.84375,0.15625,0.4753009812323507
1439,prot-private,14,14,0,8054,763,2.748960208579055,1.4588860238748205,0.6261069302735234,1.0,0.0,0.8877285057891666
1440,dna-private,35,31,4,8037,759,0.7318962299365435,-0.4502889807611938,0.5400047448892422,0.8857142857142857,0.11428571428571428,0.8512168205510157
1441,prot-private,76,75,1,7993,762,7.1500062554735395,2.837944504091965,0.013376349857724124,0.9868421052631579,0.013157894736842105,0.07410245146551196
1442,dna-private,57,52,5,8016,758,0.9834331337325349,-0.024101131770386884,1.0,0.9122807017543859,0.08771929824561403,1.0
1443,dna-private,23,20,3,8048,760,0.629555997349238,-0.667593387308373,0.4442764268572269,0.8695652173913043,0.13043478260869565,0.7581782814990148
1444,dna-private,52,48,4,8020,759,1.1356608478802992,0.18353205479433976,1.0,0.9230769230769231,0.07692307692307693,1.0
1445,dna-private,192,177,15,7891,748,1.1185401089849196,0.16161698996534146,0.7950848969033076,0.921875,0.078125,0.9818428325039212
1446,dna-private,36,30,6,8038,757,0.4708882806668325,-1.0865432771856511,0.12407763485417378,0.8333333333333334,0.16666666666666666,0.35027144118653986
1447,dna-private,18,13,5,8055,758,0.24466790813159528,-2.0311032121691097,0.01573344202619005,0.7222222222222222,0.2777777777777778,0.08317819700559215
1449,dna-private,19,14,5,8054,758,0.2635212316861187,-1.9240088916044207,0.019870482712073607,0.7368421052631579,0.2631578947368421,0.09882950612057663
1450,dna-private,13,11,2,8057,761,0.5194861611021472,-0.9448427780489919,0.31132490475252955,0.8461538461538461,0.15384615384615385,0.6226498095050591
1451,dna-private,36,31,5,8037,758,0.5847455518228195,-0.7741191128929306,0.23438389955692185,0.8611111111111112,0.1388888888888889,0.535329994154178
1452,dna-private,364,346,18,7722,745,1.8545137989582434,0.8910410026020782,0.009711992708625067,0.9505494505494505,0.04945054945054945,0.058738131901764405
1453,dna-private,21,17,4,8051,759,0.4006645137250031,-1.3195333568682468,0.10183922039866987,0.8095238095238095,0.19047619047619047,0.30697946818737804
1454,dna-private,132,128,4,7940,759,3.058942065491184,1.6130327833851463,0.017928328781143345,0.9696969696969697,0.030303030303030304,0.0907216637118097
1455,prot-private,10,10,0,8058,763,1.9896382701495317,0.9925061627800148,1.0,1.0,0.0,1.0
1456,prot-private,25,24,1,8044,762,2.2734957732471406,1.1849123219091262,0.7193889252568892,0.96,0.04,0.929036603167421
1457,dna-private,12,11,1,8057,762,1.0403375946382027,0.05705176594078467,1.0,0.9166666666666666,0.08333333333333333,1.0
1458,dna-private,29,28,1,8040,762,2.653731343283582,1.4080223234846352,0.5101863863798867,0.9655172413793104,0.034482758620689655,0.8237951903101118
1459,dna-private,10,8,2,8060,761,0.37766749379652603,-1.4048114799117843,0.21174867571160536,0.8,0.2,0.49903027017397994
1460,prot-private,62,54,8,8014,755,0.635918392812578,-0.6530864580548881,0.25039338604860834,0.8709677419354839,0.12903225806451613,0.549679755577632
1461,dna-private,224,213,11,7855,752,1.8537816098605404,0.8904712930846196,0.040688229852547365,0.9508928571428571,0.049107142857142856,0.16790557733911465
1462,dna-private,26,22,4,8046,759,0.5188292319164802,-0.9466683285728665,0.2775668458116302,0.8461538461538461,0.15384615384615385,0.577637734577502
1463,prot-private,17,16,1,8052,762,1.5141579731743666,0.5985157305719824,1.0,0.9411764705882353,0.058823529411764705,1.0
1464,dna-private,116,69,47,7999,716,0.13141004327668618,-2.9278525541451934,6.7154565729105694e-21,0.5948275862068966,0.4051724137931034,1.4932015203295265e-18
1467,dna-private,49,46,3,8022,760,1.4526718191639658,0.5387088128522957,0.7970958400885375,0.9387755102040817,0.061224489795918366,0.9824004811003169
1468,prot-private,24,21,3,8047,760,0.6611159438299987,-0.5970247869668049,0.45796208248726505,0.875,0.125,0.771541675614701
1469,dna-private,37,30,7,8038,756,0.4030853446130878,-1.3108427642867582,0.036563976861079525,0.8108108108108109,0.1891891891891892,0.15288919528194758
1470,prot-private,12,11,1,8057,762,1.0403375946382027,0.05705176594078467,1.0,0.9166666666666666,0.08333333333333333,1.0
1472,dna-private,32,28,4,8040,759,0.6608208955223881,-0.5976687885932205,0.3527235621150381,0.875,0.125,0.677143252816071
1473,prot-private,11,11,0,8057,763,2.179398076326404,1.1239297349069568,0.6147434751291604,1.0,0.0,0.8877285057891666
1474,prot-private,47,47,0,8021,763,9.042261422427227,3.176683628272611,0.031753521172063724,1.0,0.0,0.13764714453027624
1475,dna-private,96,91,5,7977,758,1.7294220885044502,0.7902900209036017,0.2755209249583031,0.9479166666666666,0.052083333333333336,0.577637734577502
1476,dna-private,28,27,1,8041,762,2.5586369854495707,1.355375475067056,0.5093441065762562,0.9642857142857143,0.03571428571428571,0.8237951903101118
1477,dna-private,32,26,6,8042,757,0.4079001906656719,-1.2937119133946928,0.05320593297080169,0.8125,0.1875,0.19750641493945995
1478,dna-private,102,78,24,7990,739,0.30059449311639547,-1.7341095155280961,4.259260260337267e-06,0.7647058823529411,0.23529411764705882,8.473686202144668e-05
1479,prot-private,14,13,1,8055,762,1.2297951582867783,0.29841803204048295,1.0,0.9285714285714286,0.07142857142857142,1.0
1480,prot-private,38,34,4,8034,759,0.8030246452576549,-0.3164838293796611,0.5664327681214596,0.8947368421052632,0.10526315789473684,0.88148038843109
1481,dna-private,50,44,6,8024,757,0.6918411432369558,-0.531487282710308,0.4421500901478677,0.88,0.12,0.7581782814990148
1482,dna-private,45,37,8,8031,755,0.43479952683352013,-1.2015777245205428,0.05379281577334315,0.8222222222222222,0.17777777777777778,0.19934984668944813
1483,prot-private,53,50,3,8018,760,1.5797788309636651,0.6597225952337458,0.6235153699202394,0.9433962264150944,0.05660377358490566,0.8877285057891666
1484,dna-private,303,277,26,7791,737,1.007814736925249,0.011230457603602252,1.0,0.9141914191419142,0.0858085808580858,1.0
1485,dna-private,40,36,4,8032,759,0.8504731075697212,-0.23366247709299323,0.7745368167164695,0.9,0.1,0.9681710208955868
1486,dna-private,31,25,6,8043,757,0.3921629574371089,-1.3504748256644172,0.046486763060295866,0.8064516129032258,0.1935483870967742,0.18023737674389115
1487,dna-private,90,90,0,7978,763,17.32073698063546,4.114428411539056,0.00048008093524003583,1.0,0.0,0.0051554145886572025
1488,prot-private,20,13,7,8055,756,0.17430167597765364,-2.5203416532893703,0.0009943973468519221,0.65,0.35,0.00958883155892925
1489,dna-private,163,143,20,7925,743,0.6703406940063091,-0.5770335774845087,0.11915576355784976,0.8773006134969326,0.12269938650306748,0.3396748010925129
1490,dna-private,115,107,8,7961,755,1.2684493154126366,0.34306587347065115,0.6180509891950138,0.9304347826086956,0.06956521739130435,0.8877285057891666
1491,dna-private,21,18,3,8050,760,0.5664596273291925,-0.8199549588372377,0.42023358676848527,0.8571428571428571,0.14285714285714285,0.7371150617099185
1492,dna-private,56,47,9,8021,754,0.4909058166756708,-1.026481833786521,0.05541985142368094,0.8392857142857143,0.16071428571428573,0.2041783999819824
1495,dna-private,51,44,7,8024,756,0.5922233300099701,-0.7557867698114149,0.2049367938259777,0.8627450980392157,0.13725490196078433,0.49153621869428665
1496,dna-private,34,32,2,8036,761,1.5151816824290691,0.5994907947702535,0.765131878985169,0.9411764705882353,0.058823529411764705,0.9627088941327722
1497,dna-private,116,109,7,7959,756,1.4790802864681494,0.5647003659905431,0.4048111093733925,0.9396551724137931,0.0603448275862069,0.7231502804496331
1498,prot-private,139,135,4,7933,759,3.22907475103996,1.6911208388169894,0.009391357860487292,0.9712230215827338,0.02877697841726619,0.05716478697687917
1499,prot-private,33,33,0,8035,763,6.366063095015867,2.670401455813828,0.11089073460605553,1.0,0.0,0.3251877244459968
1500,dna-private,63,57,6,8011,757,0.8977031581575334,-0.15568962436519637,0.8202440076053734,0.9047619047619048,0.09523809523809523,0.9943945954933647
1501,prot-private,68,64,4,8004,759,1.5172413793103448,0.6014506235097251,0.5205818057307637,0.9411764705882353,0.058823529411764705,0.8346235373575394
1502,dna-private,51,47,4,8021,759,1.1118626106470515,0.15297852980259363,1.0,0.9215686274509803,0.0784313725490196,1.0
1503,prot-private,19,16,3,8052,760,0.5033946017552575,-0.990238349311548,0.22277766157339868,0.8421052631578947,0.15789473684210525,0.5159923779089749
1504,dna-private,61,59,2,8009,761,2.803034086652516,1.4869892885536158,0.16974123644110167,0.9672131147540983,0.03278688524590164,0.43588442510011166
1505,prot-private,17,17,0,8051,763,3.3189467801030865,1.7307254957322895,0.3917859073460155,1.0,0.0,0.7119955431576628
1506,prot-private,371,325,46,7743,717,0.6542374879975742,-0.6121136662544174,0.013641459524080562,0.876010781671159,0.12398921832884097,0.07516722594901534
1507,dna-private,36,31,5,8037,758,0.5847455518228195,-0.7741191128929306,0.23438389955692185,0.8611111111111112,0.1388888888888889,0.535329994154178
1508,dna-private,21,20,1,8048,762,1.893638170974155,0.9211606925751572,1.0,0.9523809523809523,0.047619047619047616,1.0
1510,prot-private,59,58,1,8010,762,5.5176029962546815,2.4640416553248214,0.05982892690094781,0.9830508474576272,0.01694915254237288,0.21682966796316655
1511,dna-private,16,14,2,8054,761,0.6614104792649615,-0.5963821913846045,0.6433648787155277,0.875,0.125,0.8944167861510463
1512,dna-private,53,45,8,8023,755,0.5293375296023931,-0.9177401513777539,0.132718692498908,0.8490566037735849,0.1509433962264151,0.3677981361040119
1513,prot-private,18,18,0,8050,763,3.509036705794671,1.8110750389315806,0.39580838671128105,1.0,0.0,0.7127945220431836
1514,dna-private,12,10,2,8058,761,0.47220153884338545,-1.0825253517576907,0.27814822883872553,0.8333333333333334,0.16666666666666666,0.577637734577502
1516,dna-private,17,15,2,8053,761,0.7087420836955172,-0.49666737894466767,0.6538307945337098,0.8823529411764706,0.11764705882352941,0.89997229635986
1517,dna-private,49,48,1,8020,762,4.560598503740648,2.1892231668721953,0.12380349048910988,0.9795918367346939,0.02040816326530612,0.35027144118653986
1518,dna-private,19,16,3,8052,760,0.5033946017552575,-0.990238349311548,0.22277766157339868,0.8421052631578947,0.15789473684210525,0.5159923779089749
1519,dna-private,188,181,7,7887,756,2.4785089387599846,1.3094724619074718,0.012068285959441228,0.9627659574468085,0.03723404255319149,0.06900589744999354
1520,dna-private,83,75,8,7993,755,0.8855404729137996,-0.17536984918891588,0.6941495606397216,0.9036144578313253,0.0963855421686747,0.9219554951574658
1521,prot-private,12,12,0,8056,763,2.369204989759821,1.2444030296948858,0.6160300460842021,1.0,0.0,0.8877285057891666
1522,dna-private,30,28,2,8040,761,1.3251243781094528,0.4061277794948587,1.0,0.9333333333333333,0.06666666666666667,1.0
1523,prot-private,18,16,2,8052,761,0.7560854446100348,-0.40337881341779425,0.6651558352122813,0.8888888888888888,0.1111111111111111,0.901825343293552
1524,dna-private,63,40,23,8028,740,0.16030848551807803,-2.6410773020159555,8.384559925794438e-10,0.6349206349206349,0.36507936507936506,3.912794632037404e-08
1525,dna-private,102,98,4,7970,759,2.3331869510664993,1.2223019106528403,0.10799388402947954,0.9607843137254902,0.0392156862745098,0.31891943877455675
1526,dna-private,27,15,12,8053,751,0.11657146405066435,-3.1007134256550977,8.168743353053511e-07,0.5555555555555556,0.4444444444444444,2.005055186658589e-05
1527,prot-private,15,15,0,8053,763,2.9389085490780404,1.5552804669020328,0.6340216938892271,1.0,0.0,0.8912614365568161
1528,dna-private,213,187,26,7881,737,0.672596214849736,-0.5721874350131738,0.06419457221125743,0.8779342723004695,0.12206572769953052,0.22589534511536186
1529,prot-private,391,354,37,7714,726,0.9004477643316119,-0.15128550817896336,0.520121152733573,0.9053708439897699,0.09462915601023018,0.8346235373575394
1530,prot-private,13,13,0,8055,763,2.5590590279932965,1.3556134253808918,0.6199739488311733,1.0,0.0,0.8877285057891666
1531,dna-private,12,10,2,8058,761,0.47220153884338545,-1.0825253517576907,0.27814822883872553,0.8333333333333334,0.16666666666666666,0.577637734577502
1532,dna-private,549,533,16,7535,747,3.302513271400133,1.7235643590632268,4.2169537860453186e-08,0.970856102003643,0.029143897996357013,1.4490986646592094e-06
1533,dna-private,14,13,1,8055,762,1.2297951582867783,0.29841803204048295,1.0,0.9285714285714286,0.07142857142857142,1.0
1534,dna-private,10,9,1,8059,762,0.8509740662613228,-0.2328129289529579,0.59509736615207,0.9,0.1,0.8877285057891666
1535,dna-private,246,231,15,7837,748,1.4698481561822125,0.5556671240154982,0.16733006464895145,0.9390243902439024,0.06097560975609756,0.4326035482981216
1536,dna-private,31,28,3,8040,760,0.8822553897180763,-0.18073175639889522,0.7471571356606916,0.9032258064516129,0.0967741935483871,0.9483727242435912
1537,prot-private,476,409,67,7659,696,0.554735137473619,-0.8501289847955702,5.003607458030357e-05,0.8592436974789915,0.1407563025210084,0.0007475745530179743
1538,dna-private,14,14,0,8054,763,2.748960208579055,1.4588860238748205,0.6261069302735234,1.0,0.0,0.8877285057891666
1539,dna-private,25,19,6,8049,757,0.29782167557046424,-1.7474793372735162,0.01735238107761688,0.76,0.24,0.08897013717321622
1540,dna-private,65,58,7,8010,756,0.7820224719101123,-0.3547180300050319,0.504399216991848,0.8923076923076924,0.1076923076923077,0.8200555011738432
1541,dna-private,22,20,2,8048,761,0.9455765407554672,-0.08073385141461938,0.7149840631017713,0.9090909090909091,0.09090909090909091,0.929036603167421
1542,dna-private,27,20,7,8048,756,0.268389662027833,-1.8975989927546963,0.00668253784928251,0.7407407407407407,0.25925925925925924,0.04415334604852489
1543,dna-private,107,92,15,7976,748,0.5751922433968573,-0.7978838740620648,0.05533912641287679,0.8598130841121495,0.14018691588785046,0.2041783999819824
1544,prot-private,21,21,0,8047,763,4.079589934762349,2.028424145133909,0.25142759190310204,1.0,0.0,0.549679755577632
1545,prot-private,59,42,17,8026,746,0.22963603582474604,-2.122579038996337,6.018661366063119e-06,0.711864406779661,0.288135593220339,0.00011607418348836014
1546,dna-private,13,10,3,8058,760,0.31438735831885495,-1.6693848876514445,0.09567651131280328,0.7692307692307693,0.23076923076923078,0.29523037776522154
1547,dna-private,30,26,4,8042,759,0.6134667993036558,-0.7049428272438021,0.3239706779083888,0.8666666666666667,0.13333333333333333,0.6381496417372119
1548,prot-private,284,273,11,7795,752,2.3942620560965655,1.2595810663750455,0.002434257755848845,0.9612676056338029,0.03873239436619718,0.019873637833927933
1549,prot-private,421,390,31,7678,732,1.1994050870102262,0.26231899679982856,0.3745675359496127,0.9263657957244655,0.07363420427553444,0.701027723275896
1550,prot-private,25,24,1,8044,762,2.2734957732471406,1.1849123219091262,0.7193889252568892,0.96,0.04,0.929036603167421
1551,prot-private,36,32,4,8036,759,0.7555998008959681,-0.40430577331782563,0.5481765446359741,0.8888888888888888,0.1111111111111111,0.8608671951491409
1552,dna-private,39,36,3,8032,760,1.1354581673306774,0.18327455510133217,1.0,0.9230769230769231,0.07692307692307693,1.0
1553,dna-private,60,57,3,8011,760,1.802521532892273,0.8500164939800197,0.48531791239479105,0.95,0.05,0.7996956010690106
1554,dna-private,25,20,5,8048,758,0.37673956262425445,-1.4083605516344355,0.05921837402854664,0.8,0.2,0.21551594103444832
1555,dna-private,11,10,1,8058,762,0.9456440804169769,-0.08063080776791416,1.0,0.9090909090909091,0.09090909090909091,1.0
1556,prot-private,11,11,0,8057,763,2.179398076326404,1.1239297349069568,0.6147434751291604,1.0,0.0,0.8877285057891666
1557,dna-private,65,59,6,8009,757,0.9294335539185083,-0.10557636568535422,0.8237079582206315,0.9076923076923077,0.09230769230769231,0.9976341179346322
1558,dna-private,100,85,15,7983,748,0.5309616267902626,-0.9133204953265565,0.030484436365117856,0.85,0.15,0.1335239507070052
1559,dna-private,48,40,8,8028,755,0.47022919780767314,-1.0885639722628135,0.06436224515588485,0.8333333333333334,0.16666666666666666,0.22589534511536186
1560,prot-private,11,11,0,8057,763,2.179398076326404,1.1239297349069568,0.6147434751291604,1.0,0.0,0.8877285057891666
1561,prot-private,77,75,2,7993,761,3.5703115225822595,1.8360499601021882,0.06386289196392975,0.974025974025974,0.025974025974025976,0.2249783146539184
1562,prot-private,10,9,1,8059,762,0.8509740662613228,-0.2328129289529579,0.59509736615207,0.9,0.1,0.8877285057891666
1563,dna-private,73,63,10,8005,753,0.5926171143035602,-0.7548278041191371,0.13836573305065653,0.863013698630137,0.136986301369863,0.37845330747574646
1564,prot-private,15,15,0,8053,763,2.9389085490780404,1.5552804669020328,0.6340216938892271,1.0,0.0,0.8912614365568161
1565,dna-private,49,42,7,8026,756,0.5651632195365064,-0.8232605158377664,0.19312644224758901,0.8571428571428571,0.14285714285714285,0.4755817274891769
1566,dna-private,601,581,20,7487,743,2.8828836650193668,1.5275126199455513,1.5460066367294644e-07,0.9667221297836939,0.033277870216306155,4.712826682933368e-06
1567,dna-private,116,110,6,7958,757,1.7439473904666165,0.8023565190954977,0.24172272159056307,0.9482758620689655,0.05172413793103448,0.5452454052117999
1568,dna-private,45,42,3,8026,760,1.3256915026164964,0.40674508960855665,1.0,0.9333333333333333,0.06666666666666667,1.0
1569,dna-private,17,14,3,8054,760,0.4403608972767155,-1.1832417272783582,0.17689465436516857,0.8235294117647058,0.17647058823529413,0.4455313866049739
1571,dna-private,14,14,0,8054,763,2.748960208579055,1.4588860238748205,0.6261069302735234,1.0,0.0,0.8877285057891666
1572,prot-private,56,51,5,8017,758,0.964400648621679,-0.05229547364106991,0.8132229511731766,0.9107142857142857,0.08928571428571429,0.9920355729124783
1573,dna-private,58,49,9,8019,754,0.5119230715938535,-0.9660010670226741,0.09332902648320371,0.8448275862068966,0.15517241379310345,0.29035697128107824
1574,dna-private,11,11,0,8057,763,2.179398076326404,1.1239297349069568,0.6147434751291604,1.0,0.0,0.8877285057891666
1575,dna-private,52,52,0,8016,763,10.00031185679536,3.321973085611046,0.02128708645458515,1.0,0.0,0.10173040340858047
1576,dna-private,66,50,16,8018,747,0.2911418059366426,-1.7802060795868087,0.00011480311764086671,0.7575757575757576,0.24242424242424243,0.0015388503002924689
1577,prot-private,27,27,0,8041,763,5.221973512404402,2.384595139837708,0.16501930565629472,1.0,0.0,0.42841550506922665
1578,dna-private,57,53,4,8015,759,1.2547411104179662,0.327389724936755,0.815828251546556,0.9298245614035088,0.07017543859649122,0.9920355729124783
1579,dna-private,65,49,16,8019,747,0.2852833894500561,-1.8095323460597892,9.440015048508334e-05,0.7538461538461538,0.24615384615384617,0.0012928716262087501
1580,dna-private,47,42,5,8026,758,0.7933217044605033,-0.3340220747175058,0.598894847488208,0.8936170212765957,0.10638297872340426,0.8877285057891666
1581,dna-private,51,45,6,8023,757,0.7076529976318086,-0.4988859963256196,0.4469545753346063,0.8823529411764706,0.11764705882352941,0.7610307634075729
1582,prot-private,11,11,0,8057,763,2.179398076326404,1.1239297349069568,0.6147434751291604,1.0,0.0,0.8877285057891666
1583,dna-private,182,178,4,7890,759,4.280798479087452,2.0978799214810433,0.0006985860002450891,0.978021978021978,0.02197802197802198,0.0071176686817424175
1584,dna-private,45,40,5,8028,758,0.7553562531141006,-0.4047708631915255,0.5891647220141945,0.8888888888888888,0.1111111111111111,0.8877285057891666
1585,prot-private,78,77,1,7991,762,7.342510324114629,2.876273389087887,0.0135037838107815,0.9871794871794872,0.01282051282051282,0.07451723037190375
1586,dna-private,47,38,9,8030,754,0.3964577279645773,-1.3347610471347393,0.01761232695346359,0.8085106382978723,0.19148936170212766,0.08984425895289119
1587,dna-private,32,30,2,8038,761,1.4201293854192585,0.5060223770533188,1.0,0.9375,0.0625,1.0
1588,dna-private,80,76,4,7992,759,1.8044294294294294,0.8515427210666334,0.3178432352636509,0.95,0.05,0.6325493218904421
1589,dna-private,102,93,9,7975,754,0.9769696969696969,-0.03361428060521082,0.859940421890961,0.9117647058823529,0.08823529411764706,1.0
1590,dna-private,21,19,2,8049,761,0.8981861100757859,-0.15491368303454628,0.7021801097644735,0.9047619047619048,0.09523809523809523,0.9290003024430675
1591,dna-private,15,14,1,8054,762,1.3245592252296996,0.40551235260517215,1.0,0.9333333333333333,0.06666666666666667,1.0
1592,dna-private,31,23,8,8045,755,0.26981044126786824,-1.8899819153413544,0.003922942595776466,0.7419354838709677,0.25806451612903225,0.029075927474578513
1593,dna-private,48,41,7,8027,756,0.5516382210041111,-0.858205675485113,0.18833846948743035,0.8541666666666666,0.14583333333333334,0.46683240305736834
1594,dna-private,76,57,19,8011,744,0.2786169017600799,-1.8436453159653259,1.682295258458599e-05,0.75,0.25,0.00028013550999883276
1595,prot-private,45,41,4,8027,759,0.9691977077363897,-0.04513710223311509,0.7939792105708714,0.9111111111111111,0.08888888888888889,0.9818428325039212
1596,dna-private,76,73,3,7995,760,2.3131123618928497,1.2098353481221145,0.2136276427862524,0.9605263157894737,0.039473684210526314,0.5024968822227965
1597,prot-private,13,12,1,8056,762,1.1350546176762661,0.18276172020769355,1.0,0.9230769230769231,0.07692307692307693,1.0
1598,dna-private,77,55,22,8013,741,0.2311868214152003,-2.1128689341630698,3.092902382224756e-07,0.7142857142857143,0.2857142857142857,8.790354138954568e-06
1600,dna-private,76,68,8,8000,755,0.8021875,-0.31798860919930627,0.5361867762038791,0.8947368421052632,0.10526315789473684,0.8490934127277155
1601,prot-private,59,45,14,8023,749,0.3000747849931447,-1.7366059991890481,0.0003851437391831663,0.7627118644067796,0.23728813559322035,0.004358812377581942
1602,dna-private,22,20,2,8048,761,0.9455765407554672,-0.08073385141461938,0.7149840631017713,0.9090909090909091,0.09090909090909091,0.929036603167421
1603,dna-private,129,114,15,7954,748,0.7147095800854916,-0.48457096836135155,0.2080879725671868,0.8837209302325582,0.11627906976744186,0.49846168333584673
1604,dna-private,167,153,14,7915,749,1.0341756159191409,0.048481194069255225,1.0,0.9161676646706587,0.08383233532934131,1.0
1605,dna-private,31,25,6,8043,757,0.3921629574371089,-1.3504748256644172,0.046486763060295866,0.8064516129032258,0.1935483870967742,0.18023737674389115
1606,dna-private,45,42,3,8026,760,1.3256915026164964,0.40674508960855665,1.0,0.9333333333333333,0.06666666666666667,1.0
1607,prot-private,52,49,3,8019,760,1.5479901899654986,0.6303963287607656,0.6227523848035943,0.9423076923076923,0.057692307692307696,0.8877285057891666
1608,prot-private,165,162,3,7906,760,5.190994181634202,2.376010870674803,0.0003948402233213316,0.9818181818181818,0.01818181818181818,0.004402643198096265
1610,prot-private,24,23,1,8045,762,2.1784959602237413,1.1233324379395262,0.7174205323835983,0.9583333333333334,0.041666666666666664,0.929036603167421
1611,dna-private,42,39,3,8029,760,1.2305392950554241,0.299290728398611,1.0,0.9285714285714286,0.07142857142857142,1.0
1612,dna-private,30,26,4,8042,759,0.6134667993036558,-0.7049428272438021,0.3239706779083888,0.8666666666666667,0.13333333333333333,0.6381496417372119
1613,dna-private,208,203,5,7865,758,3.912879847425302,1.9682308101658565,0.00038774790080990185,0.9759615384615384,0.02403846153846154,0.004375185268840087
1614,dna-private,30,30,0,8038,763,5.793804814331032,2.5345110829272883,0.10648958059562064,1.0,0.0,0.3164548857322689
1615,dna-private,16,14,2,8054,761,0.6614104792649615,-0.5963821913846045,0.6433648787155277,0.875,0.125,0.8944167861510463
1616,prot-private,57,55,2,8013,761,2.611693498065643,1.3849855956719388,0.2342584461718939,0.9649122807017544,0.03508771929824561,0.535329994154178
1617,dna-private,70,64,6,8004,757,1.0088289188738964,0.012681537358834259,1.0,0.9142857142857143,0.08571428571428572,1.0
1618,dna-private,32,28,4,8040,759,0.6608208955223881,-0.5976687885932205,0.3527235621150381,0.875,0.125,0.677143252816071
1619,dna-private,76,69,7,7999,756,0.9316164520565071,-0.10219197756834389,0.836572709814127,0.9078947368421053,0.09210526315789473,1.0
1620,dna-private,64,56,8,8012,755,0.65963554667998,-0.6002589495426623,0.2614570099027124,0.875,0.125,0.5607728191846709
1621,prot-private,50,49,1,8019,762,4.656191545080434,2.2191504086442957,0.12500179299940722,0.98,0.02,0.35182932057912086
1622,prot-private,16,14,2,8054,761,0.6614104792649615,-0.5963821913846045,0.6433648787155277,0.875,0.125,0.8944167861510463
1623,dna-private,15,12,3,8056,760,0.37735849056603776,-1.4059923596758368,0.13412797121574013,0.8,0.2,0.36953624722703915
1624,prot-private,28,27,1,8041,762,2.5586369854495707,1.355375475067056,0.5093441065762562,0.9642857142857143,0.03571428571428571,0.8237951903101118
1625,dna-private,12,11,1,8057,762,1.0403375946382027,0.05705176594078467,1.0,0.9166666666666666,0.08333333333333333,1.0
1626,dna-private,125,120,5,7948,758,2.28887770508304,1.1946403816425777,0.0752723045081222,0.96,0.04,0.2549545797855752
1627,prot-private,23,20,3,8048,760,0.629555997349238,-0.667593387308373,0.4442764268572269,0.8695652173913043,0.13043478260869565,0.7581782814990148
1628,dna-private,111,105,6,7963,757,1.663631797061409,0.7343361646487319,0.30503936039828805,0.9459459459459459,0.05405405405405406,0.6182567197348681
1629,dna-private,105,97,8,7971,755,1.148460042654623,0.1997006631879061,0.8614405760484256,0.9238095238095239,0.0761904761904762,1.0
1630,dna-private,52,49,3,8019,760,1.5479901899654986,0.6303963287607656,0.6227523848035943,0.9423076923076923,0.057692307692307696,0.8877285057891666
1631,dna-private,28,25,3,8043,760,0.787434207799743,-0.344768707319201,0.7304102003319707,0.8928571428571429,0.10714285714285714,0.935915443137237
1632,prot-private,94,93,1,7975,762,8.886018808777429,3.1515371950617594,0.00453821948534266,0.9893617021276596,0.010638297872340425,0.032366923876594816
1633,prot-private,16,16,0,8052,763,3.1289040670599193,1.6456574258851278,0.3903018394628883,1.0,0.0,0.7119955431576628
1634,dna-private,24,21,3,8047,760,0.6611159438299987,-0.5970247869668049,0.45796208248726505,0.875,0.125,0.771541675614701
1635,dna-private,22,20,2,8048,761,0.9455765407554672,-0.08073385141461938,0.7149840631017713,0.9090909090909091,0.09090909090909091,0.929036603167421
1636,dna-private,63,62,1,8006,762,5.901074194354234,2.5609775974926587,0.04110099708500066,0.9841269841269841,0.015873015873015872,0.1688714880231549
1637,dna-private,32,25,7,8043,756,0.3356956359567326,-1.574774312765524,0.017370360114770785,0.78125,0.21875,0.08897013717321622
1638,dna-private,49,47,2,8021,761,2.2295848397955367,1.1567750978906728,0.4381006704700901,0.9591836734693877,0.04081632653061224,0.7547951387315135
1639,prot-private,12,11,1,8057,762,1.0403375946382027,0.05705176594078467,1.0,0.9166666666666666,0.08333333333333333,1.0
1641,prot-private,17,17,0,8051,763,3.3189467801030865,1.7307254957322895,0.3917859073460155,1.0,0.0,0.7119955431576628
1642,dna-private,87,81,6,7987,757,1.2795167146613247,0.35559899380291443,0.7022263245645758,0.9310344827586207,0.06896551724137931,0.9290003024430675
1643,dna-private,111,101,10,7967,753,0.9546002259319694,-0.06703141704439278,0.8645500257436618,0.9099099099099099,0.09009009009009009,1.0
1645,dna-private,40,34,6,8034,757,0.5339390921915194,-0.9052529155305519,0.15359564215460278,0.85,0.15,0.41031203345893885
1646,prot-private,25,23,2,8045,761,1.0878185208203854,0.12143789394974983,1.0,0.92,0.08,1.0
1647,dna-private,75,71,4,7997,759,1.684662998624484,0.7524600223632567,0.4090710873656145,0.9466666666666667,0.05333333333333334,0.7243976184025975
1648,dna-private,20,15,5,8053,758,0.28237923755122313,-1.8242940791644837,0.024659972710545527,0.75,0.25,0.11444583190434565
1649,dna-private,70,63,7,8005,756,0.8499687695190506,-0.23451826174023419,0.6670753959090714,0.9,0.1,0.903779568651
1650,dna-private,51,50,1,8018,762,4.751808431030182,2.248476675117276,0.126899377633103,0.9803921568627451,0.0196078431372549,0.35663914308782846
1651,dna-private,67,63,4,8005,759,1.4933479075577765,0.5785503115117636,0.6597119977813615,0.9402985074626866,0.05970149253731343,0.901825343293552
1652,prot-private,58,32,26,8036,737,0.11287667036795956,-3.1471807577793145,2.2706467591454042e-13,0.5517241379310345,0.4482758620689655,1.950691988538552e-11
1653,dna-private,29,28,1,8040,762,2.653731343283582,1.4080223234846352,0.5101863863798867,0.9655172413793104,0.034482758620689655,0.8237951903101118
1654,prot-private,892,885,7,7183,756,13.306417931226507,3.7340503469501005,2.0628951117982405e-27,0.992152466367713,0.007847533632286996,7.7977435225973495e-25
1655,dna-private,52,46,6,8022,757,0.7234687941494224,-0.46699730549292057,0.4524666468682556,0.8846153846153846,0.11538461538461539,0.7683395890215661
1656,prot-private,58,44,14,8024,749,0.29336989032901295,-1.7692072855737364,0.00031859475696476003,0.7586206896551724,0.2413793103448276,0.003728064518915586
1657,dna-private,20,17,3,8051,760,0.5349231979464248,-0.9025963246739215,0.24653007314042663,0.85,0.15,0.5452454052117999
1658,dna-private,68,64,4,8004,759,1.5172413793103448,0.6014506235097251,0.5205818057307637,0.9411764705882353,0.058823529411764705,0.8346235373575394
1659,dna-private,126,108,18,7960,745,0.5615577889447236,-0.8324935993603311,0.03557224575979823,0.8571428571428571,0.14285714285714285,0.14940343219115254
1660,dna-private,61,59,2,8009,761,2.803034086652516,1.4869892885536158,0.16974123644110167,0.9672131147540983,0.03278688524590164,0.43588442510011166
1661,dna-private,58,51,7,8017,756,0.6870400399151803,-0.5415339147613307,0.34394622325296914,0.8793103448275862,0.1206896551724138,0.6658405737389302
1662,dna-private,91,85,6,7983,757,1.3433755062841872,0.425862629658901,0.7056866366200822,0.9340659340659341,0.06593406593406594,0.929036603167421
1663,dna-private,78,73,5,7995,758,1.384215134459037,0.4690681837960523,0.6837466112500863,0.9358974358974359,0.0641025641025641,0.9142420199948094
1664,dna-private,231,230,1,7838,762,22.36029599387599,4.482867380835488,3.279110547680852e-08,0.9956709956709957,0.004329004329004329,1.1476886916882981e-06
1665,dna-private,44,38,6,8030,757,0.5970527189705271,-0.744069769696516,0.27219974523256757,0.8636363636363636,0.13636363636363635,0.5748128698207293
1666,dna-private,29,25,4,8043,759,0.589798582618426,-0.7617057395135263,0.31079880204109256,0.8620689655172413,0.13793103448275862,0.6226498095050591
1667,prot-private,11,11,0,8057,763,2.179398076326404,1.1239297349069568,0.6147434751291604,1.0,0.0,0.8877285057891666
1669,dna-private,533,519,14,7549,749,3.678169293946218,1.8789878837508855,1.0167812315993828e-08,0.9737335834896811,0.02626641651031895,3.9623021190161513e-07
1670,dna-private,38,33,5,8035,758,0.6226260112009957,-0.6835622459202733,0.3755053214500226,0.868421052631579,0.13157894736842105,0.701027723275896
1671,dna-private,48,43,5,8025,758,0.8123115264797508,-0.2998949789112005,0.6046146557937583,0.8958333333333334,0.10416666666666667,0.8877285057891666
1672,dna-private,92,82,10,7986,753,0.7731780616078137,-0.3711273922303985,0.452437463447611,0.8913043478260869,0.10869565217391304,0.7683395890215661
1673,dna-private,11,9,2,8059,761,0.424928651197419,-1.2347074729427345,0.24486416172403402,0.8181818181818182,0.18181818181818182,0.5452454052117999
1674,prot-private,613,536,77,7532,686,0.6339979722879351,-0.6574498686785449,0.0007532529909926783,0.8743882544861338,0.12561174551386622,0.007592790149206197
1675,prot-private,64,57,7,8011,756,0.7684433903382849,-0.37998911146630326,0.49946852051664653,0.890625,0.109375,0.8162520568754535
1676,dna-private,55,50,5,8018,758,0.9453729109503617,-0.08104456909231658,0.810144336619018,0.9090909090909091,0.09090909090909091,0.9897690990368093
1677,prot-private,15,14,1,8054,762,1.3245592252296996,0.40551235260517215,1.0,0.9333333333333333,0.06666666666666667,1.0
1678,dna-private,59,41,18,8027,745,0.21140456514818046,-2.2419215637413696,1.279431458880417e-06,0.6949152542372882,0.3050847457627119,2.9670251009619488e-05
1680,dna-private,25,24,1,8044,762,2.2734957732471406,1.1849123219091262,0.7193889252568892,0.96,0.04,0.929036603167421
1681,prot-private,110,109,1,7959,762,10.435733132303053,3.3834600513203963,0.0009292150744477062,0.990909090909091,0.00909090909090909,0.00902939069771807
1683,dna-private,45,38,7,8030,756,0.5110834371108344,-0.9683692567976228,0.10628230294690233,0.8444444444444444,0.15555555555555556,0.3164548857322689
1684,dna-private,13,12,1,8056,762,1.1350546176762661,0.18276172020769355,1.0,0.9230769230769231,0.07692307692307693,1.0
1685,dna-private,98,84,14,7984,749,0.5628757515030061,-0.8291115961573532,0.06676024639919195,0.8571428571428571,0.14285714285714285,0.23344470988801627
1688,dna-private,18,15,3,8053,760,0.4718738358375761,-1.0835269148384212,0.19951958732975172,0.8333333333333334,0.16666666666666666,0.4834513077605523
1689,dna-private,41,31,10,8037,753,0.29044419559537143,-1.783667096392094,0.002067369051026266,0.7560975609756098,0.24390243902439024,0.017600574353331722
1690,prot-private,15,14,1,8054,762,1.3245592252296996,0.40551235260517215,1.0,0.9333333333333333,0.06666666666666667,1.0
1691,dna-private,145,136,9,7932,754,1.4364318933154032,0.5224895908478435,0.3702909430220293,0.9379310344827586,0.06206896551724138,0.6970616357685612
1692,dna-private,10,10,0,8058,763,1.9896382701495317,0.9925061627800148,1.0,1.0,0.0,1.0
1693,dna-private,65,57,8,8011,755,0.6714985644738485,-0.5745437794173306,0.26786571136270154,0.8769230769230769,0.12307692307692308,0.5701195883733174
1694,dna-private,47,42,5,8026,758,0.7933217044605033,-0.3340220747175058,0.598894847488208,0.8936170212765957,0.10638297872340426,0.8877285057891666
1695,dna-private,29,27,2,8041,761,1.2776395970650416,0.3534809310772793,1.0,0.9310344827586207,0.06896551724137931,1.0
1696,prot-private,379,320,59,7748,704,0.4928117042779766,-1.0208915744404354,8.59602621597286e-06,0.8443271767810027,0.15567282321899736,0.00015254919763557471
1697,dna-private,39,33,6,8035,757,0.518170504044804,-0.948501199939427,0.1450506897729793,0.8461538461538461,0.15384615384615385,0.3938876489524869
1698,dna-private,18,16,2,8052,761,0.7560854446100348,-0.40337881341779425,0.6651558352122813,0.8888888888888888,0.1111111111111111,0.901825343293552
1699,dna-private,34,34,0,8034,763,6.556910822079781,2.7130162734774426,0.11435924573523856,1.0,0.0,0.3309938352826966
1700,dna-private,39,36,3,8032,760,1.1354581673306774,0.18327455510133217,1.0,0.9230769230769231,0.07692307692307693,1.0
1702,dna-private,12,10,2,8058,761,0.47220153884338545,-1.0825253517576907,0.27814822883872553,0.8333333333333334,0.16666666666666666,0.577637734577502
1703,prot-private,37,35,2,8033,761,1.6578488733972363,0.7293124992717513,0.7674493121844022,0.9459459459459459,0.05405405405405406,0.9628139396140194
1704,prot-private,676,640,36,7428,727,1.7399629031293005,0.7990565474292235,0.0010039986359782873,0.9467455621301775,0.05325443786982249,0.009656780773531617
1705,dna-private,27,25,2,8043,761,1.1827054581623773,0.2420908285745528,1.0,0.9259259259259259,0.07407407407407407,1.0
1706,dna-private,93,81,12,7987,751,0.6346876173782396,-0.6558813986685454,0.1381458477103003,0.8709677419354839,0.12903225806451613,0.3783994959021269
1708,dna-private,30,24,6,8044,757,0.37642963699651916,-1.40954787631962,0.040320928311090076,0.8,0.2,0.16657170384253606
1709,dna-private,12,8,4,8060,759,0.18833746898263026,-2.4086080479998633,0.0155844761709749,0.6666666666666666,0.3333333333333333,0.08308789834454883
1710,dna-private,15,14,1,8054,762,1.3245592252296996,0.40551235260517215,1.0,0.9333333333333333,0.06666666666666667,1.0
1711,dna-private,39,38,1,8030,762,3.605977584059776,1.8503904285322308,0.2534186687730674,0.9743589743589743,0.02564102564102564,0.5502139965319901
1713,dna-private,18,17,1,8051,762,1.6089926717177991,0.6861577552096091,1.0,0.9444444444444444,0.05555555555555555,1.0
1714,dna-private,482,474,8,7594,755,5.890670265999473,2.5584317994916113,5.4574438890186057e-11,0.983402489626556,0.016597510373443983,3.4381896500817217e-09
1715,dna-private,44,43,1,8025,762,4.082990654205608,2.029626265298392,0.17742282268571727,0.9772727272727273,0.022727272727272728,0.44562011279203406
1716,prot-private,30,16,14,8052,749,0.10630899155489319,-3.2336644705201927,4.50337590243607e-08,0.5333333333333333,0.4666666666666667,1.5198893670721735e-06
1717,dna-private,33,27,6,8041,757,0.42364133814202215,-1.2390847231616906,0.0604842771490088,0.8181818181818182,0.18181818181818182,0.21836730432020368
1718,dna-private,14,12,2,8056,761,0.5667825223435948,-0.8191328237820831,0.3441645340324851,0.8571428571428571,0.14285714285714285,0.6658405737389302
1719,prot-private,11,10,1,8058,762,0.9456440804169769,-0.08063080776791416,1.0,0.9090909090909091,0.09090909090909091,1.0
1720,dna-private,28,21,7,8047,756,0.2818441655275258,-1.827030392413128,0.008260486769425156,0.75,0.25,0.05169642382189916
1721,prot-private,29,29,0,8039,763,5.603146961875739,2.486237332723165,0.17242845368326137,1.0,0.0,0.44009423019765564
1722,dna-private,38,32,6,8036,757,0.5024058403849344,-0.9930748594687165,0.13725715750041734,0.8421052631578947,0.15789473684210525,0.3762378936559663
1723,prot-private,379,347,32,7721,731,1.0266521499805725,0.03794745088171164,1.0,0.9155672823218998,0.08443271767810026,1.0
1724,dna-private,59,55,4,8013,759,1.3024148259078996,0.38118902758385975,0.8161985798301079,0.9322033898305084,0.06779661016949153,0.9920355729124783
1725,prot-private,10,10,0,8058,763,1.9896382701495317,0.9925061627800148,1.0,1.0,0.0,1.0
1728,prot-private,269,206,63,7862,700,0.2911331580881314,-1.7802489329084632,8.117314865776532e-14,0.7657992565055762,0.2342007434944238,7.305583379198878e-12
1729,dna-private,25,22,3,8046,760,0.692683735189328,-0.5297312963785412,0.4725039628434682,0.88,0.12,0.7854287509007519
1730,dna-private,44,37,7,8031,756,0.49757190885319386,-1.0070230565695157,0.09972989598360424,0.8409090909090909,0.1590909090909091,0.3040355130800467
1732,dna-private,11,10,1,8058,762,0.9456440804169769,-0.08063080776791416,1.0,0.9090909090909091,0.09090909090909091,1.0
1733,dna-private,30,25,5,8043,758,0.4712172075096357,-1.0855358716452634,0.1780799653288134,0.8333333333333334,0.16666666666666666,0.4463808149488824
1734,dna-private,23,19,4,8049,759,0.44791278419679464,-1.1587102511226255,0.13180999755492595,0.8260869565217391,0.17391304347826086,0.36608507770581933
1735,dna-private,50,43,7,8025,756,0.5786915887850468,-0.7891334200314613,0.1986707155330188,0.86,0.14,0.4834513077605523
1736,prot-private,413,410,3,7658,760,13.563158352920693,3.761621262265077,5.398227185513091e-13,0.9927360774818402,0.007263922518159807,4.3415529279232944e-11
1738,dna-private,18,16,2,8052,761,0.7560854446100348,-0.40337881341779425,0.6651558352122813,0.8888888888888888,0.1111111111111111,0.901825343293552
1739,dna-private,41,37,4,8031,759,0.8742062009712365,-0.19395448331751783,0.7777676696173981,0.9024390243902439,0.0975609756097561,0.9693246921047691
1740,dna-private,201,191,10,7877,753,1.8258600990224705,0.8685762274367159,0.07372621257890977,0.9502487562189055,0.04975124378109453,0.2503486156443436
1741,dna-private,24,20,4,8048,759,0.47154572564612324,-1.0845304195026986,0.14800296197823892,0.8333333333333334,0.16666666666666666,0.3984695130183356
1742,dna-private,10,10,0,8058,763,1.9896382701495317,0.9925061627800148,1.0,1.0,0.0,1.0
1743,dna-private,37,31,6,8037,757,0.48664509974700343,-1.0390580669120846,0.13025347875770235,0.8378378378378378,0.16216216216216217,0.36443978512517755
1744,prot-private,35,35,0,8033,763,6.747806062114894,2.754418509896108,0.06976291749627056,1.0,0.0,0.24104554674214143
1745,prot-private,51,28,23,8040,740,0.11204845338524767,-3.157805359549388,4.796106749280064e-12,0.5490196078431373,0.45098039215686275,3.4206195306186116e-10
1746,prot-private,19,17,2,8051,761,0.8034405663892684,-0.3157367887801676,0.677113499984792,0.8947368421052632,0.10526315789473684,0.9096240285714047
1747,dna-private,15,11,4,8057,759,0.2590604443341194,-1.948639346137071,0.03492376050102878,0.7333333333333333,0.26666666666666666,0.1468429529409219
1748,dna-private,51,32,19,8036,744,0.15592989442246732,-2.681030551068846,1.698010023008412e-08,0.6274509803921569,0.37254901960784315,6.418477886971799e-07
1749,dna-private,70,57,13,8011,750,0.41049326406959663,-1.2845695463876208,0.008046683904426762,0.8142857142857143,0.18571428571428572,0.0509488528621996
1750,dna-private,42,15,27,8053,736,0.05077472853456959,-4.299745568554669,3.529634202507457e-19,0.35714285714285715,0.6428571428571429,6.064553311580994e-17
1751,dna-private,59,51,8,8017,755,0.6003648496943994,-0.736088582712358,0.16497810828767137,0.864406779661017,0.13559322033898305,0.42841550506922665
1752,prot-private,36,36,0,8032,763,6.93874883286648,2.7946755453180945,0.07033340726884621,1.0,0.0,0.24191108232596784
1753,dna-private,81,77,4,7991,759,1.828400700788387,0.8705822770100311,0.3187035313952999,0.9506172839506173,0.04938271604938271,0.6327202461524336
1754,dna-private,78,72,6,7996,757,1.1360680340170084,0.18404923396226008,1.0,0.9230769230769231,0.07692307692307693,1.0
1755,dna-private,62,57,5,8011,758,1.0786668331044813,0.1092493296539574,1.0,0.9193548387096774,0.08064516129032258,1.0
1756,dna-private,156,140,16,7928,747,0.8244513118062563,-0.2784937974522846,0.4706485620765624,0.8974358974358975,0.10256410256410256,0.7854287509007519
1757,dna-private,37,32,5,8036,758,0.603683424589348,-0.7281359054495624,0.24680288050724591,0.8648648648648649,0.13513513513513514,0.5452454052117999
1758,prot-private,86,86,0,7982,763,16.546883808330723,4.04848764197612,0.000730189500474756,1.0,0.0,0.0074196675048241335
1760,prot-private,425,339,86,7729,677,0.34527617219352064,-1.5341773188900487,2.5965110117643864e-14,0.7976470588235294,0.2023529411764706,2.3938564937730195e-12
1761,prot-private,12,12,0,8056,763,2.369204989759821,1.2444030296948858,0.6160300460842021,1.0,0.0,0.8877285057891666
1762,dna-private,113,78,35,7990,728,0.2030538172715895,-2.300065945699361,7.910465350855359e-12,0.6902654867256637,0.30973451327433627,5.468913737933463e-10
1763,dna-private,13,11,2,8057,761,0.5194861611021472,-0.9448427780489919,0.31132490475252955,0.8461538461538461,0.15384615384615385,0.6226498095050591
1764,dna-private,351,345,6,7723,757,5.6360870128188525,2.4946938848897826,5.217894559152295e-08,0.9829059829059829,0.017094017094017096,1.7003139166892825e-06
1765,prot-private,239,233,6,7835,757,3.751988938523718,1.907655574558913,0.00015551653542662607,0.9748953974895398,0.02510460251046025,0.002027077599698781
1766,dna-private,58,29,29,8039,734,0.09130488866774475,-3.453164082381266,2.31400261078459e-16,0.5,0.5,2.915643289588584e-14
1768,dna-private,167,157,10,7911,753,1.4943875616230564,0.5795543520904763,0.26535026515271476,0.9401197604790419,0.059880239520958084,0.5666802272752892
1769,dna-private,15,14,1,8054,762,1.3245592252296996,0.40551235260517215,1.0,0.9333333333333333,0.06666666666666667,1.0
1770,dna-private,25,23,2,8045,761,1.0878185208203854,0.12143789394974983,1.0,0.92,0.08,1.0
1771,dna-private,56,52,4,8016,759,1.2309131736526946,0.29972900036135003,1.0,0.9285714285714286,0.07142857142857142,1.0
1772,dna-private,11,9,2,8059,761,0.424928651197419,-1.2347074729427345,0.24486416172403402,0.8181818181818182,0.18181818181818182,0.5452454052117999
1773,dna-private,25,22,3,8046,760,0.692683735189328,-0.5297312963785412,0.4725039628434682,0.88,0.12,0.7854287509007519
1774,dna-private,70,61,9,8007,754,0.6382470893523722,-0.6478130414738845,0.19913142397731554,0.8714285714285714,0.12857142857142856,0.4834513077605523
1775,dna-private,22,16,6,8052,757,0.2507037589004802,-1.9959444676567644,0.009127457762199647,0.7272727272727273,0.2727272727272727,0.05646774196581779
1776,dna-private,49,43,6,8025,757,0.6760332294911734,-0.5648339329303544,0.31277567193929934,0.8775510204081632,0.12244897959183673,0.6242302217162362
1777,dna-private,19,13,6,8055,757,0.20362093937512932,-2.2960421661882635,0.0041497281057160836,0.6842105263157895,0.3157894736842105,0.03034037183676363
1778,prot-private,17,16,1,8052,762,1.5141579731743666,0.5985157305719824,1.0,0.9411764705882353,0.058823529411764705,1.0
1779,dna-private,13,9,4,8059,759,0.21190594366546717,-2.2385040410308137,0.021001542276485385,0.6923076923076923,0.3076923076923077,0.10125743597591168
1780,dna-private,39,38,1,8030,762,3.605977584059776,1.8503904285322308,0.2534186687730674,0.9743589743589743,0.02564102564102564,0.5502139965319901
1781,dna-private,23,21,2,8047,761,0.9929787498446626,-0.010165251073051074,1.0,0.9130434782608695,0.08695652173913043,1.0
1782,prot-private,245,242,3,7826,760,7.833716670925973,2.969696949983592,7.558929010487914e-07,0.9877551020408163,0.012244897959183673,1.892235209247968e-05
1783,dna-private,73,70,3,7998,760,2.217220971909644,1.1487525587446288,0.20977272193183205,0.958904109589041,0.0410958904109589,0.49903027017397994
1784,dna-private,14,11,3,8057,760,0.34586901659012864,-1.5317023139427457,0.1142871290727978,0.7857142857142857,0.21428571428571427,0.3309938352826966
1786,shared,28,26,2,8042,761,1.2301666252176076,0.29885374084427707,1.0,0.9285714285714286,0.07142857142857142,1.0
1787,dna-private,47,41,6,8027,757,0.6444292180557286,-0.6339061883840059,0.2943612407633644,0.8723404255319149,0.1276595744680851,0.6008021004781411
1788,dna-private,12,10,2,8058,761,0.47220153884338545,-1.0825253517576907,0.27814822883872553,0.8333333333333334,0.16666666666666666,0.577637734577502
1789,dna-private,41,32,9,8036,754,0.33360986671091203,-1.5837661369069398,0.00720076367955866,0.7804878048780488,0.21951219512195122,0.046212031763551334
1790,dna-private,57,57,0,8011,763,10.959558135180679,3.454117728127936,0.014331289327713263,1.0,0.0,0.07783372652120134
1791,dna-private,103,96,7,7972,756,1.300551931761164,0.3791240080455667,0.599426274539038,0.9320388349514563,0.06796116504854369,0.8877285057891666
1792,dna-private,51,45,6,8023,757,0.7076529976318086,-0.4988859963256196,0.4469545753346063,0.8823529411764706,0.11764705882352941,0.7610307634075729
1795,prot-private,16,16,0,8052,763,3.1289040670599193,1.6456574258851278,0.3903018394628883,1.0,0.0,0.7119955431576628
1796,prot-private,11,11,0,8057,763,2.179398076326404,1.1239297349069568,0.6147434751291604,1.0,0.0,0.8877285057891666
1797,prot-private,234,231,3,7837,760,7.467143039428353,2.900556367346172,2.4646918266612397e-06,0.9871794871794872,0.01282051282051282,5.2635791552426476e-05
1798,dna-private,50,44,6,8024,757,0.6918411432369558,-0.531487282710308,0.4421500901478677,0.88,0.12,0.7581782814990148
1799,prot-private,716,661,55,7407,708,1.1487610000368202,0.20007867620209152,0.36738545478571455,0.9231843575418994,0.07681564245810056,0.6964478531043135
1800,dna-private,54,53,1,8015,762,5.038802245789145,2.3330808370146108,0.08615635555748988,0.9814814814814815,0.018518518518518517,0.27669585727044327
1801,dna-private,212,193,19,7875,744,0.9596791979949875,-0.059375873229477204,0.8051148154706139,0.910377358490566,0.08962264150943396,0.986174336512936
1802,dna-private,17,17,0,8051,763,3.3189467801030865,1.7307254957322895,0.3917859073460155,1.0,0.0,0.7119955431576628
1804,dna-private,57,53,4,8015,759,1.2547411104179662,0.327389724936755,0.815828251546556,0.9298245614035088,0.07017543859649122,0.9920355729124783
1805,dna-private,52,51,1,8017,762,4.847449170512661,2.277225770568523,0.1294779011463812,0.9807692307692307,0.019230769230769232,0.36280686903878495
1806,dna-private,16,16,0,8052,763,3.1289040670599193,1.6456574258851278,0.3903018394628883,1.0,0.0,0.7119955431576628
1807,dna-private,22,12,10,8056,753,0.11216484607745779,-3.156307507501063,5.405392168863954e-06,0.5454545454545454,0.45454545454545453,0.00010478144819643972
1808,dna-private,217,197,20,7871,743,0.9298119679837378,-0.10498909940296565,0.7140119906336218,0.9078341013824884,0.09216589861751152,0.929036603167421
1809,dna-private,38,35,3,8033,760,1.1037802398439769,0.14245296337799762,1.0,0.9210526315789473,0.07894736842105263,1.0
1810,dna-private,261,244,17,7824,746,1.3685191868158306,0.4526156616155509,0.26234057661657934,0.9348659003831418,0.06513409961685823,0.5612039499777418
1811,dna-private,713,692,21,7376,742,3.314895155459147,1.7289632410494298,3.6002487937877546e-10,0.97054698457223,0.029453015427769985,1.890130616738571e-08
1812,prot-private,14,13,1,8055,762,1.2297951582867783,0.29841803204048295,1.0,0.9285714285714286,0.07142857142857142,1.0
1813,dna-private,77,69,8,7999,755,0.8140861357669709,-0.2967466455193713,0.5402984407210344,0.8961038961038961,0.1038961038961039,0.8513247627867904
1814,dna-private,21,15,6,8053,757,0.23500558797963492,-2.0892330331836377,0.007150149554175388,0.7142857142857143,0.2857142857142857,0.046212031763551334
1815,dna-private,49,38,11,8030,752,0.32351409487150457,-1.6280995259207514,0.0025666971702589785,0.7755102040816326,0.22448979591836735,0.020382595175586007
1816,dna-private,10,9,1,8059,762,0.8509740662613228,-0.2328129289529579,0.59509736615207,0.9,0.1,0.8877285057891666
1817,dna-private,31,23,8,8045,755,0.26981044126786824,-1.8899819153413544,0.003922942595776466,0.7419354838709677,0.25806451612903225,0.029075927474578513
1819,prot-private,11,11,0,8057,763,2.179398076326404,1.1239297349069568,0.6147434751291604,1.0,0.0,0.8877285057891666
1822,dna-private,16,15,1,8053,762,1.4193468272693406,0.5052271650451089,1.0,0.9375,0.0625,1.0
1823,dna-private,29,27,2,8041,761,1.2776395970650416,0.3534809310772793,1.0,0.9310344827586207,0.06896551724137931,1.0
1824,dna-private,27,26,1,8042,762,2.463566277045511,1.3007482848340537,0.7259809616915744,0.9629629629629629,0.037037037037037035,0.9324526113469763
1825,prot-private,73,72,1,7996,762,6.861430715357679,2.7785094321910067,0.01958800556325105,0.9863013698630136,0.0136986301369863,0.09819981568844689
1826,dna-private,199,193,6,7875,757,3.092084656084656,1.6285798183706524,0.0020355900612439347,0.9698492462311558,0.03015075376884422,0.0174479148106623
1827,prot-private,61,61,0,8007,763,11.7278176709335,3.5518626744740454,0.009261941597232828,1.0,0.0,0.05686874453429857
1829,dna-private,74,71,3,7997,760,2.2491767746238174,1.1693970545575822,0.21048405233081893,0.9594594594594594,0.04054054054054054,0.49903027017397994
1830,prot-private,12,12,0,8056,763,2.369204989759821,1.2444030296948858,0.6160300460842021,1.0,0.0,0.8877285057891666
1831,dna-private,47,41,6,8027,757,0.6444292180557286,-0.6339061883840059,0.2943612407633644,0.8723404255319149,0.1276595744680851,0.6008021004781411
1832,prot-private,13,13,0,8055,763,2.5590590279932965,1.3556134253808918,0.6199739488311733,1.0,0.0,0.8877285057891666
1833,dna-private,28,23,5,8045,758,0.43341205717837167,-1.2061888062700663,0.08872434228178167,0.8214285714285714,0.17857142857142858,0.2799482586186433
1834,prot-private,26,24,2,8044,761,1.1352560914967678,0.1830177779193497,1.0,0.9230769230769231,0.07692307692307693,1.0
1835,dna-private,36,34,2,8034,761,1.6102813044560618,0.6873127387084181,0.7660921570241743,0.9444444444444444,0.05555555555555555,0.9627088941327722
1836,dna-private,33,28,5,8040,758,0.5279601990049752,-0.9214989207249574,0.20188821211829633,0.8484848484848485,0.15151515151515152,0.4854563879180408
1837,dna-private,292,278,14,7790,749,1.9092426187419769,0.9330004461756228,0.014559750446736491,0.952054794520548,0.04794520547945205,0.07888903240503493
1838,dna-private,117,105,12,7963,751,0.8252229059399724,-0.27714422782272796,0.5066896923867268,0.8974358974358975,0.10256410256410256,0.8234252094676815
1839,dna-private,11,9,2,8059,761,0.424928651197419,-1.2347074729427345,0.24486416172403402,0.8181818181818182,0.18181818181818182,0.5452454052117999
1840,dna-private,22,20,2,8048,761,0.9455765407554672,-0.08073385141461938,0.7149840631017713,0.9090909090909091,0.09090909090909091,0.929036603167421
1841,dna-private,13,7,6,8061,757,0.1095604350163338,-3.1902011954121425,0.00041188561367777365,0.5384615384615384,0.46153846153846156,0.0045657701457536195
1842,dna-private,94,87,7,7981,756,1.177296078185691,0.23547718937692297,0.8534538162207197,0.925531914893617,0.07446808510638298,1.0
1843,prot-private,23,23,0,8045,763,4.460195140140451,2.157106831570286,0.2566084918038831,1.0,0.0,0.552695213116056
1844,dna-private,10,7,3,8061,760,0.21998924864574287,-2.1844950770669267,0.04865901572148691,0.7,0.3,0.18597682449668407
1845,dna-private,15,14,1,8054,762,1.3245592252296996,0.40551235260517215,1.0,0.9333333333333333,0.06666666666666667,1.0
1846,prot-private,10,9,1,8059,762,0.8509740662613228,-0.2328129289529579,0.59509736615207,0.9,0.1,0.8877285057891666
1847,prot-private,27,25,2,8043,761,1.1827054581623773,0.2420908285745528,1.0,0.9259259259259259,0.07407407407407407,1.0
1848,dna-private,48,42,6,8026,757,0.6602292549215051,-0.5989610287366596,0.3032400519170813,0.875,0.125,0.6159308953501168
1849,dna-private,96,81,15,7987,748,0.5057217979216226,-0.9835841311825428,0.025625732721388815,0.84375,0.15625,0.11741244810527238
1850,dna-private,147,132,15,7936,748,0.8294354838709678,-0.2697983267493036,0.4597785978138803,0.8979591836734694,0.10204081632653061,0.7731152578898877
1852,dna-private,47,35,12,8033,751,0.2726772895140877,-1.8747335474386784,0.00048722408825148915,0.7446808510638298,0.2553191489361702,0.005202562298278613
1853,prot-private,18,18,0,8050,763,3.509036705794671,1.8110750389315806,0.39580838671128105,1.0,0.0,0.7127945220431836
1854,dna-private,51,49,2,8019,761,2.3250405287442324,1.2172558646545193,0.31828275403058753,0.9607843137254902,0.0392156862745098,0.6325493218904421
1855,dna-private,53,48,5,8020,758,0.9073316708229426,-0.14029807733739713,0.8046728122782936,0.9056603773584906,0.09433962264150944,0.9859524247688655
1856,dna-private,138,119,19,7949,744,0.5862107779197648,-0.7705086015981326,0.04482545787261814,0.8623188405797102,0.13768115942028986,0.17668428650521018
1857,dna-private,72,71,1,7997,762,6.765286982618482,2.7581511344411127,0.01946600279429142,0.9861111111111112,0.013888888888888888,0.0978477268117308
1858,prot-private,558,518,40,7550,723,1.240112582781457,0.31047110065050576,0.21351701077651736,0.9283154121863799,0.07168458781362007,0.5024968822227965
1859,dna-private,48,40,8,8028,755,0.47022919780767314,-1.0885639722628135,0.06436224515588485,0.8333333333333334,0.16666666666666666,0.22589534511536186
1860,dna-private,77,67,10,8001,753,0.6305586801649794,-0.665297460029744,0.2160320986526576,0.8701298701298701,0.12987012987012986,0.5075210272884063
1862,dna-private,165,131,34,7937,729,0.3538861178842206,-1.4986429255299996,1.548636365012014e-06,0.793939393939394,0.20606060606060606,3.4844318212770316e-05
1863,dna-private,10,8,2,8060,761,0.37766749379652603,-1.4048114799117843,0.21174867571160536,0.8,0.2,0.49903027017397994
1864,dna-private,50,47,3,8021,760,1.48443668702988,0.5699155619969191,0.7985132540164093,0.94,0.06,0.982621515242012
1865,dna-private,44,36,8,8032,755,0.4229955179282869,-1.2412857182960182,0.051232947480790186,0.8181818181818182,0.18181818181818182,0.19288898553524594
1867,dna-private,24,20,4,8048,759,0.47154572564612324,-1.0845304195026986,0.14800296197823892,0.8333333333333334,0.16666666666666666,0.3984695130183356
1868,dna-private,422,413,9,7655,754,4.519950649539154,2.1763070208586472,2.252159899719338e-08,0.9786729857819905,0.02132701421800948,8.265208175669026e-07
1869,dna-private,20,19,1,8049,762,1.798732761833768,0.8469808609552302,1.0,0.95,0.05,1.0
1870,dna-private,30,28,2,8040,761,1.3251243781094528,0.4061277794948587,1.0,0.9333333333333333,0.06666666666666667,1.0
1871,prot-private,11,11,0,8057,763,2.179398076326404,1.1239297349069568,0.6147434751291604,1.0,0.0,0.8877285057891666
1872,prot-private,14,12,2,8056,761,0.5667825223435948,-0.8191328237820831,0.3441645340324851,0.8571428571428571,0.14285714285714285,0.6658405737389302
1873,dna-private,21,20,1,8048,762,1.893638170974155,0.9211606925751572,1.0,0.9523809523809523,0.047619047619047616,1.0
1874,dna-private,20,19,1,8049,762,1.798732761833768,0.8469808609552302,1.0,0.95,0.05,1.0
1875,dna-private,292,280,12,7788,751,2.2500428008902587,1.1699524450177874,0.003943434333038414,0.958904109589041,0.0410958904109589,0.029170610134804705
1876,dna-private,19,17,2,8051,761,0.8034405663892684,-0.3157367887801676,0.677113499984792,0.8947368421052632,0.10526315789473684,0.9096240285714047
1877,dna-private,73,71,2,7997,761,3.3782043266224835,1.7562565904513359,0.08999664918085996,0.9726027397260274,0.0273972602739726,0.28301774867192236
1878,dna-private,23,21,2,8047,761,0.9929787498446626,-0.010165251073051074,1.0,0.9130434782608695,0.08695652173913043,1.0
1880,prot-private,12,11,1,8057,762,1.0403375946382027,0.05705176594078467,1.0,0.9166666666666666,0.08333333333333333,1.0
1881,dna-private,97,91,6,7977,757,1.4392837741841127,0.5253510668844479,0.47025652687468444,0.9381443298969072,0.061855670103092786,0.7854287509007519
1883,dna-private,10,10,0,8058,763,1.9896382701495317,0.9925061627800148,1.0,1.0,0.0,1.0
1884,dna-private,35,31,4,8037,759,0.7318962299365435,-0.4502889807611938,0.5400047448892422,0.8857142857142857,0.11428571428571428,0.8512168205510157
1885,dna-private,86,78,8,7990,755,0.9213078848560701,-0.11824473474064956,0.8460022462658843,0.9069767441860465,0.09302325581395349,1.0
1886,dna-private,16,14,2,8054,761,0.6614104792649615,-0.5963821913846045,0.6433648787155277,0.875,0.125,0.8944167861510463
1887,dna-private,39,36,3,8032,760,1.1354581673306774,0.18327455510133217,1.0,0.9230769230769231,0.07692307692307693,1.0
1889,prot-private,20,18,2,8050,761,0.850807453416149,-0.2330954229434839,0.689509959490357,0.9,0.1,0.9164372879302213
1891,prot-private,16,16,0,8052,763,3.1289040670599193,1.6456574258851278,0.3903018394628883,1.0,0.0,0.7119955431576628
1892,dna-private,155,130,25,7938,738,0.4834467120181406,-1.048571217685707,0.0021193868624592264,0.8387096774193549,0.16129032258064516,0.017922331857037756
1895,dna-private,50,42,8,8026,755,0.4938636929977573,-1.0178151837887939,0.073779988843333,0.84,0.16,0.2503486156443436
1896,prot-private,79,76,3,7992,760,2.4090757424090756,1.2684797532609589,0.15704646790986793,0.9620253164556962,0.0379746835443038,0.4157112385849445
1897,dna-private,382,368,14,7700,749,2.556883116883117,1.3543862119885337,0.0001238566264496984,0.9633507853403142,0.03664921465968586,0.0016427299929117891
1898,dna-private,206,206,0,7862,763,40.1049920508744,5.325709921562283,1.0111754050164592e-08,1.0,0.0,3.9623021190161513e-07
1899,dna-private,45,41,4,8027,759,0.9691977077363897,-0.04513710223311509,0.7939792105708714,0.9111111111111111,0.08888888888888889,0.9818428325039212
1900,dna-private,41,35,6,8033,757,0.5497116062907175,-0.8632531549672186,0.16285314593579853,0.8536585365853658,0.14634146341463414,0.42631279012711215
1901,prot-private,14,13,1,8055,762,1.2297951582867783,0.29841803204048295,1.0,0.9285714285714286,0.07142857142857142,1.0
1902,dna-private,33,33,0,8035,763,6.366063095015867,2.670401455813828,0.11089073460605553,1.0,0.0,0.3251877244459968
1903,dna-private,63,45,18,8023,745,0.23214508288670074,-2.1069013716829836,3.672964137378507e-06,0.7142857142857143,0.2857142857142857,7.38500236132487e-05
1904,dna-private,67,61,6,8007,757,0.9611798010074518,-0.05712176403566085,0.8279833729393735,0.9104477611940298,0.08955223880597014,1.0
1905,dna-private,18,12,6,8056,757,0.18793445878848064,-2.411698478021053,0.0030596653929017732,0.6666666666666666,0.3333333333333333,0.023846464299316913
1906,prot-private,429,406,23,7662,740,1.7048562641153973,0.7696501112205955,0.010573902399762008,0.9463869463869464,0.053613053613053616,0.06284489162122703
1907,dna-private,36,34,2,8034,761,1.6102813044560618,0.6873127387084181,0.7660921570241743,0.9444444444444444,0.05555555555555555,0.9627088941327722
1908,dna-private,40,36,4,8032,759,0.8504731075697212,-0.23366247709299323,0.7745368167164695,0.9,0.1,0.9681710208955868
1909,dna-private,23,20,3,8048,760,0.629555997349238,-0.667593387308373,0.4442764268572269,0.8695652173913043,0.13043478260869565,0.7581782814990148
1910,prot-private,47,45,2,8023,761,2.134176741867132,1.0936796579133503,0.4324542966864182,0.9574468085106383,0.0425531914893617,0.7488214573864685
1911,prot-private,85,84,1,7984,762,8.017034068136272,3.0030686049348216,0.009768861755935606,0.9882352941176471,0.011764705882352941,0.058987695586959404
1912,dna-private,51,47,4,8021,759,1.1118626106470515,0.15297852980259363,1.0,0.9215686274509803,0.0784313725490196,1.0
1913,dna-private,13,13,0,8055,763,2.5590590279932965,1.3556134253808918,0.6199739488311733,1.0,0.0,0.8877285057891666
1914,prot-private,84,38,46,8030,717,0.07376143808544047,-3.7609894063161993,1.6405878626239737e-27,0.4523809523809524,0.5476190476190477,6.890469023020689e-25
1915,dna-private,103,97,6,7971,757,1.5353364278844144,0.6185548182400404,0.3791649168746848,0.941747572815534,0.05825242718446602,0.7056835971375226
1916,dna-private,24,21,3,8047,760,0.6611159438299987,-0.5970247869668049,0.45796208248726505,0.875,0.125,0.771541675614701
1917,prot-private,19,15,4,8053,759,0.3534397119086055,-1.5004639470327465,0.0754765246969675,0.7894736842105263,0.21052631578947367,0.25496091452594916
1918,dna-private,80,57,23,8011,740,0.22892435944055184,-2.127057109170473,1.4702917535623878e-07,0.7125,0.2875,4.518457584118557e-06
1919,dna-private,54,48,6,8020,757,0.7551122194513715,-0.4052370313565511,0.46542309281206906,0.8888888888888888,0.1111111111111111,0.7808696364090639
1920,dna-private,77,71,6,7997,757,1.120149222625151,0.16369093621236583,1.0,0.922077922077922,0.07792207792207792,1.0
1921,dna-private,64,61,3,8007,760,1.9299779359726905,0.9485843543095553,0.3696849056344961,0.953125,0.046875,0.696950625645962
1922,prot-private,42,40,2,8028,761,1.8958644743398108,0.9228558370282908,0.5796119669598028,0.9523809523809523,0.047619047619047616,0.8877285057891666
1923,dna-private,14,12,2,8056,761,0.5667825223435948,-0.8191328237820831,0.3441645340324851,0.8571428571428571,0.14285714285714285,0.6658405737389302
1924,dna-private,25,21,4,8047,759,0.49518454082266683,-1.0139618191611302,0.2690266390706343,0.84,0.16,0.570342510200223
1925,dna-private,30,28,2,8040,761,1.3251243781094528,0.4061277794948587,1.0,0.9333333333333333,0.06666666666666667,1.0
1926,dna-private,156,151,5,7917,758,2.8914487811039535,1.5317925465613837,0.013367825185648115,0.967948717948718,0.03205128205128205,0.07410245146551196
1927,dna-private,62,57,5,8011,758,1.0786668331044813,0.1092493296539574,1.0,0.9193548387096774,0.08064516129032258,1.0
1928,prot-private,14,13,1,8055,762,1.2297951582867783,0.29841803204048295,1.0,0.9285714285714286,0.07142857142857142,1.0
1929,prot-private,66,64,2,8004,761,3.0424787606196904,1.6052471915978044,0.12282625304619563,0.9696969696969697,0.030303030303030304,0.349085140236556
1930,dna-private,52,45,7,8023,756,0.6057584444721426,-0.7231854834267266,0.2118898369389518,0.8653846153846154,0.1346153846153846,0.49903027017397994
1931,prot-private,305,275,30,7793,733,0.8622053980067582,-0.21389650006615213,0.4669108889606766,0.9016393442622951,0.09836065573770492,0.7826710245105799
1932,dna-private,12,11,1,8057,762,1.0403375946382027,0.05705176594078467,1.0,0.9166666666666666,0.08333333333333333,1.0
1933,dna-private,24,21,3,8047,760,0.6611159438299987,-0.5970247869668049,0.45796208248726505,0.875,0.125,0.771541675614701
1934,dna-private,25,23,2,8045,761,1.0878185208203854,0.12143789394974983,1.0,0.92,0.08,1.0
1935,dna-private,46,40,6,8028,757,0.6286331174223551,-0.6697098172106793,0.2861923865624174,0.8695652173913043,0.13043478260869565,0.5882584128362903
1936,dna-private,50,40,10,8028,753,0.375186846038864,-1.4143188466906889,0.009343947392703703,0.8,0.2,0.05705996953864297
1937,dna-private,50,37,13,8031,750,0.26579695985747537,-1.911603491490833,0.0002353469997878154,0.74,0.26,0.0029167595383539093
1938,dna-private,37,36,1,8032,762,3.4153386454183265,1.7720286349848624,0.37004759409297505,0.972972972972973,0.02702702702702703,0.696950625645962
1940,dna-private,62,55,7,8013,756,0.7412953949831523,-0.431879545668138,0.4912156292701016,0.8870967741935484,0.11290322580645161,0.8055510102563922
1942,dna-private,52,47,5,8021,758,0.8883181648173545,-0.17085160232914326,0.8023241620725681,0.9038461538461539,0.09615384615384616,0.9846705625436063
1943,dna-private,68,67,1,8001,762,6.380952380952381,2.6737717676790123,0.028390535412858076,0.9852941176470589,0.014705882352941176,0.12715192400545441
1944,dna-private,31,27,4,8041,759,0.637140902872777,-0.6503156370107998,0.33798369846811566,0.8709677419354839,0.12903225806451613,0.6610938379263273
1945,dna-private,54,44,10,8024,753,0.4129112662013958,-1.2760963121903177,0.02341980900540505,0.8148148148148148,0.18518518518518517,0.11024517813254184
1946,prot-private,804,797,7,7271,756,11.838261587126942,3.5653853360089514,8.085692777430134e-24,0.9912935323383084,0.008706467661691543,2.5469932248904922e-21
1947,dna-private,53,47,6,8021,757,0.739288534264223,-0.43579055634829733,0.45863866272651665,0.8867924528301887,0.11320754716981132,0.771541675614701
1948,dna-private,34,29,5,8039,758,0.5468839407886553,-0.8706933968131773,0.21185425029248942,0.8529411764705882,0.14705882352941177,0.49903027017397994
1949,prot-private,34,34,0,8034,763,6.556910822079781,2.7130162734774426,0.11435924573523856,1.0,0.0,0.3309938352826966
1950,dna-private,48,47,1,8021,762,4.4650292980925075,2.1586696418804494,0.12332252487605919,0.9791666666666666,0.020833333333333332,0.3499693273509788
1952,dna-private,14,13,1,8055,762,1.2297951582867783,0.29841803204048295,1.0,0.9285714285714286,0.07142857142857142,1.0
1953,dna-private,20,17,3,8051,760,0.5349231979464248,-0.9025963246739215,0.24653007314042663,0.85,0.15,0.5452454052117999
1954,dna-private,238,206,32,7862,731,0.5985515772068176,-0.7404525252884382,0.01329982520712824,0.865546218487395,0.13445378151260504,0.07405816551179645
1955,prot-private,16,14,2,8054,761,0.6614104792649615,-0.5963821913846045,0.6433648787155277,0.875,0.125,0.8944167861510463
1956,dna-private,23,22,1,8046,762,2.08351976137211,1.059022783504989,0.716472396975913,0.9565217391304348,0.043478260869565216,0.929036603167421
1957,dna-private,40,37,3,8031,760,1.167143983729714,0.2229825488768074,1.0,0.925,0.075,1.0
1958,dna-private,59,54,5,8014,758,1.0215123533815822,0.030706651016399893,1.0,0.9152542372881356,0.0847457627118644,1.0
1959,prot-private,25,22,3,8046,760,0.692683735189328,-0.5297312963785412,0.4725039628434682,0.88,0.12,0.7854287509007519
1960,dna-private,10,10,0,8058,763,1.9896382701495317,0.9925061627800148,1.0,1.0,0.0,1.0
1961,dna-private,51,47,4,8021,759,1.1118626106470515,0.15297852980259363,1.0,0.9215686274509803,0.0784313725490196,1.0
1962,dna-private,78,73,5,7995,758,1.384215134459037,0.4690681837960523,0.6837466112500863,0.9358974358974359,0.0641025641025641,0.9142420199948094
1964,prot-private,253,216,37,7852,726,0.5397695199019702,-0.8895845829359017,0.001347024905734853,0.8537549407114624,0.14624505928853754,0.012603351840786496
1965,dna-private,48,41,7,8027,756,0.5516382210041111,-0.858205675485113,0.18833846948743035,0.8541666666666666,0.14583333333333334,0.46683240305736834
1966,dna-private,48,44,4,8024,759,1.0405034895314058,0.05728180344058294,1.0,0.9166666666666666,0.08333333333333333,1.0
1967,dna-private,88,85,3,7983,760,2.6973986387740614,1.431568748004117,0.08548936051070855,0.9659090909090909,0.03409090909090909,0.27637194681185406
1968,dna-private,69,64,5,8004,758,1.2121939030484759,0.2776204913779883,0.8312801261172446,0.927536231884058,0.07246376811594203,1.0
1970,dna-private,27,22,5,8046,758,0.41451652995277155,-1.2704984607046035,0.0781680204327629,0.8148148148148148,0.18518518518518517,0.2596476907611014
1971,dna-private,16,16,0,8052,763,3.1289040670599193,1.6456574258851278,0.3903018394628883,1.0,0.0,0.7119955431576628
1972,prot-private,14,13,1,8055,762,1.2297951582867783,0.29841803204048295,1.0,0.9285714285714286,0.07142857142857142,1.0
1974,dna-private,41,38,3,8030,760,1.198837691988377,0.2616363486487004,1.0,0.926829268292683,0.07317073170731707,1.0
1975,prot-private,47,42,5,8026,758,0.7933217044605033,-0.3340220747175058,0.598894847488208,0.8936170212765957,0.10638297872340426,0.8877285057891666
1976,dna-private,48,39,9,8029,754,0.40694150371569726,-1.2971066673848288,0.03298403421956733,0.8125,0.1875,0.14088095971747402
1977,dna-private,51,36,15,8032,748,0.22350597609561754,-2.1616146882293417,1.6103917696834368e-05,0.7058823529411765,0.29411764705882354,0.00026934871192050403
1978,dna-private,65,64,1,8004,762,6.092953523238381,2.607141735587581,0.04215364622038642,0.9846153846153847,0.015384615384615385,0.17170342964769467
1979,dna-private,69,65,4,8003,759,1.541140822191678,0.6239986945556426,0.5206582211147254,0.9420289855072463,0.057971014492753624,0.8346235373575394
1980,dna-private,59,55,4,8013,759,1.3024148259078996,0.38118902758385975,0.8161985798301079,0.9322033898305084,0.06779661016949153,0.9920355729124783
1981,prot-private,19,19,0,8049,763,3.699173861730542,1.8872031089403754,0.4020724346383381,1.0,0.0,0.7185975427578808
1982,dna-private,98,88,10,7980,753,0.8303759398496241,-0.26816345268784497,0.5852531384305535,0.8979591836734694,0.10204081632653061,0.8877285057891666
1983,dna-private,12,9,3,8059,760,0.2829135128427845,-1.8215670088364881,0.07844382615057613,0.75,0.25,0.2596476907611014
1985,dna-private,13,9,4,8059,759,0.21190594366546717,-2.2385040410308137,0.021001542276485385,0.6923076923076923,0.3076923076923077,0.10125743597591168
1986,prot-private,38,21,17,8047,746,0.11451838098231712,-3.126348915571698,3.5494547557653044e-09,0.5526315789473685,0.4473684210526316,1.4907709974214279e-07
1987,dna-private,19,16,3,8052,760,0.5033946017552575,-0.990238349311548,0.22277766157339868,0.8421052631578947,0.15789473684210525,0.5159923779089749
1988,prot-private,87,84,3,7984,760,2.6653306613226455,1.4143145250512916,0.08547118192088624,0.9655172413793104,0.034482758620689655,0.27637194681185406
1989,dna-private,54,39,15,8029,748,0.2422219454477519,-2.0455985149320624,3.41832200323838e-05,0.7222222222222222,0.2777777777777778,0.0005361517498855219
1990,dna-private,33,29,4,8039,759,0.6845067794501803,-0.5468632646814404,0.526019630132248,0.8787878787878788,0.12121212121212122,0.8386141720370719
1991,prot-private,12,11,1,8057,762,1.0403375946382027,0.05705176594078467,1.0,0.9166666666666666,0.08333333333333333,1.0
1992,dna-private,29,25,4,8043,759,0.589798582618426,-0.7617057395135263,0.31079880204109256,0.8620689655172413,0.13793103448275862,0.6226498095050591
1993,dna-private,42,38,4,8030,759,0.897945205479452,-0.15530068354562512,0.7813655501740419,0.9047619047619048,0.09523809523809523,0.9719500803746435
1994,dna-private,288,250,38,7818,725,0.6100968076368973,-0.7128899131684923,0.00749849811077258,0.8680555555555556,0.13194444444444445,0.04804122518427178
1995,prot-private,37,32,5,8036,758,0.603683424589348,-0.7281359054495624,0.24680288050724591,0.8648648648648649,0.13513513513513514,0.5452454052117999
1996,dna-private,17,14,3,8054,760,0.4403608972767155,-1.1832417272783582,0.17689465436516857,0.8235294117647058,0.17647058823529413,0.4455313866049739
1997,dna-private,14,12,2,8056,761,0.5667825223435948,-0.8191328237820831,0.3441645340324851,0.8571428571428571,0.14285714285714285,0.6658405737389302
1998,prot-private,21,20,1,8048,762,1.893638170974155,0.9211606925751572,1.0,0.9523809523809523,0.047619047619047616,1.0
1999,dna-private,40,29,11,8039,752,0.24661592916350972,-2.0196621070565666,0.0004171065240508199,0.725,0.275,0.004610124739509062
2000,prot-private,10,10,0,8058,763,1.9896382701495317,0.9925061627800148,1.0,1.0,0.0,1.0
2001,dna-private,47,42,5,8026,758,0.7933217044605033,-0.3340220747175058,0.598894847488208,0.8936170212765957,0.10638297872340426,0.8877285057891666
2002,dna-private,107,97,10,7971,753,0.9163342115167482,-0.1260542112399693,0.7295987359638114,0.9065420560747663,0.09345794392523364,0.935915443137237
2003,dna-private,20,16,4,8052,759,0.3770491803278688,-1.4071753815058734,0.08818066269357304,0.8,0.2,0.2795489730786403
2004,dna-private,12,11,1,8057,762,1.0403375946382027,0.05705176594078467,1.0,0.9166666666666666,0.08333333333333333,1.0
2005,prot-private,30,26,4,8042,759,0.6134667993036558,-0.7049428272438021,0.3239706779083888,0.8666666666666667,0.13333333333333333,0.6381496417372119
2006,dna-private,144,129,15,7939,748,0.8102783725910064,-0.30351046125762904,0.45268952010903873,0.8958333333333334,0.10416666666666667,0.7683728720306091
2007,prot-private,24,23,1,8045,762,2.1784959602237413,1.1233324379395262,0.7174205323835983,0.9583333333333334,0.041666666666666664,0.929036603167421
2008,prot-private,13,13,0,8055,763,2.5590590279932965,1.3556134253808918,0.6199739488311733,1.0,0.0,0.8877285057891666
2009,dna-private,20,18,2,8050,761,0.850807453416149,-0.2330954229434839,0.689509959490357,0.9,0.1,0.9164372879302213
2011,dna-private,51,48,3,8020,760,1.5162094763092269,0.6004690869886651,0.6226219697680933,0.9411764705882353,0.058823529411764705,0.8877285057891666
2012,prot-private,22,13,9,8055,754,0.13520932478101938,-2.886733443626487,4.538000793859401e-05,0.5909090909090909,0.4090909090909091,0.0006901372537198664
2013,prot-private,1811,1799,12,6269,751,17.95939012069974,4.166666453608877,5.119243481875411e-61,0.9933738266151297,0.006626173384870237,1.9350740361489053e-57
2014,prot-private,12,11,1,8057,762,1.0403375946382027,0.05705176594078467,1.0,0.9166666666666666,0.08333333333333333,1.0
2015,dna-private,25,24,1,8044,762,2.2734957732471406,1.1849123219091262,0.7193889252568892,0.96,0.04,0.929036603167421
2016,dna-private,12,12,0,8056,763,2.369204989759821,1.2444030296948858,0.6160300460842021,1.0,0.0,0.8877285057891666
2017,dna-private,90,86,4,7982,759,2.0444124279629166,1.0316862666062927,0.18710096452422542,0.9555555555555556,0.044444444444444446,0.4649846455631637
2018,dna-private,16,16,0,8052,763,3.1289040670599193,1.6456574258851278,0.3903018394628883,1.0,0.0,0.7119955431576628
2019,prot-private,13,13,0,8055,763,2.5590590279932965,1.3556134253808918,0.6199739488311733,1.0,0.0,0.8877285057891666
2020,dna-private,57,54,3,8014,760,1.7070127277264786,0.7714738153424622,0.4814145085434018,0.9473684210526315,0.05263157894736842,0.7956916669409964
2021,prot-private,10,10,0,8058,763,1.9896382701495317,0.9925061627800148,1.0,1.0,0.0,1.0
2022,prot-private,10,9,1,8059,762,0.8509740662613228,-0.2328129289529579,0.59509736615207,0.9,0.1,0.8877285057891666
2023,dna-private,107,94,13,7974,750,0.6800949238872489,-0.5561919710775424,0.2216285927677119,0.8785046728971962,0.12149532710280374,0.5159923779089749
2024,dna-private,75,69,6,7999,757,1.0883235404425553,0.12210750953276292,1.0,0.92,0.08,1.0
2025,dna-private,43,35,8,8033,755,0.4111944479024026,-1.2821073100193527,0.028822847928819846,0.813953488372093,0.18604651162790697,0.12817690020110473
2027,dna-private,212,204,8,7864,755,2.4481815869786367,1.2917105698433562,0.008752941778565967,0.9622641509433962,0.03773584905660377,0.05432860414282325
2028,dna-private,210,200,10,7868,753,1.9140823589222167,0.9366529072807603,0.0455844944968154,0.9523809523809523,0.047619047619047616,0.17837410890058197
2029,dna-private,66,57,9,8011,754,0.5960970332459535,-0.7463809018034199,0.18025917823844725,0.8636363636363636,0.13636363636363635,0.4503500950041841
2030,dna-private,84,71,13,7997,750,0.5122113100104847,-0.9651889858100585,0.0317259349385813,0.8452380952380952,0.15476190476190477,0.13764714453027624
2031,dna-private,91,81,10,7987,753,0.7636534368348566,-0.3890100356770952,0.44957056821535235,0.8901098901098901,0.10989010989010989,0.7644519783418947
2032,dna-private,14,14,0,8054,763,2.748960208579055,1.4588860238748205,0.6261069302735234,1.0,0.0,0.8877285057891666
2033,dna-private,12,12,0,8056,763,2.369204989759821,1.2444030296948858,0.6160300460842021,1.0,0.0,0.8877285057891666
2034,dna-private,39,37,2,8031,761,1.7530195492466691,0.8098420847705613,0.7717129128023361,0.9487179487179487,0.05128205128205128,0.9659188113883544
2035,dna-private,13,13,0,8055,763,2.5590590279932965,1.3556134253808918,0.6199739488311733,1.0,0.0,0.8877285057891666
2036,prot-private,13,12,1,8056,762,1.1350546176762661,0.18276172020769355,1.0,0.9230769230769231,0.07692307692307693,1.0
2037,dna-private,43,41,2,8027,761,1.943503176778373,0.9586594658549641,0.582055335925062,0.9534883720930233,0.046511627906976744,0.8877285057891666
2038,dna-private,30,27,3,8041,760,0.8506404676035318,-0.2333786048164745,0.741081562259439,0.9,0.1,0.9438302915568327
2039,dna-private,118,114,4,7954,759,2.719575056575308,1.4433812427749966,0.04537013414557898,0.9661016949152542,0.03389830508474576,0.17796725884652362
2040,dna-private,44,43,1,8025,762,4.082990654205608,2.029626265298392,0.17742282268571727,0.9772727272727273,0.022727272727272728,0.44562011279203406
2041,prot-private,125,117,8,7951,755,1.3887404100113194,0.47377694907475826,0.5191215980326452,0.936,0.064,0.8343025682667513
2042,dna-private,191,163,28,7905,735,0.5412713472485768,-0.885576075348533,0.005683536092669812,0.8534031413612565,0.14659685863874344,0.03891986672154328
2043,dna-private,52,48,4,8020,759,1.1356608478802992,0.18353205479433976,1.0,0.9230769230769231,0.07692307692307693,1.0
2044,dna-private,11,11,0,8057,763,2.179398076326404,1.1239297349069568,0.6147434751291604,1.0,0.0,0.8877285057891666
2045,dna-private,23,19,4,8049,759,0.44791278419679464,-1.1587102511226255,0.13180999755492595,0.8260869565217391,0.17391304347826086,0.36608507770581933
2046,dna-private,40,35,5,8033,758,0.6605253330013694,-0.5983142009480645,0.38935598611324007,0.875,0.125,0.7119955431576628
2047,prot-private,25,25,0,8043,763,4.840989618946976,2.2753020004764437,0.16333070103528635,1.0,0.0,0.42631279012711215
2048,dna-private,172,149,23,7919,740,0.6053684863591692,-0.7241145200798813,0.03808539736529184,0.8662790697674418,0.13372093023255813,0.158549341454629
2049,dna-private,29,26,3,8042,760,0.8190334079416397,-0.2880057950494767,0.7354723604369783,0.896551724137931,0.10344827586206896,0.9398531177997896
2050,dna-private,63,52,11,8016,752,0.4434766829976411,-1.1730698420137762,0.02128802886142517,0.8253968253968254,0.1746031746031746,0.10173040340858047
2051,dna-private,57,40,17,8028,746,0.21864650194906063,-2.1933278274703563,3.5723814792555466e-06,0.7017543859649122,0.2982456140350877,7.260001070745143e-05
2052,prot-private,25,24,1,8044,762,2.2734957732471406,1.1849123219091262,0.7193889252568892,0.96,0.04,0.929036603167421
2053,dna-private,13,11,2,8057,761,0.5194861611021472,-0.9448427780489919,0.31132490475252955,0.8461538461538461,0.15384615384615385,0.6226498095050591
2054,dna-private,17,14,3,8054,760,0.4403608972767155,-1.1832417272783582,0.17689465436516857,0.8235294117647058,0.17647058823529413,0.4455313866049739
2055,dna-private,20,14,6,8054,757,0.2193113152884695,-2.1889478456235745,0.005502012716657866,0.7,0.3,0.03788271050813613
2056,dna-private,299,281,18,7787,745,1.4935505044019235,0.5787460231982599,0.11539934781272237,0.939799331103679,0.06020066889632107,0.3329843776580844
2057,dna-private,42,32,10,8036,753,0.29985067197610754,-1.737683888948726,0.0025077080214373506,0.7619047619047619,0.23809523809523808,0.020142993006114353
2059,prot-private,272,269,3,7799,760,8.737872376800444,3.1272820342896024,7.684019101603163e-08,0.9889705882352942,0.011029411764705883,2.482529248210253e-06
2060,dna-private,18,16,2,8052,761,0.7560854446100348,-0.40337881341779425,0.6651558352122813,0.8888888888888888,0.1111111111111111,0.901825343293552
2061,prot-private,17,17,0,8051,763,3.3189467801030865,1.7307254957322895,0.3917859073460155,1.0,0.0,0.7119955431576628
2062,dna-private,83,68,15,8000,748,0.42386666666666667,-1.2383175791326295,0.005077221447215339,0.8192771084337349,0.18072289156626506,0.03541834929047274
2063,dna-private,402,372,30,7696,733,1.181029106029106,0.24004451986328282,0.4666827708790212,0.9253731343283582,0.07462686567164178,0.782635702716371
2064,dna-private,17,15,2,8053,761,0.7087420836955172,-0.49666737894466767,0.6538307945337098,0.8823529411764706,0.11764705882352941,0.89997229635986
2065,dna-private,38,36,2,8032,761,1.7054282868525896,0.7701340909950858,0.7693366757055152,0.9473684210526315,0.05263157894736842,0.9645415038696011
2066,dna-private,64,60,4,8008,759,1.4217032967032968,0.5076204121879914,0.6561070459326518,0.9375,0.0625,0.9008661945606334
2067,dna-private,69,66,3,8002,760,2.0894776305923517,1.063142313622643,0.2800930951306937,0.9565217391304348,0.043478260869565216,0.578236974109242
2068,prot-private,271,250,21,7818,742,1.1298712373155966,0.17615836921483946,0.6613644149526863,0.922509225092251,0.07749077490774908,0.901825343293552
2069,dna-private,12,7,5,8061,758,0.13164619774221561,-2.9252622413929887,0.00224831134899996,0.5833333333333334,0.4166666666666667,0.018596535884507326
2070,prot-private,15,10,5,8058,758,0.18813601389923057,-2.410152051977507,0.006850581845258427,0.6666666666666666,0.3333333333333333,0.044801383001863065
2073,dna-private,61,55,6,8013,757,0.8659886018553185,-0.207580058567031,0.6489053231268938,0.9016393442622951,0.09836065573770492,0.89997229635986
2074,dna-private,246,228,18,7840,745,1.2036564625850341,0.2674236890693828,0.5641133009163074,0.926829268292683,0.07317073170731707,0.8793188773045946
2076,dna-private,43,38,5,8030,758,0.7174097135740971,-0.47913081567736204,0.41632227297583635,0.8837209302325582,0.11627906976744186,0.7329754037487943
2077,dna-private,27,23,4,8045,759,0.5424798011187073,-0.8823586741383294,0.28746707582594033,0.8518518518518519,0.14814814814814814,0.5895960643635672
2078,dna-private,53,48,5,8020,758,0.9073316708229426,-0.14029807733739713,0.8046728122782936,0.9056603773584906,0.09433962264150944,0.9859524247688655
2079,dna-private,21,20,1,8048,762,1.893638170974155,0.9211606925751572,1.0,0.9523809523809523,0.047619047619047616,1.0
2080,dna-private,12,11,1,8057,762,1.0403375946382027,0.05705176594078467,1.0,0.9166666666666666,0.08333333333333333,1.0
2081,dna-private,63,58,5,8010,758,1.0977278401997503,0.13452041111522903,1.0,0.9206349206349206,0.07936507936507936,1.0
2082,dna-private,25,20,5,8048,758,0.37673956262425445,-1.4083605516344355,0.05921837402854664,0.8,0.2,0.21551594103444832
2083,prot-private,25,23,2,8045,761,1.0878185208203854,0.12143789394974983,1.0,0.92,0.08,1.0
2084,dna-private,112,101,11,7967,752,0.8666659059529651,-0.2064521437886184,0.6114371651952062,0.9017857142857143,0.09821428571428571,0.8877285057891666
2085,dna-private,35,30,5,8038,758,0.5658123911420752,-0.8216043231664972,0.22271049171388355,0.8571428571428571,0.14285714285714285,0.5159923779089749
2086,dna-private,37,33,4,8035,759,0.7793092719352831,-0.3597321137885364,0.5570142951867847,0.8918918918918919,0.10810810810810811,0.8696877471317828
2087,prot-private,113,103,10,7965,753,0.9737476459510358,-0.038380159444887915,0.8664488141633953,0.911504424778761,0.08849557522123894,1.0
2088,dna-private,29,24,5,8044,758,0.45231228244654403,-1.1446089223004663,0.09997958225541735,0.8275862068965517,0.1724137931034483,0.3040355130800467
2089,dna-private,52,47,5,8021,758,0.8883181648173545,-0.17085160232914326,0.8023241620725681,0.9038461538461539,0.09615384615384616,0.9846705625436063
2090,dna-private,25,23,2,8045,761,1.0878185208203854,0.12143789394974983,1.0,0.92,0.08,1.0
2091,dna-private,12,10,2,8058,761,0.47220153884338545,-1.0825253517576907,0.27814822883872553,0.8333333333333334,0.16666666666666666,0.577637734577502
2092,dna-private,115,106,9,7962,754,1.1153534846074409,0.15750101029820154,0.8682411402485991,0.9217391304347826,0.0782608695652174,1.0
2093,dna-private,14,9,5,8059,758,0.1693014021590768,-2.562334173162551,0.004911449152307102,0.6428571428571429,0.35714285714285715,0.03444392912007578
2094,dna-private,44,39,5,8029,758,0.736380620251588,-0.44147643592745134,0.42666670038808,0.8863636363636364,0.11363636363636363,0.7456311268917903
2095,dna-private,30,24,6,8044,757,0.37642963699651916,-1.40954787631962,0.040320928311090076,0.8,0.2,0.16657170384253606
2096,dna-private,51,40,11,8028,752,0.3406259908502061,-1.5537395734349146,0.0035803037429422324,0.7843137254901961,0.21568627450980393,0.027067096296643278
2097,dna-private,30,27,3,8041,760,0.8506404676035318,-0.2333786048164745,0.741081562259439,0.9,0.1,0.9438302915568327
2098,prot-private,25,16,9,8052,754,0.16647347794888778,-2.5866357450949877,0.00014701349505559757,0.64,0.36,0.0019295521226047182
2099,dna-private,69,66,3,8002,760,2.0894776305923517,1.063142313622643,0.2800930951306937,0.9565217391304348,0.043478260869565216,0.578236974109242
2100,dna-private,17,12,5,8056,758,0.22581926514399206,-2.146759524001899,0.0122129485169433,0.7058823529411765,0.29411764705882354,0.06900589744999354
2101,dna-private,58,52,6,8016,757,0.8184464404524284,-0.2890400857895409,0.6358237371480248,0.896551724137931,0.10344827586206896,0.8927985610770928
2102,prot-private,194,184,10,7884,753,1.7573820395738204,0.813427854798093,0.0917871014670895,0.9484536082474226,0.05154639175257732,0.2874525630038097
2103,dna-private,17,13,4,8055,759,0.3062383612662942,-1.7072730800373728,0.053095201205350134,0.7647058823529411,0.23529411764705882,0.19750641493945995
2104,dna-private,61,57,4,8011,759,1.3501123455249033,0.4330794617856945,0.8177044872896894,0.9344262295081968,0.06557377049180328,0.9925892620279465
2105,prot-private,45,18,27,8050,736,0.06095238095238095,-4.036173612553485,4.77014966449242e-18,0.4,0.6,6.678209530289388e-16
2107,prot-private,27,22,5,8046,758,0.41451652995277155,-1.2704984607046035,0.0781680204327629,0.8148148148148148,0.18518518518518517,0.2596476907611014
2108,dna-private,39,36,3,8032,760,1.1354581673306774,0.18327455510133217,1.0,0.9230769230769231,0.07692307692307693,1.0
2109,prot-private,25,24,1,8044,762,2.2734957732471406,1.1849123219091262,0.7193889252568892,0.96,0.04,0.929036603167421
2110,prot-private,278,269,9,7799,754,2.889629724608568,1.5308846385061627,0.0004542747330916623,0.9676258992805755,0.03237410071942446,0.004962885812388681
2111,prot-private,11,11,0,8057,763,2.179398076326404,1.1239297349069568,0.6147434751291604,1.0,0.0,0.8877285057891666
2112,dna-private,88,82,6,7986,757,1.295475415310126,0.37348163724961114,0.7026486414509867,0.9318181818181818,0.06818181818181818,0.9290003024430675
2113,dna-private,56,54,2,8014,761,2.5638881956575994,1.3583333512362161,0.23321821760895722,0.9642857142857143,0.03571428571428571,0.5349301350496712
2114,prot-private,56,50,6,8018,757,0.7867714309470358,-0.34598352311147046,0.48064110483545164,0.8928571428571429,0.10714285714285714,0.7956916669409964
2115,dna-private,72,56,16,8012,747,0.32632301547678483,-1.6156273509658665,0.000338084793306457,0.7777777777777778,0.2222222222222222,0.0038609079114755506
2116,dna-private,105,104,1,7964,762,9.950778503264692,3.3148093999139117,0.0013620418606973478,0.9904761904761905,0.009523809523809525,0.012657414008470815
2117,dna-private,65,55,10,8013,753,0.5168476226132535,-0.9521890880470407,0.07075039185831292,0.8461538461538461,0.15384615384615385,0.2429032527015648
2118,prot-private,386,384,2,7684,761,19.015096304008328,4.249073340559175,3.684526612954945e-13,0.9948186528497409,0.0051813471502590676,3.0277196949934113e-11
2119,dna-private,36,31,5,8037,758,0.5847455518228195,-0.7741191128929306,0.23438389955692185,0.8611111111111112,0.1388888888888889,0.535329994154178
2120,prot-private,20,20,0,8048,763,3.8893582655153134,1.9595321337374263,0.4103003441798839,1.0,0.0,0.7243976184025975
2121,prot-private,37,34,3,8034,760,1.0721101983237906,0.10045320281466442,1.0,0.918918918918919,0.08108108108108109,1.0
2122,prot-private,16,16,0,8052,763,3.1289040670599193,1.6456574258851278,0.3903018394628883,1.0,0.0,0.7119955431576628
2123,dna-private,30,29,1,8039,762,2.7488493593730565,1.4588278473964156,0.5123772522077924,0.9666666666666667,0.03333333333333333,0.8255694856544993
2124,prot-private,15,14,1,8054,762,1.3245592252296996,0.40551235260517215,1.0,0.9333333333333333,0.06666666666666667,1.0
2125,dna-private,38,35,3,8033,760,1.1037802398439769,0.14245296337799762,1.0,0.9210526315789473,0.07894736842105263,1.0
2126,prot-private,24,22,2,8046,761,1.0403927417350236,0.05712823951521257,1.0,0.9166666666666666,0.08333333333333333,1.0
2127,dna-private,43,41,2,8027,761,1.943503176778373,0.9586594658549641,0.582055335925062,0.9534883720930233,0.046511627906976744,0.8877285057891666
2128,prot-private,16,15,1,8053,762,1.4193468272693406,0.5052271650451089,1.0,0.9375,0.0625,1.0
2130,dna-private,31,25,6,8043,757,0.3921629574371089,-1.3504748256644172,0.046486763060295866,0.8064516129032258,0.1935483870967742,0.18023737674389115
2131,dna-private,13,12,1,8056,762,1.1350546176762661,0.18276172020769355,1.0,0.9230769230769231,0.07692307692307693,1.0
2132,dna-private,58,48,10,8020,753,0.4506733167082294,-1.1498460608365606,0.03067575211940938,0.8275862068965517,0.1724137931034483,0.13374203346178484
2133,dna-private,148,131,17,7937,746,0.7242772124598863,-0.46538610960169885,0.23516859997044537,0.8851351351351351,0.11486486486486487,0.5364739335475459
2134,dna-private,55,50,5,8018,758,0.9453729109503617,-0.08104456909231658,0.810144336619018,0.9090909090909091,0.09090909090909091,0.9897690990368093
2135,prot-private,10,9,1,8059,762,0.8509740662613228,-0.2328129289529579,0.59509736615207,0.9,0.1,0.8877285057891666
2136,prot-private,16,12,4,8056,759,0.2826464746772592,-1.8229293918701623,0.04347584763160735,0.75,0.25,0.1720824126151579
2137,dna-private,65,57,8,8011,755,0.6714985644738485,-0.5745437794173306,0.26786571136270154,0.8769230769230769,0.12307692307692308,0.5701195883733174
2138,dna-private,24,20,4,8048,759,0.47154572564612324,-1.0845304195026986,0.14800296197823892,0.8333333333333334,0.16666666666666666,0.3984695130183356
2139,dna-private,105,85,20,7983,743,0.3955593135412752,-1.3380340539544406,0.0006436562388732844,0.8095238095238095,0.19047619047619047,0.006665809816276754
2140,dna-private,434,388,46,7680,717,0.7874660326086956,-0.344710400776499,0.1364840118380744,0.8940092165898618,0.10599078341013825,0.375753506735558
2141,prot-private,13,13,0,8055,763,2.5590590279932965,1.3556134253808918,0.6199739488311733,1.0,0.0,0.8877285057891666
2142,dna-private,32,26,6,8042,757,0.4079001906656719,-1.2937119133946928,0.05320593297080169,0.8125,0.1875,0.19750641493945995
2143,dna-private,274,252,22,7816,741,1.085954219782265,0.11896328520006794,0.8269164599189884,0.9197080291970803,0.08029197080291971,1.0
2144,prot-private,17,15,2,8053,761,0.7087420836955172,-0.49666737894466767,0.6538307945337098,0.8823529411764706,0.11764705882352941,0.89997229635986
2145,dna-private,149,142,7,7926,756,1.934897804693414,0.9522573697001667,0.10353222150990778,0.9530201342281879,0.04697986577181208,0.3110904589089439
2146,dna-private,31,28,3,8040,760,0.8822553897180763,-0.18073175639889522,0.7471571356606916,0.9032258064516129,0.0967741935483871,0.9483727242435912
2147,dna-private,18,13,5,8055,758,0.24466790813159528,-2.0311032121691097,0.01573344202619005,0.7222222222222222,0.2777777777777778,0.08317819700559215
2148,prot-private,50,46,4,8022,759,1.0880703066566941,0.12177178065797026,1.0,0.92,0.08,1.0
2149,dna-private,57,53,4,8015,759,1.2547411104179662,0.327389724936755,0.815828251546556,0.9298245614035088,0.07017543859649122,0.9920355729124783
2150,dna-private,53,52,1,8016,762,4.9431137724550895,2.3054201124392057,0.08570192744399394,0.9811320754716981,0.018867924528301886,0.27637194681185406
2151,prot-private,20,10,10,8058,753,0.09344750558451229,-3.4197000354766702,1.813148437674845e-06,0.5,0.5,3.938908674948801e-05
2152,dna-private,27,26,1,8042,762,2.463566277045511,1.3007482848340537,0.7259809616915744,0.9629629629629629,0.037037037037037035,0.9324526113469763
2153,dna-private,89,76,13,7992,750,0.5486255486255486,-0.8661062871066819,0.055373820086899804,0.8539325842696629,0.14606741573033707,0.2041783999819824
2154,prot-private,14,14,0,8054,763,2.748960208579055,1.4588860238748205,0.6261069302735234,1.0,0.0,0.8877285057891666
2155,dna-private,20,16,4,8052,759,0.3770491803278688,-1.4071753815058734,0.08818066269357304,0.8,0.2,0.2795489730786403
2156,dna-private,33,28,5,8040,758,0.5279601990049752,-0.9214989207249574,0.20188821211829633,0.8484848484848485,0.15151515151515152,0.4854563879180408
2157,dna-private,19,17,2,8051,761,0.8034405663892684,-0.3157367887801676,0.677113499984792,0.8947368421052632,0.10526315789473684,0.9096240285714047
2158,dna-private,13,9,4,8059,759,0.21190594366546717,-2.2385040410308137,0.021001542276485385,0.6923076923076923,0.3076923076923077,0.10125743597591168
2159,dna-private,57,52,5,8016,758,0.9834331337325349,-0.024101131770386884,1.0,0.9122807017543859,0.08771929824561403,1.0
2160,prot-private,47,42,5,8026,758,0.7933217044605033,-0.3340220747175058,0.598894847488208,0.8936170212765957,0.10638297872340426,0.8877285057891666
2162,dna-private,21,20,1,8048,762,1.893638170974155,0.9211606925751572,1.0,0.9523809523809523,0.047619047619047616,1.0
2164,prot-private,23,21,2,8047,761,0.9929787498446626,-0.010165251073051074,1.0,0.9130434782608695,0.08695652173913043,1.0
2165,dna-private,82,78,4,7990,759,1.852377972465582,0.8893785064623756,0.320122383137324,0.9512195121951219,0.04878048780487805,0.6342047213097929
2166,dna-private,107,94,13,7974,750,0.6800949238872489,-0.5561919710775424,0.2216285927677119,0.8785046728971962,0.12149532710280374,0.5159923779089749
2167,dna-private,43,39,4,8029,759,0.9216901233030266,-0.11764630379571438,0.7852915920495436,0.9069767441860465,0.09302325581395349,0.973246628835172
2168,prot-private,15,14,1,8054,762,1.3245592252296996,0.40551235260517215,1.0,0.9333333333333333,0.06666666666666667,1.0
2170,dna-private,40,36,4,8032,759,0.8504731075697212,-0.23366247709299323,0.7745368167164695,0.9,0.1,0.9681710208955868
2171,prot-private,18,17,1,8051,762,1.6089926717177991,0.6861577552096091,1.0,0.9444444444444444,0.05555555555555555,1.0
2172,dna-private,36,29,7,8039,756,0.3896006966040552,-1.3599318379334382,0.03193812350325204,0.8055555555555556,0.19444444444444445,0.1379726935340488
2173,dna-private,18,16,2,8052,761,0.7560854446100348,-0.40337881341779425,0.6651558352122813,0.8888888888888888,0.1111111111111111,0.901825343293552
2174,dna-private,40,39,1,8029,762,3.7013326690746045,1.8880448082821413,0.2551092409239627,0.975,0.025,0.5513510181203997
2175,dna-private,11,8,3,8060,760,0.25144747725392885,-1.9916710158055382,0.06272898865567579,0.7272727272727273,0.2727272727272727,0.2222264077961148
2176,dna-private,20,17,3,8051,760,0.5349231979464248,-0.9025963246739215,0.24653007314042663,0.85,0.15,0.5452454052117999
2177,prot-private,134,125,9,7943,754,1.3184215311874887,0.39881170852861736,0.5349220219948305,0.9328358208955224,0.06716417910447761,0.8481565617199914
2178,prot-private,11,11,0,8057,763,2.179398076326404,1.1239297349069568,0.6147434751291604,1.0,0.0,0.8877285057891666
2179,prot-private,18,17,1,8051,762,1.6089926717177991,0.6861577552096091,1.0,0.9444444444444444,0.05555555555555555,1.0
2180,dna-private,21,17,4,8051,759,0.4006645137250031,-1.3195333568682468,0.10183922039866987,0.8095238095238095,0.19047619047619047,0.30697946818737804
2181,prot-private,43,42,1,8026,762,3.9875404933964615,1.995499169492087,0.17691603473387985,0.9767441860465116,0.023255813953488372,0.4455313866049739
2182,dna-private,59,54,5,8014,758,1.0215123533815822,0.030706651016399893,1.0,0.9152542372881356,0.0847457627118644,1.0
2183,prot-private,61,61,0,8007,763,11.7278176709335,3.5518626744740454,0.009261941597232828,1.0,0.0,0.05686874453429857
2184,dna-private,61,53,8,8015,755,0.6240642545227698,-0.6802335162662699,0.24579488446630005,0.8688524590163934,0.13114754098360656,0.5452454052117999
2185,prot-private,19,19,0,8049,763,3.699173861730542,1.8872031089403754,0.4020724346383381,1.0,0.0,0.7185975427578808
2186,dna-private,260,256,4,7812,759,6.218125960061444,2.6364798415286748,1.5880704525804703e-06,0.9846153846153847,0.015384615384615385,3.5311213592671634e-05
2187,dna-private,49,43,6,8025,757,0.6760332294911734,-0.5648339329303544,0.31277567193929934,0.8775510204081632,0.12244897959183673,0.6242302217162362
2188,dna-private,42,34,8,8034,755,0.3993963156584516,-1.324107070582686,0.0253071797119648,0.8095238095238095,0.19047619047619047,0.11623467717038509
2189,dna-private,36,28,8,8040,755,0.32866915422885573,-1.6052920297962456,0.01024865593509701,0.7777777777777778,0.2222222222222222,0.06100774714120741
2190,prot-private,236,228,8,7840,755,2.744579081632653,1.4565849093746124,0.0020525853871972517,0.9661016949152542,0.03389830508474576,0.017514159737258717
2191,prot-private,49,36,13,8032,750,0.25858106037388906,-1.9513114852663085,0.00018884152107752846,0.7346938775510204,0.2653061224489796,0.002403437540986726
2192,dna-private,51,47,4,8021,759,1.1118626106470515,0.15297852980259363,1.0,0.9215686274509803,0.0784313725490196,1.0
2193,dna-private,47,39,8,8029,755,0.45841636567443017,-1.1252695449987395,0.06036088249400229,0.8297872340425532,0.1702127659574468,0.21836730432020368
2194,dna-private,27,24,3,8044,760,0.7558428642466435,-0.40384175797440397,0.5034960913993611,0.8888888888888888,0.1111111111111111,0.819291961037273
2195,dna-private,13,12,1,8056,762,1.1350546176762661,0.18276172020769355,1.0,0.9230769230769231,0.07692307692307693,1.0
2196,prot-private,241,199,42,7869,721,0.43412970729021055,-1.2038019459804292,1.1182434061902231e-05,0.8257261410788381,0.17427385892116182,0.00019389725116509375
2197,dna-private,43,39,4,8029,759,0.9216901233030266,-0.11764630379571438,0.7852915920495436,0.9069767441860465,0.09302325581395349,0.973246628835172
2198,prot-private,30,30,0,8038,763,5.793804814331032,2.5345110829272883,0.10648958059562064,1.0,0.0,0.3164548857322689
2199,prot-private,20,18,2,8050,761,0.850807453416149,-0.2330954229434839,0.689509959490357,0.9,0.1,0.9164372879302213
2200,dna-private,85,74,11,7994,752,0.6328382650624332,-0.6600912587511569,0.17044522754506147,0.8705882352941177,0.12941176470588237,0.43739508494252033
2201,dna-private,45,35,10,8033,753,0.32808415286941367,-1.607862184447228,0.004293709611563024,0.7777777777777778,0.2222222222222222,0.030921695481092224
2202,dna-private,15,13,2,8055,761,0.614090626939789,-0.7034765119492934,0.37647785138890716,0.8666666666666667,0.13333333333333333,0.701027723275896
2203,prot-private,129,127,2,7941,761,6.08531671074172,2.6053323500591565,0.0013213549408839505,0.9844961240310077,0.015503875968992248,0.012393850313998344
2204,dna-private,36,32,4,8036,759,0.7555998008959681,-0.40430577331782563,0.5481765446359741,0.8888888888888888,0.1111111111111111,0.8608671951491409
2205,dna-private,28,19,9,8049,754,0.197760936486244,-2.3381706147117396,0.0003923095620041631,0.6785714285714286,0.32142857142857145,0.004387367291052475
2206,dna-private,51,46,5,8022,758,0.8693093991523311,-0.20205835147376677,0.8002634787141999,0.9019607843137255,0.09803921568627451,0.9830991061227415
2207,dna-private,79,65,14,8003,749,0.4345245532925153,-1.2024903944586767,0.007943928146957567,0.8227848101265823,0.17721518987341772,0.05038263153607316
2208,dna-private,28,20,8,8048,755,0.23453031809145128,-2.0921536607057236,0.0019486910888545947,0.7142857142857143,0.2857142857142857,0.016894615403372403
2209,prot-private,10,6,4,8062,759,0.14121806003473084,-2.824003491714457,0.007601667583545369,0.6,0.4,0.0484558237197327
2210,dna-private,273,251,22,7817,741,1.0815065067975391,0.11304234518551591,0.826792629410092,0.9194139194139194,0.08058608058608059,1.0
2211,dna-private,33,28,5,8040,758,0.5279601990049752,-0.9214989207249574,0.20188821211829633,0.8484848484848485,0.15151515151515152,0.4854563879180408
2212,prot-private,20,19,1,8049,762,1.798732761833768,0.8469808609552302,1.0,0.95,0.05,1.0
2213,dna-private,87,85,2,7983,761,4.051421771263936,2.018428283897871,0.03253472209883483,0.9770114942528736,0.022988505747126436,0.13959279175209496
2214,prot-private,27,24,3,8044,760,0.7558428642466435,-0.40384175797440397,0.5034960913993611,0.8888888888888888,0.1111111111111111,0.819291961037273
2215,dna-private,15,15,0,8053,763,2.9389085490780404,1.5552804669020328,0.6340216938892271,1.0,0.0,0.8912614365568161
2216,dna-private,20,18,2,8050,761,0.850807453416149,-0.2330954229434839,0.689509959490357,0.9,0.1,0.9164372879302213
2217,dna-private,60,28,32,8040,731,0.07955534825870647,-3.6518972680562496,5.020532625117374e-19,0.4666666666666667,0.5333333333333333,8.251136227366814e-17
2218,dna-private,11,10,1,8058,762,0.9456440804169769,-0.08063080776791416,1.0,0.9090909090909091,0.09090909090909091,1.0
2219,prot-private,66,61,5,8007,758,1.1549394280004996,0.20781718998349313,1.0,0.9242424242424242,0.07575757575757576,1.0
2220,dna-private,29,26,3,8042,760,0.8190334079416397,-0.2880057950494767,0.7354723604369783,0.896551724137931,0.10344827586206896,0.9398531177997896
2221,dna-private,22,18,4,8050,759,0.42428571428571427,-1.236891991031563,0.11640137205561549,0.8181818181818182,0.18181818181818182,0.3334336119852689
2222,prot-private,303,251,52,7817,711,0.4390357308036725,-1.1875897370046975,1.161278276570788e-06,0.8283828382838284,0.1716171617161716,2.716921081614531e-05
2223,dna-private,297,258,39,7810,724,0.6132571653698414,-0.7054359093851306,0.008222589518983546,0.8686868686868687,0.13131313131313133,0.05169642382189916
2224,dna-private,100,91,9,7977,754,0.95571991698355,-0.06534021055377559,0.857582136839349,0.91,0.09,1.0
2225,dna-private,357,337,20,7731,743,1.6193959384296985,0.6954557642523164,0.03437420395512204,0.9439775910364145,0.056022408963585436,0.14599381005658577
2226,dna-private,10,8,2,8060,761,0.37766749379652603,-1.4048114799117843,0.21174867571160536,0.8,0.2,0.49903027017397994
2227,dna-private,56,50,6,8018,757,0.7867714309470358,-0.34598352311147046,0.48064110483545164,0.8928571428571429,0.10714285714285714,0.7956916669409964
2228,prot-private,30,27,3,8041,760,0.8506404676035318,-0.2333786048164745,0.741081562259439,0.9,0.1,0.9438302915568327
2229,dna-private,91,87,4,7981,759,2.0684438040345823,1.048545762628921,0.18761377744240199,0.9560439560439561,0.04395604395604396,0.465646801531372
2231,prot-private,18,17,1,8051,762,1.6089926717177991,0.6861577552096091,1.0,0.9444444444444444,0.05555555555555555,1.0
2232,prot-private,26,26,0,8042,763,5.031457880012434,2.3309764858199498,0.16341990288205965,1.0,0.0,0.42631279012711215
2233,dna-private,22,20,2,8048,761,0.9455765407554672,-0.08073385141461938,0.7149840631017713,0.9090909090909091,0.09090909090909091,0.929036603167421
2234,dna-private,394,363,31,7705,732,1.1124573486006155,0.15375002449077038,0.6465594654103923,0.9213197969543148,0.07868020304568528,0.8981972727862121
2235,dna-private,98,68,30,8000,733,0.20768333333333333,-2.2675426508864542,3.4680492077157875e-10,0.6938775510204082,0.30612244897959184,1.8463698598824896e-08
2236,prot-private,10,9,1,8059,762,0.8509740662613228,-0.2328129289529579,0.59509736615207,0.9,0.1,0.8877285057891666
2237,dna-private,50,46,4,8022,759,1.0880703066566941,0.12177178065797026,1.0,0.92,0.08,1.0
2238,dna-private,730,728,2,7340,761,37.738964577656674,5.237982935971666,5.282933469756222e-27,0.9972602739726028,0.0027397260273972603,1.8154080468798654e-24
2239,dna-private,70,63,7,8005,756,0.8499687695190506,-0.23451826174023419,0.6670753959090714,0.9,0.1,0.903779568651
2240,prot-private,18,17,1,8051,762,1.6089926717177991,0.6861577552096091,1.0,0.9444444444444444,0.05555555555555555,1.0
2241,dna-private,21,14,7,8054,756,0.18773280357586292,-2.4132473327246813,0.0013816706228640778,0.6666666666666666,0.3333333333333333,0.012707335655538235
2242,dna-private,150,139,11,7929,752,1.1984544651968034,0.26117509540112155,0.6612205237109118,0.9266666666666666,0.07333333333333333,0.901825343293552
2243,dna-private,41,37,4,8031,759,0.8742062009712365,-0.19395448331751783,0.7777676696173981,0.9024390243902439,0.0975609756097561,0.9693246921047691
2244,prot-private,18,17,1,8051,762,1.6089926717177991,0.6861577552096091,1.0,0.9444444444444444,0.05555555555555555,1.0
2245,dna-private,151,142,9,7926,754,1.5009392435584714,0.5858655793630502,0.3048846511911417,0.9403973509933775,0.059602649006622516,0.6182567197348681
2246,dna-private,57,51,6,8017,757,0.8026069602095547,-0.31723442766022386,0.632329514926524,0.8947368421052632,0.10526315789473684,0.8912614365568161
2247,prot-private,14,13,1,8055,762,1.2297951582867783,0.29841803204048295,1.0,0.9285714285714286,0.07142857142857142,1.0
2248,prot-private,17,17,0,8051,763,3.3189467801030865,1.7307254957322895,0.3917859073460155,1.0,0.0,0.7119955431576628
2249,dna-private,14,12,2,8056,761,0.5667825223435948,-0.8191328237820831,0.3441645340324851,0.8571428571428571,0.14285714285714285,0.6658405737389302
2250,dna-private,15,15,0,8053,763,2.9389085490780404,1.5552804669020328,0.6340216938892271,1.0,0.0,0.8912614365568161
2251,dna-private,18,17,1,8051,762,1.6089926717177991,0.6861577552096091,1.0,0.9444444444444444,0.05555555555555555,1.0
2252,dna-private,62,56,6,8012,757,0.8818439008154435,-0.1814047944905281,0.6540274862699829,0.9032258064516129,0.0967741935483871,0.89997229635986
2253,prot-private,10,9,1,8059,762,0.8509740662613228,-0.2328129289529579,0.59509736615207,0.9,0.1,0.8877285057891666
2254,prot-private,11,10,1,8058,762,0.9456440804169769,-0.08063080776791416,1.0,0.9090909090909091,0.09090909090909091,1.0
2255,prot-private,64,57,7,8011,756,0.7684433903382849,-0.37998911146630326,0.49946852051664653,0.890625,0.109375,0.8162520568754535
2256,dna-private,11,10,1,8058,762,0.9456440804169769,-0.08063080776791416,1.0,0.9090909090909091,0.09090909090909091,1.0
2257,dna-private,68,67,1,8001,762,6.380952380952381,2.6737717676790123,0.028390535412858076,0.9852941176470589,0.014705882352941176,0.12715192400545441
2258,prot-private,175,166,9,7902,754,1.7599482550127956,0.8155330121956061,0.10303998817321416,0.9485714285714286,0.05142857142857143,0.3098577209982097
2260,dna-private,74,68,6,8000,757,1.0724166666666666,0.1008655458528277,1.0,0.918918918918919,0.08108108108108109,1.0
2261,dna-private,27,26,1,8042,762,2.463566277045511,1.3007482848340537,0.7259809616915744,0.9629629629629629,0.037037037037037035,0.9324526113469763
2262,dna-private,17,16,1,8052,762,1.5141579731743666,0.5985157305719824,1.0,0.9411764705882353,0.058823529411764705,1.0
2263,prot-private,26,23,3,8045,760,0.7242593743525999,-0.4654216419440042,0.48773304782795196,0.8846153846153846,0.11538461538461539,0.801927325267359
2264,dna-private,51,48,3,8020,760,1.5162094763092269,0.6004690869886651,0.6226219697680933,0.9411764705882353,0.058823529411764705,0.8877285057891666
2265,prot-private,29,29,0,8039,763,5.603146961875739,2.486237332723165,0.17242845368326137,1.0,0.0,0.44009423019765564
2266,dna-private,10,10,0,8058,763,1.9896382701495317,0.9925061627800148,1.0,1.0,0.0,1.0
2267,prot-private,60,53,7,8015,756,0.7141609482220836,-0.48567884831524255,0.35757524898910664,0.8833333333333333,0.11666666666666667,0.684718561894034
2268,dna-private,43,39,4,8029,759,0.9216901233030266,-0.11764630379571438,0.7852915920495436,0.9069767441860465,0.09302325581395349,0.973246628835172
2269,dna-private,25,21,4,8047,759,0.49518454082266683,-1.0139618191611302,0.2690266390706343,0.84,0.16,0.570342510200223
2270,prot-private,12,12,0,8056,763,2.369204989759821,1.2444030296948858,0.6160300460842021,1.0,0.0,0.8877285057891666
2271,dna-private,11,9,2,8059,761,0.424928651197419,-1.2347074729427345,0.24486416172403402,0.8181818181818182,0.18181818181818182,0.5452454052117999
2272,dna-private,20,19,1,8049,762,1.798732761833768,0.8469808609552302,1.0,0.95,0.05,1.0
2273,dna-private,66,61,5,8007,758,1.1549394280004996,0.20781718998349313,1.0,0.9242424242424242,0.07575757575757576,1.0
2275,dna-private,31,27,4,8041,759,0.637140902872777,-0.6503156370107998,0.33798369846811566,0.8709677419354839,0.12903225806451613,0.6610938379263273
2276,dna-private,112,103,9,7965,754,1.0833786705726443,0.1155375925968982,1.0,0.9196428571428571,0.08035714285714286,1.0
2277,prot-private,17,16,1,8052,762,1.5141579731743666,0.5985157305719824,1.0,0.9411764705882353,0.058823529411764705,1.0
2278,prot-private,13,13,0,8055,763,2.5590590279932965,1.3556134253808918,0.6199739488311733,1.0,0.0,0.8877285057891666
2279,dna-private,159,157,2,7911,761,7.551320945518897,2.916729035809456,0.00014967107080601902,0.9874213836477987,0.012578616352201259,0.001957635458985301
2280,dna-private,13,11,2,8057,761,0.5194861611021472,-0.9448427780489919,0.31132490475252955,0.8461538461538461,0.15384615384615385,0.6226498095050591
2281,dna-private,25,22,3,8046,760,0.692683735189328,-0.5297312963785412,0.4725039628434682,0.88,0.12,0.7854287509007519
2282,dna-private,111,108,3,7960,760,3.437185929648241,1.7812278943422488,0.024927868747046132,0.972972972972973,0.02702702702702703,0.11519235191177797
2283,prot-private,17,16,1,8052,762,1.5141579731743666,0.5985157305719824,1.0,0.9411764705882353,0.058823529411764705,1.0
2284,dna-private,613,605,8,7463,755,7.650659922283264,2.9355841955887003,1.084701458122133e-15,0.9869494290375204,0.013050570962479609,1.2424762156671704e-13
2285,dna-private,32,28,4,8040,759,0.6608208955223881,-0.5976687885932205,0.3527235621150381,0.875,0.125,0.677143252816071
2286,dna-private,57,53,4,8015,759,1.2547411104179662,0.327389724936755,0.815828251546556,0.9298245614035088,0.07017543859649122,0.9920355729124783
2287,prot-private,15,14,1,8054,762,1.3245592252296996,0.40551235260517215,1.0,0.9333333333333333,0.06666666666666667,1.0
2288,dna-private,43,32,11,8036,752,0.2722295126476311,-1.8771046156929518,0.0008167342294088392,0.7441860465116279,0.2558139534883721,0.008155754596585872
2289,prot-private,18,14,4,8054,759,0.3298361062825925,-1.6001787594726835,0.06376998954225302,0.7777777777777778,0.2222222222222222,0.2249783146539184
2291,prot-private,10,10,0,8058,763,1.9896382701495317,0.9925061627800148,1.0,1.0,0.0,1.0
2292,dna-private,50,44,6,8024,757,0.6918411432369558,-0.531487282710308,0.4421500901478677,0.88,0.12,0.7581782814990148
2293,dna-private,490,466,24,7602,739,1.8875186354468123,0.9164908882173094,0.0015950196770874612,0.9510204081632653,0.04897959183673469,0.01421975089478916
2294,prot-private,650,644,6,7424,757,10.944414511494253,3.4521228722516204,6.136171562488097e-19,0.9907692307692307,0.009230769230769232,9.664470210918753e-17
2295,prot-private,65,59,6,8009,757,0.9294335539185083,-0.10557636568535422,0.8237079582206315,0.9076923076923077,0.09230769230769231,0.9976341179346322
2297,dna-private,78,73,5,7995,758,1.384215134459037,0.4690681837960523,0.6837466112500863,0.9358974358974359,0.0641025641025641,0.9142420199948094
2298,prot-private,37,33,4,8035,759,0.7793092719352831,-0.3597321137885364,0.5570142951867847,0.8918918918918919,0.10810810810810811,0.8696877471317828
2299,dna-private,104,90,14,7978,749,0.6035347204813236,-0.7284913253563416,0.08017884166920333,0.8653846153846154,0.1346153846153846,0.2633153966199727
2300,prot-private,16,15,1,8053,762,1.4193468272693406,0.5052271650451089,1.0,0.9375,0.0625,1.0
2301,dna-private,67,60,7,8008,756,0.8091908091908092,-0.3054481610640064,0.51570828401352,0.8955223880597015,0.1044776119402985,0.8300460015365867
2303,prot-private,146,110,36,7958,727,0.2791390913406495,-1.8409439176917959,4.642584259864355e-09,0.7534246575342466,0.2465753424657534,1.9074965763355718e-07
2305,dna-private,23,20,3,8048,760,0.629555997349238,-0.667593387308373,0.4442764268572269,0.8695652173913043,0.13043478260869565,0.7581782814990148
2306,prot-private,11,11,0,8057,763,2.179398076326404,1.1239297349069568,0.6147434751291604,1.0,0.0,0.8877285057891666
2307,prot-private,24,23,1,8045,762,2.1784959602237413,1.1233324379395262,0.7174205323835983,0.9583333333333334,0.041666666666666664,0.929036603167421
2308,dna-private,23,21,2,8047,761,0.9929787498446626,-0.010165251073051074,1.0,0.9130434782608695,0.08695652173913043,1.0
2309,dna-private,92,88,4,7980,759,2.0924812030075186,1.0652146629430552,0.1885842800388599,0.9565217391304348,0.043478260869565216,0.46713537257332277
2310,dna-private,11,10,1,8058,762,0.9456440804169769,-0.08063080776791416,1.0,0.9090909090909091,0.09090909090909091,1.0
2311,dna-private,26,21,5,8047,758,0.39562569901826766,-1.3377919512928673,0.06832843727733481,0.8076923076923077,0.19230769230769232,0.23739107804074044
2312,dna-private,19,16,3,8052,760,0.5033946017552575,-0.990238349311548,0.22277766157339868,0.8421052631578947,0.15789473684210525,0.5159923779089749
2313,prot-private,21,17,4,8051,759,0.4006645137250031,-1.3195333568682468,0.10183922039866987,0.8095238095238095,0.19047619047619047,0.30697946818737804
2314,dna-private,56,53,3,8015,760,1.6751923476814305,0.7443267571310803,0.6293208291051453,0.9464285714285714,0.05357142857142857,0.8899486472193974
2315,prot-private,380,356,24,7712,739,1.421399550484094,0.5073121481614308,0.11194319458999642,0.9368421052631579,0.06315789473684211,0.32801959344975695
2316,dna-private,32,28,4,8040,759,0.6608208955223881,-0.5976687885932205,0.3527235621150381,0.875,0.125,0.677143252816071
2318,dna-private,295,284,11,7784,752,2.4942539474913574,1.3186083577639105,0.001033237535918623,0.9627118644067797,0.03728813559322034,0.009912786512112678
2319,dna-private,34,30,4,8038,759,0.708198556854939,-0.49777419103476034,0.5325881344964782,0.8823529411764706,0.11764705882352941,0.8448103853951691
2320,dna-private,124,115,9,7953,754,1.2114226637048213,0.27670230718231204,0.7467215838492474,0.9274193548387096,0.07258064516129033,0.9483727242435912
2321,dna-private,56,51,5,8017,758,0.964400648621679,-0.05229547364106991,0.8132229511731766,0.9107142857142857,0.08928571428571429,0.9920355729124783
2322,prot-private,59,30,29,8038,734,0.09446508395466362,-3.404075008734586,4.183984470878101e-16,0.5084745762711864,0.4915254237288136,5.1017617096513616e-14
2324,dna-private,67,54,13,8014,750,0.3887427770632163,-1.3631122250251784,0.006574526286457482,0.8059701492537313,0.19402985074626866,0.04383017524304988
2326,dna-private,67,61,6,8007,757,0.9611798010074518,-0.05712176403566085,0.8279833729393735,0.9104477611940298,0.08955223880597014,1.0
2327,dna-private,83,80,3,7988,760,2.5371390418961774,1.3432025850531812,0.11599456228947687,0.963855421686747,0.03614457831325301,0.3334336119852689
2328,dna-private,35,31,4,8037,759,0.7318962299365435,-0.4502889807611938,0.5400047448892422,0.8857142857142857,0.11428571428571428,0.8512168205510157
2329,dna-private,37,34,3,8034,760,1.0721101983237906,0.10045320281466442,1.0,0.918918918918919,0.08108108108108109,1.0
2330,prot-private,57,48,9,8020,754,0.5014131338320864,-0.9959283087947747,0.09075130521348701,0.8421052631578947,0.15789473684210525,0.2846804429103576
2331,dna-private,31,23,8,8045,755,0.26981044126786824,-1.8899819153413544,0.003922942595776466,0.7419354838709677,0.25806451612903225,0.029075927474578513
2332,dna-private,47,37,10,8031,753,0.34691819200597684,-1.5273325989484183,0.005956816311088072,0.7872340425531915,0.2127659574468085,0.04028043945601594
2334,prot-private,126,119,7,7949,756,1.6168071455528998,0.6931476029008901,0.2634124053216711,0.9444444444444444,0.05555555555555555,0.5631781064004053
2335,prot-private,53,53,0,8015,763,10.192065373339155,3.3493745312725625,0.01308781306435823,1.0,0.0,0.07307523394870623
2336,dna-private,153,138,15,7930,748,0.8677931904161412,-0.20457682953405362,0.5620001072713549,0.9019607843137255,0.09803921568627451,0.8771099940073168
2337,dna-private,30,27,3,8041,760,0.8506404676035318,-0.2333786048164745,0.741081562259439,0.9,0.1,0.9438302915568327
2338,dna-private,73,72,1,7996,762,6.861430715357679,2.7785094321910067,0.01958800556325105,0.9863013698630136,0.0136986301369863,0.09819981568844689
2340,dna-private,184,179,5,7889,758,3.4397769045506403,1.7823149983181608,0.0020035026927207136,0.9728260869565217,0.02717391304347826,0.017251116579690882
2341,dna-private,21,20,1,8048,762,1.893638170974155,0.9211606925751572,1.0,0.9523809523809523,0.047619047619047616,1.0
2342,prot-private,83,79,4,7989,759,1.876361246714232,0.9079376096607988,0.322085067854452,0.9518072289156626,0.04819277108433735,0.6364252778305429
2343,prot-private,14,14,0,8054,763,2.748960208579055,1.4588860238748205,0.6261069302735234,1.0,0.0,0.8877285057891666
2344,dna-private,44,35,9,8033,754,0.3650220617729643,-1.453944432405442,0.01154959747652899,0.7954545454545454,0.20454545454545456,0.06726884200505329
2345,prot-private,224,216,8,7852,755,2.5961538461538463,1.376375878909739,0.003650673918014565,0.9642857142857143,0.03571428571428571,0.027434487892833113
2346,dna-private,12,11,1,8057,762,1.0403375946382027,0.05705176594078467,1.0,0.9166666666666666,0.08333333333333333,1.0
2347,dna-private,17,17,0,8051,763,3.3189467801030865,1.7307254957322895,0.3917859073460155,1.0,0.0,0.7119955431576628
2348,dna-private,23,21,2,8047,761,0.9929787498446626,-0.010165251073051074,1.0,0.9130434782608695,0.08695652173913043,1.0
2349,prot-private,13,11,2,8057,761,0.5194861611021472,-0.9448427780489919,0.31132490475252955,0.8461538461538461,0.15384615384615385,0.6226498095050591
2350,dna-private,148,131,17,7937,746,0.7242772124598863,-0.46538610960169885,0.23516859997044537,0.8851351351351351,0.11486486486486487,0.5364739335475459
2351,prot-private,18,18,0,8050,763,3.509036705794671,1.8110750389315806,0.39580838671128105,1.0,0.0,0.7127945220431836
2352,prot-private,16,14,2,8054,761,0.6614104792649615,-0.5963821913846045,0.6433648787155277,0.875,0.125,0.8944167861510463
2353,dna-private,89,79,10,7989,753,0.7446113405933158,-0.4254405059701017,0.3443699263649758,0.8876404494382022,0.11235955056179775,0.6658405737389302
2354,prot-private,18,18,0,8050,763,3.509036705794671,1.8110750389315806,0.39580838671128105,1.0,0.0,0.7127945220431836
2355,dna-private,21,17,4,8051,759,0.4006645137250031,-1.3195333568682468,0.10183922039866987,0.8095238095238095,0.19047619047619047,0.30697946818737804
2356,dna-private,37,32,5,8036,758,0.603683424589348,-0.7281359054495624,0.24680288050724591,0.8648648648648649,0.13513513513513514,0.5452454052117999
2357,dna-private,33,29,4,8039,759,0.6845067794501803,-0.5468632646814404,0.526019630132248,0.8787878787878788,0.12121212121212122,0.8386141720370719
2358,dna-private,47,41,6,8027,757,0.6444292180557286,-0.6339061883840059,0.2943612407633644,0.8723404255319149,0.1276595744680851,0.6008021004781411
2359,dna-private,39,34,5,8034,758,0.6415733134179736,-0.640313961511398,0.3819673631645426,0.8717948717948718,0.1282051282051282,0.7088054161816254
2360,dna-private,10,8,2,8060,761,0.37766749379652603,-1.4048114799117843,0.21174867571160536,0.8,0.2,0.49903027017397994
2361,dna-private,35,35,0,8033,763,6.747806062114894,2.754418509896108,0.06976291749627056,1.0,0.0,0.24104554674214143
2362,dna-private,60,51,9,8017,754,0.5329508128560143,-0.9079257050984474,0.0999968237202635,0.85,0.15,0.3040355130800467
2364,prot-private,93,92,1,7976,762,8.789368104312938,3.135759449152139,0.004416174108144283,0.989247311827957,0.010752688172043012,0.03167578392558897
2365,prot-private,379,333,46,7735,717,0.6710351030044125,-0.575539856620244,0.018947825709107233,0.8786279683377308,0.12137203166226913,0.09536988173159165
2366,prot-private,25,22,3,8046,760,0.692683735189328,-0.5297312963785412,0.4725039628434682,0.88,0.12,0.7854287509007519
2367,prot-private,17,15,2,8053,761,0.7087420836955172,-0.49666737894466767,0.6538307945337098,0.8823529411764706,0.11764705882352941,0.89997229635986
2368,dna-private,37,32,5,8036,758,0.603683424589348,-0.7281359054495624,0.24680288050724591,0.8648648648648649,0.13513513513513514,0.5452454052117999
2369,dna-private,23,18,5,8050,758,0.33898136645962734,-1.5607221231633,0.043210400933891426,0.782608695652174,0.21739130434782608,0.1720824126151579
2370,prot-private,609,530,79,7538,684,0.6087636985266213,-0.7160457635050002,0.00017643702967642342,0.8702791461412152,0.1297208538587849,0.0022607863463623068
2371,dna-private,239,230,9,7838,754,2.458393581128973,1.2977159051685176,0.004721231931074464,0.9623430962343096,0.03765690376569038,0.03354559529973961
2372,dna-private,42,42,0,8026,763,8.085404597271538,3.0153199686120344,0.047577918521787874,1.0,0.0,0.18351482858403895
2373,dna-private,85,73,12,7995,751,0.5714300604544507,-0.8073511626945616,0.07916511926480235,0.8588235294117647,0.1411764705882353,0.26142075854314967
2374,prot-private,40,39,1,8029,762,3.7013326690746045,1.8880448082821413,0.2551092409239627,0.975,0.025,0.5513510181203997
2375,dna-private,38,27,11,8041,752,0.2295508247504268,-2.123114479385926,0.00025478147726700124,0.7105263157894737,0.2894736842105263,0.003086775589965592
2376,dna-private,42,34,8,8034,755,0.3993963156584516,-1.324107070582686,0.0253071797119648,0.8095238095238095,0.19047619047619047,0.11623467717038509
2377,prot-private,23,23,0,8045,763,4.460195140140451,2.157106831570286,0.2566084918038831,1.0,0.0,0.552695213116056
2378,dna-private,60,52,8,8016,755,0.6122130738522954,-0.7078942408416751,0.2418554906702558,0.8666666666666667,0.13333333333333333,0.5452454052117999
2379,dna-private,113,96,17,7972,746,0.5284377674802987,-0.9201945151130034,0.026125405920653086,0.8495575221238938,0.1504424778761062,0.1191242875513494
2380,dna-private,44,36,8,8032,755,0.4229955179282869,-1.2412857182960182,0.051232947480790186,0.8181818181818182,0.18181818181818182,0.19288898553524594
2382,prot-private,18,15,3,8053,760,0.4718738358375761,-1.0835269148384212,0.19951958732975172,0.8333333333333334,0.16666666666666666,0.4834513077605523
2383,dna-private,381,339,42,7729,721,0.7529434596972442,-0.40938656130088535,0.09332220056544144,0.889763779527559,0.11023622047244094,0.29035697128107824
2384,dna-private,54,49,5,8019,758,0.9263499189425115,-0.11037083556529682,0.8072869656177273,0.9074074074074074,0.09259259259259259,0.987235435145587
2385,dna-private,39,33,6,8035,757,0.518170504044804,-0.948501199939427,0.1450506897729793,0.8461538461538461,0.15384615384615385,0.3938876489524869
2386,dna-private,20,19,1,8049,762,1.798732761833768,0.8469808609552302,1.0,0.95,0.05,1.0
2387,dna-private,34,28,6,8040,757,0.4393864013266998,-1.1864378747441116,0.0683242507741826,0.8235294117647058,0.17647058823529413,0.23739107804074044
2388,dna-private,117,109,8,7959,755,1.2924833521799222,0.3701456980395157,0.6186858084432021,0.9316239316239316,0.06837606837606838,0.8877285057891666
2389,dna-private,447,443,4,7625,759,11.02416393442623,3.4625973417455116,3.077575218369412e-13,0.9910514541387024,0.008948545861297539,2.585163183430306e-11
2390,dna-private,29,26,3,8042,760,0.8190334079416397,-0.2880057950494767,0.7354723604369783,0.896551724137931,0.10344827586206896,0.9398531177997896
2392,dna-private,132,128,4,7940,759,3.058942065491184,1.6130327833851463,0.017928328781143345,0.9696969696969697,0.030303030303030304,0.0907216637118097
2394,prot-private,12,11,1,8057,762,1.0403375946382027,0.05705176594078467,1.0,0.9166666666666666,0.08333333333333333,1.0
2395,prot-private,11,11,0,8057,763,2.179398076326404,1.1239297349069568,0.6147434751291604,1.0,0.0,0.8877285057891666
2396,dna-private,22,19,3,8049,760,0.598003892823125,-0.7417732189283001,0.43163260794238584,0.8636363636363636,0.13636363636363635,0.7488214573864685
2397,prot-private,22,21,1,8047,762,1.988567167888654,0.9917292929167254,1.0,0.9545454545454546,0.045454545454545456,1.0
2398,dna-private,11,8,3,8060,760,0.25144747725392885,-1.9916710158055382,0.06272898865567579,0.7272727272727273,0.2727272727272727,0.2222264077961148
2399,dna-private,60,52,8,8016,755,0.6122130738522954,-0.7078942408416751,0.2418554906702558,0.8666666666666667,0.13333333333333333,0.5452454052117999
2400,dna-private,229,212,17,7856,746,1.1841979154187132,0.24391021925340436,0.6327746056540802,0.925764192139738,0.07423580786026202,0.8912614365568161
2401,dna-private,71,64,7,8004,756,0.863568215892054,-0.21161794974227255,0.6702707107429249,0.9014084507042254,0.09859154929577464,0.9071332927347855
2402,dna-private,78,73,5,7995,758,1.384215134459037,0.4690681837960523,0.6837466112500863,0.9358974358974359,0.0641025641025641,0.9142420199948094
2403,dna-private,411,391,20,7677,743,1.892099778559333,0.9199881701979835,0.003870229659156718,0.9513381995133819,0.04866180048661801,0.028911992315439516
2404,dna-private,47,41,6,8027,757,0.6444292180557286,-0.6339061883840059,0.2943612407633644,0.8723404255319149,0.1276595744680851,0.6008021004781411
2405,dna-private,38,30,8,8038,755,0.3522331425727793,-1.5053974322377852,0.014215028816340472,0.7894736842105263,0.21052631578947367,0.07742479672300717
2406,dna-private,27,22,5,8046,758,0.41451652995277155,-1.2704984607046035,0.0781680204327629,0.8148148148148148,0.18518518518518517,0.2596476907611014
2407,dna-private,119,107,12,7961,751,0.8411527027592849,-0.24956036394867448,0.5130028930424305,0.8991596638655462,0.10084033613445378,0.8262253667236419
2408,dna-private,69,59,10,8009,753,0.5547134473717068,-0.850185395165364,0.08576304063764678,0.855072463768116,0.14492753623188406,0.27637194681185406
2409,prot-private,632,597,35,7471,728,1.6621068130103065,0.733013097901698,0.0031951494939247323,0.944620253164557,0.055379746835443035,0.024648296095990792
2410,prot-private,12,11,1,8057,762,1.0403375946382027,0.05705176594078467,1.0,0.9166666666666666,0.08333333333333333,1.0
2412,prot-private,17,12,5,8056,758,0.22581926514399206,-2.146759524001899,0.0122129485169433,0.7058823529411765,0.29411764705882354,0.06900589744999354
2413,prot-private,21,20,1,8048,762,1.893638170974155,0.9211606925751572,1.0,0.9523809523809523,0.047619047619047616,1.0
2414,dna-private,100,93,7,7975,756,1.259435736677116,0.33277750973190595,0.7197923136652402,0.93,0.07,0.9292400770678306
2415,dna-private,63,58,5,8010,758,1.0977278401997503,0.13452041111522903,1.0,0.9206349206349206,0.07936507936507936,1.0
2416,prot-private,59,55,4,8013,759,1.3024148259078996,0.38118902758385975,0.8161985798301079,0.9322033898305084,0.06779661016949153,0.9920355729124783
2417,dna-private,23,21,2,8047,761,0.9929787498446626,-0.010165251073051074,1.0,0.9130434782608695,0.08695652173913043,1.0
2418,prot-private,358,352,6,7716,757,5.7556592362191115,2.524981179852769,2.4134335864178668e-08,0.9832402234636871,0.01675977653631285,8.619598109891762e-07
2419,dna-private,23,18,5,8050,758,0.33898136645962734,-1.5607221231633,0.043210400933891426,0.782608695652174,0.21739130434782608,0.1720824126151579
2420,dna-private,71,61,10,8007,753,0.5736605470213563,-0.8017307935156706,0.13145549425806569,0.8591549295774648,0.14084507042253522,0.36608507770581933
2421,dna-private,49,47,2,8021,761,2.2295848397955367,1.1567750978906728,0.4381006704700901,0.9591836734693877,0.04081632653061224,0.7547951387315135
2422,dna-private,10,10,0,8058,763,1.9896382701495317,0.9925061627800148,1.0,1.0,0.0,1.0
2423,dna-private,23,21,2,8047,761,0.9929787498446626,-0.010165251073051074,1.0,0.9130434782608695,0.08695652173913043,1.0
2425,dna-private,105,87,18,7981,745,0.4511757089754834,-1.148238698879334,0.0043897821910875885,0.8285714285714286,0.17142857142857143,0.03154634350249256
2426,dna-private,23,21,2,8047,761,0.9929787498446626,-0.010165251073051074,1.0,0.9130434782608695,0.08695652173913043,1.0
2428,dna-private,12,11,1,8057,762,1.0403375946382027,0.05705176594078467,1.0,0.9166666666666666,0.08333333333333333,1.0
2429,dna-private,108,103,5,7965,758,1.9604268675455117,0.9711678240542756,0.16668067812294013,0.9537037037037037,0.046296296296296294,0.4318389056235186
2430,dna-private,88,74,14,7994,749,0.4952464348261196,-1.0137815053903503,0.021250034431349377,0.8409090909090909,0.1590909090909091,0.10173040340858047
2431,dna-private,64,57,7,8011,756,0.7684433903382849,-0.37998911146630326,0.49946852051664653,0.890625,0.109375,0.8162520568754535
2432,prot-private,11,11,0,8057,763,2.179398076326404,1.1239297349069568,0.6147434751291604,1.0,0.0,0.8877285057891666
2433,dna-private,85,73,12,7995,751,0.5714300604544507,-0.8073511626945616,0.07916511926480235,0.8588235294117647,0.1411764705882353,0.26142075854314967
2434,dna-private,18,17,1,8051,762,1.6089926717177991,0.6861577552096091,1.0,0.9444444444444444,0.05555555555555555,1.0
2435,dna-private,83,80,3,7988,760,2.5371390418961774,1.3432025850531812,0.11599456228947687,0.963855421686747,0.03614457831325301,0.3334336119852689
2436,dna-private,23,18,5,8050,758,0.33898136645962734,-1.5607221231633,0.043210400933891426,0.782608695652174,0.21739130434782608,0.1720824126151579
2437,dna-private,80,76,4,7992,759,1.8044294294294294,0.8515427210666334,0.3178432352636509,0.95,0.05,0.6325493218904421
2438,dna-private,20,16,4,8052,759,0.3770491803278688,-1.4071753815058734,0.08818066269357304,0.8,0.2,0.2795489730786403
2439,dna-private,68,65,3,8003,760,2.057561747677954,1.040935726749968,0.2791915717124593,0.9558823529411765,0.04411764705882353,0.577637734577502
2441,prot-private,1177,946,231,7122,532,0.30590658054853503,-1.7088369529385357,4.403469433908475e-38,0.8037383177570093,0.19626168224299065,3.621060871139083e-35
2442,dna-private,10,10,0,8058,763,1.9896382701495317,0.9925061627800148,1.0,1.0,0.0,1.0
2443,dna-private,114,104,10,7964,753,0.9833249623304872,-0.024259827794844677,0.8675421542552232,0.9122807017543859,0.08771929824561403,1.0
2444,dna-private,23,17,6,8051,757,0.2664058295035813,-1.9083024430191375,0.011466431173097915,0.7391304347826086,0.2608695652173913,0.06688751517640451
2445,dna-private,126,116,10,7952,753,1.098440643863179,0.13545691334985177,1.0,0.9206349206349206,0.07936507936507936,1.0
2446,dna-private,113,97,16,7971,747,0.568145464809936,-0.815667738235298,0.042511225325586446,0.8584070796460177,0.1415929203539823,0.1720824126151579
2447,prot-private,32,29,3,8039,760,0.9138781772193888,-0.12992623248711502,0.7536237834637938,0.90625,0.09375,0.9524232368750051
2448,prot-private,10,10,0,8058,763,1.9896382701495317,0.9925061627800148,1.0,1.0,0.0,1.0
2449,dna-private,10,8,2,8060,761,0.37766749379652603,-1.4048114799117843,0.21174867571160536,0.8,0.2,0.49903027017397994
2450,dna-private,53,47,6,8021,757,0.739288534264223,-0.43579055634829733,0.45863866272651665,0.8867924528301887,0.11320754716981132,0.771541675614701
2451,prot-private,266,264,2,7804,761,12.871860584315735,3.6861487002529727,2.1669227692274995e-08,0.9924812030075187,0.007518796992481203,8.030360850666615e-07
2452,dna-private,193,182,11,7886,752,1.5777557466626704,0.65787387813122,0.15494436820381283,0.9430051813471503,0.05699481865284974,0.4121520927721268
2453,dna-private,51,46,5,8022,758,0.8693093991523311,-0.20205835147376677,0.8002634787141999,0.9019607843137255,0.09803921568627451,0.9830991061227415
2454,dna-private,14,10,4,8058,759,0.23548026805658973,-2.0863219198457696,0.027437579526156688,0.7142857142857143,0.2857142857142857,0.1234691078677051
2456,dna-private,65,62,3,8006,760,1.961861936880673,0.9722235176091285,0.3714943287090654,0.9538461538461539,0.046153846153846156,0.6986311256319737
2457,dna-private,13,11,2,8057,761,0.5194861611021472,-0.9448427780489919,0.31132490475252955,0.8461538461538461,0.15384615384615385,0.6226498095050591
2458,dna-private,17,16,1,8052,762,1.5141579731743666,0.5985157305719824,1.0,0.9411764705882353,0.058823529411764705,1.0
2459,dna-private,40,40,0,8028,763,7.702995578252476,2.9454195971656594,0.04590007629092993,1.0,0.0,0.17896552983628786
2460,dna-private,37,28,9,8040,754,0.291763405196241,-1.7771291521823351,0.003490272095355235,0.7567567567567568,0.24324324324324326,0.02654573142946235
2461,dna-private,12,11,1,8057,762,1.0403375946382027,0.05705176594078467,1.0,0.9166666666666666,0.08333333333333333,1.0
2463,prot-private,42,41,1,8027,762,3.8921141148623395,1.9605540098447405,0.2616948784456305,0.9761904761904762,0.023809523809523808,0.5607728191846709
2464,dna-private,49,48,1,8020,762,4.560598503740648,2.1892231668721953,0.12380349048910988,0.9795918367346939,0.02040816326530612,0.35027144118653986
2465,prot-private,62,60,2,8008,761,2.8508991008991007,1.5114169802760704,0.17058989072962968,0.967741935483871,0.03225806451612903,0.4374693262944371
2466,dna-private,18,18,0,8050,763,3.509036705794671,1.8110750389315806,0.39580838671128105,1.0,0.0,0.7127945220431836
2467,dna-private,24,21,3,8047,760,0.6611159438299987,-0.5970247869668049,0.45796208248726505,0.875,0.125,0.771541675614701
2468,dna-private,60,50,10,8018,753,0.4695684709403841,-1.0905925525914801,0.03587021885625463,0.8333333333333334,0.16666666666666666,0.15032087281224224
2469,dna-private,256,249,7,7819,756,3.439314490344034,1.7821210416906306,0.0001671374908783906,0.97265625,0.02734375,0.00216362916274081
2470,dna-private,233,215,18,7853,745,1.133147983077946,0.18033628173341837,0.7227623912568485,0.9227467811158798,0.07725321888412018,0.9305319614955339
2471,dna-private,49,44,5,8024,758,0.8313060817547357,-0.26654832869115413,0.6108372502750749,0.8979591836734694,0.10204081632653061,0.8877285057891666
2472,prot-private,25,25,0,8043,763,4.840989618946976,2.2753020004764437,0.16333070103528635,1.0,0.0,0.42631279012711215
2473,dna-private,26,25,1,8043,762,2.36851920925028,1.2439853725643295,0.7222754442803372,0.9615384615384616,0.038461538461538464,0.9305319614955339
2474,dna-private,23,20,3,8048,760,0.629555997349238,-0.667593387308373,0.4442764268572269,0.8695652173913043,0.13043478260869565,0.7581782814990148
2475,dna-private,91,82,9,7986,754,0.8602276205581991,-0.21720964018861225,0.5774937962654534,0.9010989010989011,0.0989010989010989,0.8877285057891666
2476,dna-private,54,51,3,8017,760,1.6115754022701758,0.6884716906849924,0.6248836820460282,0.9444444444444444,0.05555555555555555,0.8877285057891666
2477,prot-private,1286,1268,18,6800,745,7.7178104575163395,2.948191613021555,3.0387009581414944e-32,0.9860031104199067,0.013996889580093312,1.9143816036291415e-29
2478,dna-private,78,73,5,7995,758,1.384215134459037,0.4690681837960523,0.6837466112500863,0.9358974358974359,0.0641025641025641,0.9142420199948094
2479,dna-private,126,106,20,7962,743,0.4945867872393871,-1.0157043958769165,0.009389864500111596,0.8412698412698413,0.15873015873015872,0.05716478697687917
2480,dna-private,26,24,2,8044,761,1.1352560914967678,0.1830177779193497,1.0,0.9230769230769231,0.07692307692307693,1.0
2481,dna-private,132,120,12,7948,751,0.9448917966784096,-0.0817789648480361,0.8754186298713,0.9090909090909091,0.09090909090909091,1.0
2482,dna-private,66,63,3,8005,760,1.9937539038101186,0.9954873437060888,0.3739718950287718,0.9545454545454546,0.045454545454545456,0.701027723275896
2484,dna-private,22,20,2,8048,761,0.9455765407554672,-0.08073385141461938,0.7149840631017713,0.9090909090909091,0.09090909090909091,0.929036603167421
2485,dna-private,57,48,9,8020,754,0.5014131338320864,-0.9959283087947747,0.09075130521348701,0.8421052631578947,0.15789473684210525,0.2846804429103576
2486,prot-private,10,10,0,8058,763,1.9896382701495317,0.9925061627800148,1.0,1.0,0.0,1.0
2487,dna-private,37,32,5,8036,758,0.603683424589348,-0.7281359054495624,0.24680288050724591,0.8648648648648649,0.13513513513513514,0.5452454052117999
2488,dna-private,96,88,8,7980,755,1.0407268170426065,0.05759142174003036,1.0,0.9166666666666666,0.08333333333333333,1.0
2489,dna-private,50,33,17,8035,746,0.18022621618653684,-2.4721192101991045,4.492996503143048e-07,0.66,0.34,1.1960230128085015e-05
2490,dna-private,97,89,8,7979,755,1.0526851735806493,0.07407403424994145,1.0,0.9175257731958762,0.08247422680412371,1.0
2491,dna-private,41,37,4,8031,759,0.8742062009712365,-0.19395448331751783,0.7777676696173981,0.9024390243902439,0.0975609756097561,0.9693246921047691
2492,dna-private,25,21,4,8047,759,0.49518454082266683,-1.0139618191611302,0.2690266390706343,0.84,0.16,0.570342510200223
2493,prot-private,55,46,9,8022,754,0.4804011191445746,-1.0576885829311442,0.05137221950725643,0.8363636363636363,0.16363636363636364,0.19322088531087492
2494,dna-private,27,16,11,8052,752,0.13584428487558145,-2.8799742238809998,6.68270837583073e-06,0.5925925925925926,0.4074074074074074,0.00012567481423204059
2495,dna-private,16,15,1,8053,762,1.4193468272693406,0.5052271650451089,1.0,0.9375,0.0625,1.0
2496,prot-private,49,23,26,8045,737,0.08103934598651814,-3.6252336585998184,1.2735812249011568e-15,0.46938775510204084,0.5306122448979592,1.4159226559195216e-13
2497,dna-private,12,10,2,8058,761,0.47220153884338545,-1.0825253517576907,0.27814822883872553,0.8333333333333334,0.16666666666666666,0.577637734577502
2498,dna-private,33,31,2,8037,761,1.4676496205051637,0.5535075873268854,1.0,0.9393939393939394,0.06060606060606061,1.0
2499,prot-private,59,55,4,8013,759,1.3024148259078996,0.38118902758385975,0.8161985798301079,0.9322033898305084,0.06779661016949153,0.9920355729124783
2500,prot-private,21,21,0,8047,763,4.079589934762349,2.028424145133909,0.25142759190310204,1.0,0.0,0.549679755577632
2501,dna-private,56,50,6,8018,757,0.7867714309470358,-0.34598352311147046,0.48064110483545164,0.8928571428571429,0.10714285714285714,0.7956916669409964
2503,dna-private,38,16,22,8052,741,0.0669286004606422,-3.901233343252803,1.7639994248851356e-14,0.42105263157894735,0.5789473684210527,1.7090525032893973e-12
2504,dna-private,74,69,5,7999,758,1.3077134641830228,0.38704646355191674,0.6815584399764893,0.9324324324324325,0.06756756756756757,0.9135783344365709
2505,dna-private,27,27,0,8041,763,5.221973512404402,2.384595139837708,0.16501930565629472,1.0,0.0,0.42841550506922665
2506,dna-private,39,38,1,8030,762,3.605977584059776,1.8503904285322308,0.2534186687730674,0.9743589743589743,0.02564102564102564,0.5502139965319901
2507,dna-private,22,20,2,8048,761,0.9455765407554672,-0.08073385141461938,0.7149840631017713,0.9090909090909091,0.09090909090909091,0.929036603167421
2508,dna-private,40,34,6,8034,757,0.5339390921915194,-0.9052529155305519,0.15359564215460278,0.85,0.15,0.41031203345893885
2509,dna-private,17,14,3,8054,760,0.4403608972767155,-1.1832417272783582,0.17689465436516857,0.8235294117647058,0.17647058823529413,0.4455313866049739
2510,dna-private,72,69,3,7999,760,2.1852731591448933,1.1278136278779793,0.2096525164776119,0.9583333333333334,0.041666666666666664,0.49903027017397994
2511,prot-private,16,15,1,8053,762,1.4193468272693406,0.5052271650451089,1.0,0.9375,0.0625,1.0
2512,prot-private,182,181,1,7887,762,17.487257512362113,4.128232147237325,1.7301719179386811e-06,0.9945054945054945,0.005494505494505495,3.780375635727291e-05
2513,dna-private,16,14,2,8054,761,0.6614104792649615,-0.5963821913846045,0.6433648787155277,0.875,0.125,0.8944167861510463
2514,prot-private,84,57,27,8011,736,0.19395553336384694,-2.3662021597362277,7.890795163213891e-10,0.6785714285714286,0.32142857142857145,3.7755956603732285e-08
2515,prot-private,14,14,0,8054,763,2.748960208579055,1.4588860238748205,0.6261069302735234,1.0,0.0,0.8877285057891666
2516,dna-private,68,65,3,8003,760,2.057561747677954,1.040935726749968,0.2791915717124593,0.9558823529411765,0.04411764705882353,0.577637734577502
2517,dna-private,42,34,8,8034,755,0.3993963156584516,-1.324107070582686,0.0253071797119648,0.8095238095238095,0.19047619047619047,0.11623467717038509
2518,dna-private,19,16,3,8052,760,0.5033946017552575,-0.990238349311548,0.22277766157339868,0.8421052631578947,0.15789473684210525,0.5159923779089749
2519,dna-private,194,185,9,7883,754,1.9661155510451465,0.9753481131438949,0.05106498189026873,0.9536082474226805,0.04639175257731959,0.19288898553524594
2520,dna-private,514,478,36,7590,727,1.2717976870150782,0.3468691901552018,0.19524006934946717,0.9299610894941635,0.07003891050583658,0.4795370124372878
2521,dna-private,146,134,12,7934,751,1.056991009158894,0.07996310510560728,1.0,0.9178082191780822,0.0821917808219178,1.0
2522,prot-private,20,20,0,8048,763,3.8893582655153134,1.9595321337374263,0.4103003441798839,1.0,0.0,0.7243976184025975
2523,prot-private,428,401,27,7667,736,1.4257157901347284,0.5116864158427442,0.09297950130419097,0.9369158878504673,0.0630841121495327,0.29035697128107824
2524,dna-private,39,32,7,8036,756,0.4300647088103534,-1.2173743465698235,0.07633140016797835,0.8205128205128205,0.1794871794871795,0.25693026948794134
2525,prot-private,207,201,6,7867,757,3.223528664039659,1.6886408121774086,0.0015275905820046113,0.9710144927536232,0.028985507246376812,0.013734870633565145
2526,dna-private,143,135,8,7933,755,1.6060286146476743,0.6834975976139642,0.22975462236748567,0.9440559440559441,0.055944055944055944,0.5305268616671325
2527,dna-private,61,56,5,8012,758,1.0596105841238144,0.08353415952862589,1.0,0.9180327868852459,0.08196721311475409,1.0
2528,dna-private,20,19,1,8049,762,1.798732761833768,0.8469808609552302,1.0,0.95,0.05,1.0
2529,dna-private,36,32,4,8036,759,0.7555998008959681,-0.40430577331782563,0.5481765446359741,0.8888888888888888,0.1111111111111111,0.8608671951491409
2530,dna-private,66,61,5,8007,758,1.1549394280004996,0.20781718998349313,1.0,0.9242424242424242,0.07575757575757576,1.0
2531,dna-private,13,11,2,8057,761,0.5194861611021472,-0.9448427780489919,0.31132490475252955,0.8461538461538461,0.15384615384615385,0.6226498095050591
2532,dna-private,124,118,6,7950,757,1.8726624737945492,0.9050908935673366,0.14759920056220963,0.9516129032258065,0.04838709677419355,0.3984695130183356
2533,dna-private,17,13,4,8055,759,0.3062383612662942,-1.7072730800373728,0.053095201205350134,0.7647058823529411,0.23529411764705882,0.19750641493945995
2534,dna-private,45,41,4,8027,759,0.9691977077363897,-0.04513710223311509,0.7939792105708714,0.9111111111111111,0.08888888888888889,0.9818428325039212
2535,dna-private,18,16,2,8052,761,0.7560854446100348,-0.40337881341779425,0.6651558352122813,0.8888888888888888,0.1111111111111111,0.901825343293552
2536,dna-private,51,49,2,8019,761,2.3250405287442324,1.2172558646545193,0.31828275403058753,0.9607843137254902,0.0392156862745098,0.6325493218904421
2537,prot-private,242,237,5,7831,758,4.588073043034095,2.197888359528156,3.606227197889951e-05,0.9793388429752066,0.02066115702479339,0.0005632867276042981
2538,prot-private,26,22,4,8046,759,0.5188292319164802,-0.9466683285728665,0.2775668458116302,0.8461538461538461,0.15384615384615385,0.577637734577502
2539,dna-private,13,12,1,8056,762,1.1350546176762661,0.18276172020769355,1.0,0.9230769230769231,0.07692307692307693,1.0
2540,prot-private,16,16,0,8052,763,3.1289040670599193,1.6456574258851278,0.3903018394628883,1.0,0.0,0.7119955431576628
2541,dna-private,90,70,20,7998,743,0.32514378594648663,-1.620850243213929,6.382028882363602e-05,0.7777777777777778,0.2222222222222222,0.0009172649876553011
2542,dna-private,33,30,3,8038,760,0.9455088330430456,-0.08083715884043495,0.7604116415681585,0.9090909090909091,0.09090909090909091,0.960359507226074
2543,dna-private,46,37,9,8031,754,0.38597656304044053,-1.373414846906632,0.015380420660242755,0.8043478260869565,0.1956521739130435,0.08234842789761701
2544,dna-private,11,10,1,8058,762,0.9456440804169769,-0.08063080776791416,1.0,0.9090909090909091,0.09090909090909091,1.0
2545,dna-private,105,79,26,7989,737,0.2803036868001194,-1.8349373748006899,5.967947380150497e-07,0.7523809523809524,0.24761904761904763,1.5557821446185433e-05
2546,prot-private,56,54,2,8014,761,2.5638881956575994,1.3583333512362161,0.23321821760895722,0.9642857142857143,0.03571428571428571,0.5349301350496712
2547,dna-private,14,10,4,8058,759,0.23548026805658973,-2.0863219198457696,0.027437579526156688,0.7142857142857143,0.2857142857142857,0.1234691078677051
2548,dna-private,41,26,15,8042,748,0.16122026030009118,-2.63289503838015,7.283097433099418e-07,0.6341463414634146,0.36585365853658536,1.8353405531410534e-05
2549,prot-private,24,12,12,8056,751,0.09322244289970208,-3.423178870492513,1.6220792775195916e-07,0.5,0.5,4.82792099923154e-06
2550,dna-private,31,28,3,8040,760,0.8822553897180763,-0.18073175639889522,0.7471571356606916,0.9032258064516129,0.0967741935483871,0.9483727242435912
2551,prot-private,17,14,3,8054,760,0.4403608972767155,-1.1832417272783582,0.17689465436516857,0.8235294117647058,0.17647058823529413,0.4455313866049739
2552,dna-private,194,191,3,7877,760,6.142778553594854,2.6188913752619416,4.546142226884834e-05,0.9845360824742269,0.015463917525773196,0.0006901372537198664
2553,dna-private,352,346,6,7722,757,5.65315548648882,2.4990563779594424,3.481471570366158e-08,0.9829545454545454,0.017045454545454544,1.2073360124756033e-06
2554,dna-private,12,12,0,8056,763,2.369204989759821,1.2444030296948858,0.6160300460842021,1.0,0.0,0.8877285057891666
2555,dna-private,71,69,2,7999,761,3.282222777847231,1.714673163771733,0.08843078320229134,0.971830985915493,0.028169014084507043,0.2795489730786403
2556,dna-private,77,63,14,8005,749,0.4210493441599001,-1.2479387775025559,0.006609323255067005,0.8181818181818182,0.18181818181818182,0.04390727926916218
2558,dna-private,59,57,2,8011,761,2.707339907627013,1.4368760298737735,0.2386021978668214,0.9661016949152542,0.03389830508474576,0.5420170119811207
2559,dna-private,612,596,16,7472,747,3.724002944325482,1.8968542135417368,5.530431362955552e-10,0.9738562091503268,0.026143790849673203,2.7506619147331558e-08
2560,prot-private,46,46,0,8022,763,8.85079464007479,3.145806988735713,0.03086663247904134,1.0,0.0,0.1344192059571155
2561,prot-private,619,584,35,7484,728,1.6230892570817745,0.6987423388929631,0.004754824839982288,0.9434571890145396,0.05654281098546042,0.033720896613758065
2563,dna-private,66,59,7,8009,756,0.7956049444375078,-0.3298758527864611,0.509823235608082,0.8939393939393939,0.10606060606060606,0.8237951903101118
2564,dna-private,159,147,12,7921,751,1.161437949753819,0.2159120796966845,0.7751452734756956,0.9245283018867925,0.07547169811320754,0.9686112838803734
2565,prot-private,12,12,0,8056,763,2.369204989759821,1.2444030296948858,0.6160300460842021,1.0,0.0,0.8877285057891666
2566,dna-private,70,67,3,8001,760,2.1214014914802317,1.0850176877954818,0.28164500143638416,0.9571428571428572,0.04285714285714286,0.580489697616975
2567,dna-private,37,34,3,8034,760,1.0721101983237906,0.10045320281466442,1.0,0.918918918918919,0.08108108108108109,1.0
2568,dna-private,28,22,6,8046,757,0.34497472864363243,-1.5354374147237575,0.02960893992727668,0.7857142857142857,0.21428571428571427,0.13105596361253613
2569,prot-private,334,293,41,7775,722,0.6636216767312367,-0.5915670832139921,0.021798685440013635,0.8772455089820359,0.12275449101796407,0.10403918050915598
2570,dna-private,110,100,10,7968,753,0.9450301204819277,-0.08156778250879045,0.8637527989896022,0.9090909090909091,0.09090909090909091,1.0
2571,dna-private,67,62,5,8006,758,1.1740194853859605,0.23145635328306602,1.0,0.9253731343283582,0.07462686567164178,1.0
2572,dna-private,47,43,4,8025,759,1.016728971962617,0.02393515322053655,1.0,0.9148936170212766,0.0851063829787234,1.0
2575,dna-private,250,232,18,7836,745,1.2253984459191198,0.29325092676719683,0.4927470644434553,0.928,0.072,0.807712013701761
2576,dna-private,75,65,10,8003,753,0.6115831563163814,-0.7093794210752576,0.14712020428753547,0.8666666666666667,0.13333333333333333,0.3984695130183356
2577,prot-private,16,16,0,8052,763,3.1289040670599193,1.6456574258851278,0.3903018394628883,1.0,0.0,0.7119955431576628
2578,prot-private,111,81,30,7987,733,0.24779015900838863,-2.0128092029363676,9.309392244045202e-09,0.7297297297297297,0.2702702702702703,3.7041581771043017e-07
2580,dna-private,69,62,7,8006,756,0.8363727204596553,-0.2577820878371947,0.6642365999260186,0.8985507246376812,0.10144927536231885,0.901825343293552
2581,dna-private,35,34,1,8034,762,3.224794622852875,1.6892072826981948,0.3624586490896934,0.9714285714285714,0.02857142857142857,0.6895287838747061
2582,prot-private,10,10,0,8058,763,1.9896382701495317,0.9925061627800148,1.0,1.0,0.0,1.0
2583,dna-private,15,15,0,8053,763,2.9389085490780404,1.5552804669020328,0.6340216938892271,1.0,0.0,0.8912614365568161
2584,dna-private,58,48,10,8020,753,0.4506733167082294,-1.1498460608365606,0.03067575211940938,0.8275862068965517,0.1724137931034483,0.13374203346178484
2585,dna-private,85,78,7,7990,756,1.0543178973717147,0.07630993321037778,1.0,0.9176470588235294,0.08235294117647059,1.0
2586,prot-private,153,150,3,7918,760,4.799191715079566,2.262791446075576,0.0011624450488355816,0.9803921568627451,0.0196078431372549,0.010985105711496246
2587,dna-private,83,74,9,7994,754,0.7755260890112029,-0.3667527799651451,0.43245258697085875,0.891566265060241,0.10843373493975904,0.7488214573864685
2588,dna-private,160,153,7,7915,756,2.087681617182565,1.061901709831577,0.06282958553896578,0.95625,0.04375,0.22237437578398003
2589,prot-private,54,53,1,8015,762,5.038802245789145,2.3330808370146108,0.08615635555748988,0.9814814814814815,0.018518518518518517,0.27669585727044327
2590,dna-private,19,16,3,8052,760,0.5033946017552575,-0.990238349311548,0.22277766157339868,0.8421052631578947,0.15789473684210525,0.5159923779089749
2591,dna-private,13,11,2,8057,761,0.5194861611021472,-0.9448427780489919,0.31132490475252955,0.8461538461538461,0.15384615384615385,0.6226498095050591
2592,dna-private,96,87,9,7981,754,0.9132523075637974,-0.1309146009601935,0.7160565288786385,0.90625,0.09375,0.929036603167421
2593,dna-private,14,10,4,8058,759,0.23548026805658973,-2.0863219198457696,0.027437579526156688,0.7142857142857143,0.2857142857142857,0.1234691078677051
2594,dna-private,45,43,2,8025,761,2.038816199376947,1.0277317213086157,0.43037991709652534,0.9555555555555556,0.044444444444444446,0.7488214573864685
2595,dna-private,83,78,5,7990,758,1.4799499374217773,0.5655483743306386,0.5539199530397394,0.9397590361445783,0.060240963855421686,0.8677237556942458
2596,dna-private,11,10,1,8058,762,0.9456440804169769,-0.08063080776791416,1.0,0.9090909090909091,0.09090909090909091,1.0
2597,dna-private,17,15,2,8053,761,0.7087420836955172,-0.49666737894466767,0.6538307945337098,0.8823529411764706,0.11764705882352941,0.89997229635986
2598,dna-private,61,53,8,8015,755,0.6240642545227698,-0.6802335162662699,0.24579488446630005,0.8688524590163934,0.13114754098360656,0.5452454052117999
2599,dna-private,87,80,7,7988,756,1.0816224336504756,0.11319697960685818,1.0,0.9195402298850575,0.08045977011494253,1.0
2600,dna-private,55,43,12,8025,751,0.33533748701973,-1.5763143254018144,0.002154740851301108,0.7818181818181819,0.21818181818181817,0.018061657748960798
2601,prot-private,18,18,0,8050,763,3.509036705794671,1.8110750389315806,0.39580838671128105,1.0,0.0,0.7127945220431836
2602,prot-private,18,17,1,8051,762,1.6089926717177991,0.6861577552096091,1.0,0.9444444444444444,0.05555555555555555,1.0
2603,dna-private,14,13,1,8055,762,1.2297951582867783,0.29841803204048295,1.0,0.9285714285714286,0.07142857142857142,1.0
2604,prot-private,11,10,1,8058,762,0.9456440804169769,-0.08063080776791416,1.0,0.9090909090909091,0.09090909090909091,1.0
2605,dna-private,88,84,4,7984,759,1.996367735470942,0.9973774928569661,0.2483668850792355,0.9545454545454546,0.045454545454545456,0.5471018797199942
2606,dna-private,29,25,4,8043,759,0.589798582618426,-0.7617057395135263,0.31079880204109256,0.8620689655172413,0.13793103448275862,0.6226498095050591
2608,dna-private,40,38,2,8030,761,1.8006226650062267,0.8484958845424542,0.577200390112483,0.95,0.05,0.8877285057891666
2610,prot-private,103,101,2,7967,761,4.8237103050081584,2.270143266674587,0.011853222387012453,0.9805825242718447,0.019417475728155338,0.06868729849596915
2611,prot-private,16,14,2,8054,761,0.6614104792649615,-0.5963821913846045,0.6433648787155277,0.875,0.125,0.8944167861510463
2612,prot-private,13,12,1,8056,762,1.1350546176762661,0.18276172020769355,1.0,0.9230769230769231,0.07692307692307693,1.0
2613,dna-private,288,280,8,7788,755,3.393040575243965,1.762578682437113,6.734863501190678e-05,0.9722222222222222,0.027777777777777776,0.0009606710956415383
2615,dna-private,60,53,7,8015,756,0.7141609482220836,-0.48567884831524255,0.35757524898910664,0.8833333333333333,0.11666666666666667,0.684718561894034
2616,dna-private,72,66,6,8002,757,1.040614846288428,0.05743619527742707,1.0,0.9166666666666666,0.08333333333333333,1.0
2617,dna-private,26,25,1,8043,762,2.36851920925028,1.2439853725643295,0.7222754442803372,0.9615384615384616,0.038461538461538464,0.9305319614955339
2618,dna-private,73,63,10,8005,753,0.5926171143035602,-0.7548278041191371,0.13836573305065653,0.863013698630137,0.136986301369863,0.37845330747574646
2619,prot-private,122,107,15,7961,748,0.6702340576979442,-0.5772630964626719,0.1445661153455941,0.8770491803278688,0.12295081967213115,0.39370310951465826
2620,dna-private,57,50,7,8018,756,0.6734846595160888,-0.5702830102125773,0.3380672986009499,0.8771929824561403,0.12280701754385964,0.6610938379263273
2621,dna-private,63,58,5,8010,758,1.0977278401997503,0.13452041111522903,1.0,0.9206349206349206,0.07936507936507936,1.0
2622,dna-private,42,35,7,8033,756,0.47055894435453754,-1.0875526420683255,0.08844988672012005,0.8333333333333334,0.16666666666666666,0.2795489730786403
2623,dna-private,48,46,2,8022,761,2.181874844178509,1.1255683487460493,0.43485333151682726,0.9583333333333334,0.041666666666666664,0.7509116460180937
2624,dna-private,18,17,1,8051,762,1.6089926717177991,0.6861577552096091,1.0,0.9444444444444444,0.05555555555555555,1.0
2625,dna-private,32,28,4,8040,759,0.6608208955223881,-0.5976687885932205,0.3527235621150381,0.875,0.125,0.677143252816071
2626,dna-private,56,52,4,8016,759,1.2309131736526946,0.29972900036135003,1.0,0.9285714285714286,0.07142857142857142,1.0
2627,dna-private,39,35,4,8033,759,0.8267459230673472,-0.2744840688163277,0.5763509902567905,0.8974358974358975,0.10256410256410256,0.8877285057891666
2628,dna-private,59,57,2,8011,761,2.707339907627013,1.4368760298737735,0.2386021978668214,0.9661016949152542,0.03389830508474576,0.5420170119811207
2629,dna-private,549,532,17,7536,746,3.0978518796053454,1.6312681648933047,1.1138714601768323e-07,0.9690346083788707,0.030965391621129327,3.479697619395394e-06
2630,dna-private,51,45,6,8023,757,0.7076529976318086,-0.4988859963256196,0.4469545753346063,0.8823529411764706,0.11764705882352941,0.7610307634075729
2631,dna-private,221,190,31,7878,732,0.5694911922954082,-0.8122545653859279,0.007109122227670271,0.8597285067873304,0.14027149321266968,0.046212031763551334
2632,prot-private,10,9,1,8059,762,0.8509740662613228,-0.2328129289529579,0.59509736615207,0.9,0.1,0.8877285057891666
2633,dna-private,177,169,8,7899,755,2.019163818204836,1.0137579637274066,0.056719714378451545,0.9548022598870056,0.04519774011299435,0.20856081746162142
2634,dna-private,23,22,1,8046,762,2.08351976137211,1.059022783504989,0.716472396975913,0.9565217391304348,0.043478260869565216,0.929036603167421
2635,prot-private,58,46,12,8022,751,0.35886728164215076,-1.4784776979643806,0.00344727197632575,0.7931034482758621,0.20689655172413793,0.026377911073909584
2637,dna-private,116,106,10,7962,753,1.0024868123587038,0.0035832582564154763,1.0,0.9137931034482759,0.08620689655172414,1.0
2639,dna-private,93,90,3,7978,760,2.857859112559539,1.5149347958523032,0.06268291538749701,0.967741935483871,0.03225806451612903,0.2222264077961148
2640,dna-private,42,37,5,8031,758,0.6984435313161499,-0.5177846154492549,0.40660776219771855,0.8809523809523809,0.11904761904761904,0.7239648333054056
2641,dna-private,35,32,3,8036,760,1.0087937614070017,0.012631258876499603,1.0,0.9142857142857143,0.08571428571428572,1.0
2642,dna-private,284,269,15,7799,748,1.7199811941701928,0.7823927909589289,0.040812160637737224,0.9471830985915493,0.0528169014084507,0.1682333339265504
2643,dna-private,75,70,5,7998,758,1.3268317079269818,0.4079853944185665,0.6815430342260952,0.9333333333333333,0.06666666666666667,0.9135783344365709
2644,prot-private,19,17,2,8051,761,0.8034405663892684,-0.3157367887801676,0.677113499984792,0.8947368421052632,0.10526315789473684,0.9096240285714047
2645,dna-private,96,92,4,7976,759,2.188691073219659,1.1300683370742834,0.14238045978671193,0.9583333333333334,0.041666666666666664,0.3883103448728507
2646,dna-private,84,71,13,7997,750,0.5122113100104847,-0.9651889858100585,0.0317259349385813,0.8452380952380952,0.15476190476190477,0.13764714453027624
2647,dna-private,11,9,2,8059,761,0.424928651197419,-1.2347074729427345,0.24486416172403402,0.8181818181818182,0.18181818181818182,0.5452454052117999
2648,prot-private,52,47,5,8021,758,0.8883181648173545,-0.17085160232914326,0.8023241620725681,0.9038461538461539,0.09615384615384616,0.9846705625436063
2649,dna-private,178,170,8,7898,755,2.031368700936946,1.0224521178897943,0.04325946881570243,0.9550561797752809,0.0449438202247191,0.1720824126151579
2650,dna-private,58,55,3,8013,760,1.738841049960481,0.7981260597781852,0.4820184269700901,0.9482758620689655,0.05172413793103448,0.7963416319698168
2651,prot-private,23,21,2,8047,761,0.9929787498446626,-0.010165251073051074,1.0,0.9130434782608695,0.08695652173913043,1.0
2652,dna-private,180,159,21,7909,742,0.710330003793147,-0.49343866995019675,0.14091616661156545,0.8833333333333333,0.11666666666666667,0.38487218915586513
2653,dna-private,66,62,4,8006,759,1.4694604046964777,0.5552864854148031,0.6580667744540096,0.9393939393939394,0.06060606060606061,0.901825343293552
2655,dna-private,340,298,42,7770,721,0.6583869583869584,-0.6029923363708487,0.017669591000645104,0.8764705882352941,0.12352941176470589,0.09001489755045619
2657,dna-private,45,38,7,8030,756,0.5110834371108344,-0.9683692567976228,0.10628230294690233,0.8444444444444444,0.15555555555555556,0.3164548857322689
2658,dna-private,99,97,2,7971,761,4.630347509722745,2.2111204724790103,0.011299015198588882,0.9797979797979798,0.020202020202020204,0.066320306600413
2659,dna-private,116,98,18,7970,745,0.5089223476927367,-0.9744825508554142,0.012238142612421805,0.8448275862068966,0.15517241379310345,0.06904504339545436
2660,dna-private,35,32,3,8036,760,1.0087937614070017,0.012631258876499603,1.0,0.9142857142857143,0.08571428571428572,1.0
2661,dna-private,322,318,4,7750,759,7.7858709677419355,2.9608584356508594,1.2388403364938948e-08,0.9875776397515528,0.012422360248447204,4.77838415504788e-07
2662,dna-private,43,38,5,8030,758,0.7174097135740971,-0.47913081567736204,0.41632227297583635,0.8837209302325582,0.11627906976744186,0.7329754037487943
2663,dna-private,31,31,0,8037,763,5.984510108864697,2.581233153194096,0.10691894429686633,1.0,0.0,0.3167348036380523
2664,prot-private,12,12,0,8056,763,2.369204989759821,1.2444030296948858,0.6160300460842021,1.0,0.0,0.8877285057891666
2665,prot-private,18,18,0,8050,763,3.509036705794671,1.8110750389315806,0.39580838671128105,1.0,0.0,0.7127945220431836
2666,dna-private,15,7,8,8061,755,0.08195323160898152,-3.609055350464277,1.112401159116433e-05,0.4666666666666667,0.5333333333333333,0.00019377310513641092
2667,prot-private,168,167,1,7901,762,16.106062523731172,4.009531933947346,9.187397985611127e-06,0.9940476190476191,0.005952380952380952,0.0001622820765682713
2668,prot-private,12,11,1,8057,762,1.0403375946382027,0.05705176594078467,1.0,0.9166666666666666,0.08333333333333333,1.0
2669,prot-private,33,23,10,8045,753,0.21527656929770045,-2.2157367897692297,0.0003215758942950651,0.696969696969697,0.30303030303030304,0.003728702087224988
2670,dna-private,41,38,3,8030,760,1.198837691988377,0.2616363486487004,1.0,0.926829268292683,0.07317073170731707,1.0
2671,dna-private,47,41,6,8027,757,0.6444292180557286,-0.6339061883840059,0.2943612407633644,0.8723404255319149,0.1276595744680851,0.6008021004781411
2672,dna-private,63,59,4,8009,759,1.3978336871020103,0.4831927204655367,0.6558285694653705,0.9365079365079365,0.06349206349206349,0.9008661945606334
2673,prot-private,149,147,2,7921,761,7.061419012750915,2.8199581264071143,0.0003096727534699991,0.9865771812080537,0.013422818791946308,0.0036694765144720896
2674,dna-private,36,32,4,8036,759,0.7555998008959681,-0.40430577331782563,0.5481765446359741,0.8888888888888888,0.1111111111111111,0.8608671951491409
2675,dna-private,32,25,7,8043,756,0.3356956359567326,-1.574774312765524,0.017370360114770785,0.78125,0.21875,0.08897013717321622
2676,dna-private,34,32,2,8036,761,1.5151816824290691,0.5994907947702535,0.765131878985169,0.9411764705882353,0.058823529411764705,0.9627088941327722
2677,dna-private,73,66,7,8002,756,0.8907773056735816,-0.1668632918236799,0.6776458371579566,0.9041095890410958,0.0958904109589041,0.9096240285714047
2678,dna-private,101,91,10,7977,753,0.8590071455434374,-0.21925796259556174,0.5936487405801405,0.900990099009901,0.09900990099009901,0.8877285057891666
2679,dna-private,81,71,10,7997,753,0.6685382018256847,-0.5809180932676437,0.23085068450006402,0.8765432098765432,0.12345679012345678,0.5314345842936918
2680,dna-private,104,97,7,7971,756,1.314264207753105,0.39425533113893346,0.5994964075925936,0.9326923076923077,0.0673076923076923,0.8877285057891666
2681,dna-private,14,13,1,8055,762,1.2297951582867783,0.29841803204048295,1.0,0.9285714285714286,0.07142857142857142,1.0
2682,dna-private,71,67,4,8001,759,1.588957630296213,0.6680806556011564,0.5225147863081439,0.9436619718309859,0.056338028169014086,0.8347869367053186
2683,prot-private,50,50,0,8018,763,9.61694830703997,3.265579164186367,0.020110596082810114,1.0,0.0,0.0996304760065822
2684,dna-private,34,30,4,8038,759,0.708198556854939,-0.49777419103476034,0.5325881344964782,0.8823529411764706,0.11764705882352941,0.8448103853951691
2685,dna-private,34,30,4,8038,759,0.708198556854939,-0.49777419103476034,0.5325881344964782,0.8823529411764706,0.11764705882352941,0.8448103853951691
2686,dna-private,77,73,4,7995,759,1.7325515947467167,0.7928983159277891,0.4117546373776285,0.948051948051948,0.05194805194805195,0.7266258306664032
2687,dna-private,218,214,4,7854,759,5.170168067226891,2.3702111791502163,4.1402217546729974e-05,0.981651376146789,0.01834862385321101,0.000641395009535407
2688,dna-private,16,13,3,8055,760,0.40885578315745913,-1.2903360478430472,0.15504769204284768,0.8125,0.1875,0.4121520927721268
2689,dna-private,62,55,7,8013,756,0.7412953949831523,-0.431879545668138,0.4912156292701016,0.8870967741935484,0.11290322580645161,0.8055510102563922
2690,dna-private,31,24,7,8044,756,0.32222774738935855,-1.6338473634207271,0.014629950189399336,0.7741935483870968,0.22580645161290322,0.07888903240503493
2691,dna-private,44,36,8,8032,755,0.4229955179282869,-1.2412857182960182,0.051232947480790186,0.8181818181818182,0.18181818181818182,0.19288898553524594
2693,dna-private,13,10,3,8058,760,0.31438735831885495,-1.6693848876514445,0.09567651131280328,0.7692307692307693,0.23076923076923078,0.29523037776522154
2694,prot-private,36,33,3,8035,760,1.0404480398257623,0.05720491840578896,1.0,0.9166666666666666,0.08333333333333333,1.0
2695,dna-private,164,160,4,7908,759,3.8391502276176026,1.9407870145736208,0.0018289882444472503,0.975609756097561,0.024390243902439025,0.01600364713891344
2696,dna-private,18,16,2,8052,761,0.7560854446100348,-0.40337881341779425,0.6651558352122813,0.8888888888888888,0.1111111111111111,0.901825343293552
2697,dna-private,117,112,5,7956,758,2.1341377576671694,1.0936533045075896,0.09764023709048059,0.9572649572649573,0.042735042735042736,0.30104412414520115
2698,prot-private,10,10,0,8058,763,1.9896382701495317,0.9925061627800148,1.0,1.0,0.0,1.0
2699,dna-private,41,34,7,8034,756,0.4570575056011949,-1.1295524026316588,0.08375481910547275,0.8292682926829268,0.17073170731707318,0.2726901087154927
2700,prot-private,14,14,0,8054,763,2.748960208579055,1.4588860238748205,0.6261069302735234,1.0,0.0,0.8877285057891666
2701,prot-private,31,29,2,8039,761,1.3726209727578056,0.4569333034066387,1.0,0.9354838709677419,0.06451612903225806,1.0
2702,prot-private,24,24,0,8044,763,4.650568711542047,2.2174071521673038,0.26199068748151555,1.0,0.0,0.5607728191846709
2703,dna-private,75,69,6,7999,757,1.0883235404425553,0.12210750953276292,1.0,0.92,0.08,1.0
2704,dna-private,39,29,10,8039,753,0.27163826346560516,-1.880241380312341,0.0013728941120299033,0.7435897435897436,0.2564102564102564,0.012657414008470815
2705,dna-private,35,30,5,8038,758,0.5658123911420752,-0.8216043231664972,0.22271049171388355,0.8571428571428571,0.14285714285714285,0.5159923779089749
2706,prot-private,64,61,3,8007,760,1.9299779359726905,0.9485843543095553,0.3696849056344961,0.953125,0.046875,0.696950625645962
2707,dna-private,13,11,2,8057,761,0.5194861611021472,-0.9448427780489919,0.31132490475252955,0.8461538461538461,0.15384615384615385,0.6226498095050591
2708,dna-private,42,40,2,8028,761,1.8958644743398108,0.9228558370282908,0.5796119669598028,0.9523809523809523,0.047619047619047616,0.8877285057891666
2709,dna-private,18,15,3,8053,760,0.4718738358375761,-1.0835269148384212,0.19951958732975172,0.8333333333333334,0.16666666666666666,0.4834513077605523
2710,dna-private,31,24,7,8044,756,0.32222774738935855,-1.6338473634207271,0.014629950189399336,0.7741935483870968,0.22580645161290322,0.07888903240503493
2711,prot-private,273,207,66,7861,697,0.2780874512842456,-1.8463894504489102,3.814305180859783e-15,0.7582417582417582,0.24175824175824176,4.005020439902772e-13
2712,dna-private,362,344,18,7724,745,1.8433166465274182,0.8823039196586593,0.00959408152293137,0.9502762430939227,0.049723756906077346,0.058117993840834256
2713,dna-private,30,28,2,8040,761,1.3251243781094528,0.4061277794948587,1.0,0.9333333333333333,0.06666666666666667,1.0
2714,dna-private,54,48,6,8020,757,0.7551122194513715,-0.4052370313565511,0.46542309281206906,0.8888888888888888,0.1111111111111111,0.7808696364090639
2715,dna-private,35,30,5,8038,758,0.5658123911420752,-0.8216043231664972,0.22271049171388355,0.8571428571428571,0.14285714285714285,0.5159923779089749
2716,prot-private,18,17,1,8051,762,1.6089926717177991,0.6861577552096091,1.0,0.9444444444444444,0.05555555555555555,1.0
2717,dna-private,51,47,4,8021,759,1.1118626106470515,0.15297852980259363,1.0,0.9215686274509803,0.0784313725490196,1.0
2718,dna-private,47,42,5,8026,758,0.7933217044605033,-0.3340220747175058,0.598894847488208,0.8936170212765957,0.10638297872340426,0.8877285057891666
2719,dna-private,67,57,10,8011,753,0.5357758082636375,-0.9002986538452061,0.07750372422459825,0.8507462686567164,0.14925373134328357,0.2596476907611014
2720,dna-private,160,148,12,7920,751,1.169486531986532,0.22587524745509338,0.7756517062882355,0.925,0.075,0.9689238102344779
2721,dna-private,12,9,3,8059,760,0.2829135128427845,-1.8215670088364881,0.07844382615057613,0.75,0.25,0.2596476907611014
2722,prot-private,10,9,1,8059,762,0.8509740662613228,-0.2328129289529579,0.59509736615207,0.9,0.1,0.8877285057891666
2723,dna-private,32,24,8,8044,755,0.2815763301839881,-1.8284020313717544,0.00484277188450134,0.75,0.25,0.03415238381234154
2724,dna-private,12,11,1,8057,762,1.0403375946382027,0.05705176594078467,1.0,0.9166666666666666,0.08333333333333333,1.0
2725,prot-private,83,76,7,7992,756,1.027027027027027,0.03847414781463564,1.0,0.9156626506024096,0.08433734939759036,1.0
2726,dna-private,10,8,2,8060,761,0.37766749379652603,-1.4048114799117843,0.21174867571160536,0.8,0.2,0.49903027017397994
2727,prot-private,98,97,1,7971,762,9.27286413248024,3.2130150164687867,0.003043286584174819,0.9897959183673469,0.01020408163265306,0.023846464299316913
2728,dna-private,21,18,3,8050,760,0.5664596273291925,-0.8199549588372377,0.42023358676848527,0.8571428571428571,0.14285714285714285,0.7371150617099185
2729,dna-private,122,119,3,7949,760,3.7925105883339625,1.9231532083472132,0.008917266620590874,0.9754098360655737,0.02459016393442623,0.055257816107923775
2730,prot-private,10,9,1,8059,762,0.8509740662613228,-0.2328129289529579,0.59509736615207,0.9,0.1,0.8877285057891666
2731,dna-private,38,32,6,8036,757,0.5024058403849344,-0.9930748594687165,0.13725715750041734,0.8421052631578947,0.15789473684210525,0.3762378936559663
2732,dna-private,49,43,6,8025,757,0.6760332294911734,-0.5648339329303544,0.31277567193929934,0.8775510204081632,0.12244897959183673,0.6242302217162362
2733,prot-private,58,57,1,8011,762,5.421795031831232,2.4387705738635503,0.05940942078251195,0.9827586206896551,0.017241379310344827,0.21551594103444832
2734,dna-private,58,47,11,8021,752,0.4005848284616518,-1.3198203125725327,0.015049894859836405,0.8103448275862069,0.1896551724137931,0.08080767410537161
2735,dna-private,52,46,6,8022,757,0.7234687941494224,-0.46699730549292057,0.4524666468682556,0.8846153846153846,0.11538461538461539,0.7683395890215661
2736,dna-private,17,14,3,8054,760,0.4403608972767155,-1.1832417272783582,0.17689465436516857,0.8235294117647058,0.17647058823529413,0.4455313866049739
2737,dna-private,68,65,3,8003,760,2.057561747677954,1.040935726749968,0.2791915717124593,0.9558823529411765,0.04411764705882353,0.577637734577502
2738,prot-private,43,39,4,8029,759,0.9216901233030266,-0.11764630379571438,0.7852915920495436,0.9069767441860465,0.09302325581395349,0.973246628835172
2739,prot-private,20,19,1,8049,762,1.798732761833768,0.8469808609552302,1.0,0.95,0.05,1.0
2740,dna-private,74,70,4,7998,759,1.6607276819204801,0.7318155265503035,0.4086031364203998,0.9459459459459459,0.05405405405405406,0.7243976184025975
2741,prot-private,589,545,44,7523,719,1.1838090461977209,0.2434363864388757,0.323907228445695,0.9252971137521222,0.07470288624787776,0.6381496417372119
2742,dna-private,301,296,5,7772,758,5.7737519300051465,2.5295091233273346,3.4011841864537593e-07,0.9833887043189369,0.016611295681063124,9.453291341761184e-06
2743,dna-private,79,26,53,8042,710,0.043310356477549466,-4.5291441428304235,4.789763057062279e-38,0.3291139240506329,0.6708860759493671,3.621060871139083e-35
2744,prot-private,63,61,2,8007,761,2.898776070937929,1.535443890203309,0.17208255719593135,0.9682539682539683,0.031746031746031744,0.44009423019765564
2745,dna-private,23,16,7,8052,756,0.21460506706408347,-2.220243954757871,0.002500366431321196,0.6956521739130435,0.30434782608695654,0.020142993006114353
2747,prot-private,37,33,4,8035,759,0.7793092719352831,-0.3597321137885364,0.5570142951867847,0.8918918918918919,0.10810810810810811,0.8696877471317828
2748,dna-private,34,30,4,8038,759,0.708198556854939,-0.49777419103476034,0.5325881344964782,0.8823529411764706,0.11764705882352941,0.8448103853951691
2750,dna-private,68,61,7,8007,756,0.8227800674409891,-0.28142125113676786,0.6617752807851063,0.8970588235294118,0.10294117647058823,0.901825343293552
2751,dna-private,56,47,9,8021,754,0.4909058166756708,-1.026481833786521,0.05541985142368094,0.8392857142857143,0.16071428571428573,0.2041783999819824
2752,dna-private,24,20,4,8048,759,0.47154572564612324,-1.0845304195026986,0.14800296197823892,0.8333333333333334,0.16666666666666666,0.3984695130183356
2753,prot-private,25,19,6,8049,757,0.29782167557046424,-1.7474793372735162,0.01735238107761688,0.76,0.24,0.08897013717321622
2754,dna-private,10,9,1,8059,762,0.8509740662613228,-0.2328129289529579,0.59509736615207,0.9,0.1,0.8877285057891666
2755,dna-private,27,23,4,8045,759,0.5424798011187073,-0.8823586741383294,0.28746707582594033,0.8518518518518519,0.14814814814814814,0.5895960643635672
2757,prot-private,43,39,4,8029,759,0.9216901233030266,-0.11764630379571438,0.7852915920495436,0.9069767441860465,0.09302325581395349,0.973246628835172
2758,dna-private,17,12,5,8056,758,0.22581926514399206,-2.146759524001899,0.0122129485169433,0.7058823529411765,0.29411764705882354,0.06900589744999354
2759,dna-private,21,16,5,8052,758,0.3012419274714357,-1.7310055136376103,0.03013179244691118,0.7619047619047619,0.23809523809523808,0.13228591805961004
2760,prot-private,51,49,2,8019,761,2.3250405287442324,1.2172558646545193,0.31828275403058753,0.9607843137254902,0.0392156862745098,0.6325493218904421
2761,dna-private,19,17,2,8051,761,0.8034405663892684,-0.3157367887801676,0.677113499984792,0.8947368421052632,0.10526315789473684,0.9096240285714047
2762,dna-private,24,19,5,8049,758,0.3578581190209964,-1.4825403832543624,0.050845175438360646,0.7916666666666666,0.20833333333333334,0.19257992300300927
2763,dna-private,73,71,2,7997,761,3.3782043266224835,1.7562565904513359,0.08999664918085996,0.9726027397260274,0.0273972602739726,0.28301774867192236
2764,dna-private,242,229,13,7839,750,1.6853601813418118,0.7530569452979181,0.08037639329385338,0.9462809917355371,0.05371900826446281,0.2635063023857465
2765,dna-private,63,59,4,8009,759,1.3978336871020103,0.4831927204655367,0.6558285694653705,0.9365079365079365,0.06349206349206349,0.9008661945606334
2766,dna-private,16,13,3,8055,760,0.40885578315745913,-1.2903360478430472,0.15504769204284768,0.8125,0.1875,0.4121520927721268
2767,dna-private,38,35,3,8033,760,1.1037802398439769,0.14245296337799762,1.0,0.9210526315789473,0.07894736842105263,1.0
2768,dna-private,48,46,2,8022,761,2.181874844178509,1.1255683487460493,0.43485333151682726,0.9583333333333334,0.041666666666666664,0.7509116460180937
2771,prot-private,14,13,1,8055,762,1.2297951582867783,0.29841803204048295,1.0,0.9285714285714286,0.07142857142857142,1.0
2772,dna-private,42,37,5,8031,758,0.6984435313161499,-0.5177846154492549,0.40660776219771855,0.8809523809523809,0.11904761904761904,0.7239648333054056
2773,dna-private,37,37,0,8031,763,7.129739152088651,2.8338492953406753,0.07162832242165393,1.0,0.0,0.24502720249217363
2774,dna-private,25,23,2,8045,761,1.0878185208203854,0.12143789394974983,1.0,0.92,0.08,1.0
2775,dna-private,56,50,6,8018,757,0.7867714309470358,-0.34598352311147046,0.48064110483545164,0.8928571428571429,0.10714285714285714,0.7956916669409964
2776,dna-private,21,19,2,8049,761,0.8981861100757859,-0.15491368303454628,0.7021801097644735,0.9047619047619048,0.09523809523809523,0.9290003024430675
2777,dna-private,14,12,2,8056,761,0.5667825223435948,-0.8191328237820831,0.3441645340324851,0.8571428571428571,0.14285714285714285,0.6658405737389302
2778,dna-private,80,72,8,7996,755,0.849799899949975,-0.23480492108987405,0.6869671106431896,0.9,0.1,0.9164372879302213
2779,prot-private,20,19,1,8049,762,1.798732761833768,0.8469808609552302,1.0,0.95,0.05,1.0
2780,dna-private,44,39,5,8029,758,0.736380620251588,-0.44147643592745134,0.42666670038808,0.8863636363636364,0.11363636363636363,0.7456311268917903
2781,dna-private,12,12,0,8056,763,2.369204989759821,1.2444030296948858,0.6160300460842021,1.0,0.0,0.8877285057891666
2782,prot-private,14,12,2,8056,761,0.5667825223435948,-0.8191328237820831,0.3441645340324851,0.8571428571428571,0.14285714285714285,0.6658405737389302
2783,dna-private,57,45,12,8023,751,0.35102206157297766,-1.5103663887970795,0.0029610171643206025,0.7894736842105263,0.21052631578947367,0.023269531977405153
2784,dna-private,11,9,2,8059,761,0.424928651197419,-1.2347074729427345,0.24486416172403402,0.8181818181818182,0.18181818181818182,0.5452454052117999
2785,dna-private,38,35,3,8033,760,1.1037802398439769,0.14245296337799762,1.0,0.9210526315789473,0.07894736842105263,1.0
2786,dna-private,55,37,18,8031,745,0.19068470786812214,-2.3907389448257725,3.9658769507786613e-07,0.6727272727272727,0.32727272727272727,1.0827093854612218e-05
2787,dna-private,354,346,8,7722,755,4.228664853664854,2.080202222907308,9.182338450162248e-07,0.9774011299435028,0.022598870056497175,2.2393057639750514e-05
2789,prot-private,14,14,0,8054,763,2.748960208579055,1.4588860238748205,0.6261069302735234,1.0,0.0,0.8877285057891666
2790,dna-private,12,9,3,8059,760,0.2829135128427845,-1.8215670088364881,0.07844382615057613,0.75,0.25,0.2596476907611014
2792,dna-private,22,20,2,8048,761,0.9455765407554672,-0.08073385141461938,0.7149840631017713,0.9090909090909091,0.09090909090909091,0.929036603167421
2793,dna-private,102,95,7,7973,756,1.2868430954471342,0.3638361567287005,0.7214516965910864,0.9313725490196079,0.06862745098039216,0.930429004815526
2794,dna-private,71,67,4,8001,759,1.588957630296213,0.6680806556011564,0.5225147863081439,0.9436619718309859,0.056338028169014086,0.8347869367053186
2795,prot-private,16,15,1,8053,762,1.4193468272693406,0.5052271650451089,1.0,0.9375,0.0625,1.0
2796,shared,15,14,1,8054,762,1.3245592252296996,0.40551235260517215,1.0,0.9333333333333333,0.06666666666666667,1.0
2797,prot-private,114,103,11,7965,752,0.8840495348969926,-0.1778008861891136,0.6172497917347989,0.9035087719298246,0.09649122807017543,0.8877285057891666
2798,dna-private,20,18,2,8050,761,0.850807453416149,-0.2330954229434839,0.689509959490357,0.9,0.1,0.9164372879302213
2800,dna-private,19,13,6,8055,757,0.20362093937512932,-2.2960421661882635,0.0041497281057160836,0.6842105263157895,0.3157894736842105,0.03034037183676363
2801,dna-private,54,47,7,8021,756,0.6328387981548436,-0.660090043449404,0.22771625321946948,0.8703703703703703,0.12962962962962962,0.5271080448068552
2802,dna-private,22,21,1,8047,762,1.988567167888654,0.9917292929167254,1.0,0.9545454545454546,0.045454545454545456,1.0
2803,dna-private,30,29,1,8039,762,2.7488493593730565,1.4588278473964156,0.5123772522077924,0.9666666666666667,0.03333333333333333,0.8255694856544993
2804,dna-private,38,38,0,8030,763,7.320777037544362,2.871996786312047,0.07363254662948548,1.0,0.0,0.2503486156443436
2805,dna-private,354,335,19,7733,744,1.6963526104800344,0.7624360852997483,0.025781797304127003,0.9463276836158192,0.05367231638418079,0.11769950943188415
2806,dna-private,137,128,9,7940,754,1.3505737475510775,0.4335724197960318,0.44630945379848197,0.9343065693430657,0.06569343065693431,0.7610307634075729
2807,dna-private,19,17,2,8051,761,0.8034405663892684,-0.3157367887801676,0.677113499984792,0.8947368421052632,0.10526315789473684,0.9096240285714047
2808,dna-private,74,66,8,8002,755,0.7783991502124469,-0.3614179597747072,0.5292741107930962,0.8918918918918919,0.10810810810810811,0.8430915039182062
2809,dna-private,59,52,7,8016,756,0.7005988023952096,-0.5133395728906478,0.3504617436888584,0.8813559322033898,0.11864406779661017,0.676580894353363
2810,prot-private,17,16,1,8052,762,1.5141579731743666,0.5985157305719824,1.0,0.9411764705882353,0.058823529411764705,1.0
2812,dna-private,19,18,1,8050,762,1.7038509316770187,0.7687991210462928,1.0,0.9473684210526315,0.05263157894736842,1.0
2813,prot-private,21,20,1,8048,762,1.893638170974155,0.9211606925751572,1.0,0.9523809523809523,0.047619047619047616,1.0
2814,dna-private,22,20,2,8048,761,0.9455765407554672,-0.08073385141461938,0.7149840631017713,0.9090909090909091,0.09090909090909091,0.929036603167421
2815,dna-private,64,59,5,8009,758,1.1167936071919091,0.15936258833379968,1.0,0.921875,0.078125,1.0
2816,dna-private,34,33,1,8035,762,3.1295581829495953,1.6459589982893192,0.360483975156175,0.9705882352941176,0.029411764705882353,0.6881966798436068
2817,prot-private,15,14,1,8054,762,1.3245592252296996,0.40551235260517215,1.0,0.9333333333333333,0.06666666666666667,1.0
2818,dna-private,13,9,4,8059,759,0.21190594366546717,-2.2385040410308137,0.021001542276485385,0.6923076923076923,0.3076923076923077,0.10125743597591168
2819,prot-private,17,16,1,8052,762,1.5141579731743666,0.5985157305719824,1.0,0.9411764705882353,0.058823529411764705,1.0
2820,prot-private,14,13,1,8055,762,1.2297951582867783,0.29841803204048295,1.0,0.9285714285714286,0.07142857142857142,1.0
2821,dna-private,12,9,3,8059,760,0.2829135128427845,-1.8215670088364881,0.07844382615057613,0.75,0.25,0.2596476907611014
2822,dna-private,109,104,5,7964,758,1.9797086891009543,0.9852881557043189,0.16743359554501375,0.9541284403669725,0.045871559633027525,0.4326035482981216
2823,prot-private,58,28,30,8040,733,0.08509121061359867,-3.5548460714833934,2.029125980535074e-17,0.4827586206896552,0.5172413793103449,2.7393200737223503e-15
2824,prot-private,77,76,1,7992,762,7.246246246246246,2.8572338331444893,0.013383879838274163,0.987012987012987,0.012987012987012988,0.07410245146551196
2826,prot-private,64,57,7,8011,756,0.7684433903382849,-0.37998911146630326,0.49946852051664653,0.890625,0.109375,0.8162520568754535
2827,dna-private,18,13,5,8055,758,0.24466790813159528,-2.0311032121691097,0.01573344202619005,0.7222222222222222,0.2777777777777778,0.08317819700559215
2828,dna-private,420,407,13,7661,750,3.0649744459952006,1.6158750455996833,4.608597652421231e-06,0.969047619047619,0.030952380952380953,9.0731766282043e-05
2830,dna-private,143,135,8,7933,755,1.6060286146476743,0.6834975976139642,0.22975462236748567,0.9440559440559441,0.055944055944055944,0.5305268616671325
2831,dna-private,108,75,33,7993,730,0.20756798562378445,-2.2683441489924308,4.7601002721031206e-11,0.6944444444444444,0.3055555555555556,3.049691360771152e-09
2832,dna-private,90,88,2,7980,761,4.195989974937343,2.0690112310311344,0.02272736330469285,0.9777777777777777,0.022222222222222223,0.1072527257075393
2833,dna-private,28,26,2,8042,761,1.2301666252176076,0.29885374084427707,1.0,0.9285714285714286,0.07142857142857142,1.0
2834,prot-private,21,19,2,8049,761,0.8981861100757859,-0.15491368303454628,0.7021801097644735,0.9047619047619048,0.09523809523809523,0.9290003024430675
2835,prot-private,22,21,1,8047,762,1.988567167888654,0.9917292929167254,1.0,0.9545454545454546,0.045454545454545456,1.0
2838,prot-private,123,73,50,7995,713,0.13020387742338962,-2.941155682818514,3.0685042297644937e-22,0.5934959349593496,0.4065040650406504,8.284961420364133e-20
2839,dna-private,32,24,8,8044,755,0.2815763301839881,-1.8284020313717544,0.00484277188450134,0.75,0.25,0.03415238381234154
2841,dna-private,69,68,1,8000,762,6.477,2.6953257440815745,0.028719146548460733,0.9855072463768116,0.014492753623188406,0.1280169504164877
2842,dna-private,52,49,3,8019,760,1.5479901899654986,0.6303963287607656,0.6227523848035943,0.9423076923076923,0.057692307692307696,0.8877285057891666
2843,prot-private,12,12,0,8056,763,2.369204989759821,1.2444030296948858,0.6160300460842021,1.0,0.0,0.8877285057891666
2844,dna-private,41,35,6,8033,757,0.5497116062907175,-0.8632531549672186,0.16285314593579853,0.8536585365853658,0.14634146341463414,0.42631279012711215
2845,dna-private,40,38,2,8030,761,1.8006226650062267,0.8484958845424542,0.577200390112483,0.95,0.05,0.8877285057891666
2846,prot-private,18,17,1,8051,762,1.6089926717177991,0.6861577552096091,1.0,0.9444444444444444,0.05555555555555555,1.0
2847,dna-private,32,30,2,8038,761,1.4201293854192585,0.5060223770533188,1.0,0.9375,0.0625,1.0
2848,prot-private,39,23,16,8045,747,0.13347576134244873,-2.9053503167645585,4.673481011632778e-08,0.5897435897435898,0.41025641025641024,1.5633414357497258e-06
2849,dna-private,55,48,7,8020,756,0.6463840399002494,-0.6295365184576579,0.328372766336754,0.8727272727272727,0.12727272727272726,0.6461473486480636
2851,dna-private,69,68,1,8000,762,6.477,2.6953257440815745,0.028719146548460733,0.9855072463768116,0.014492753623188406,0.1280169504164877
2852,prot-private,23,21,2,8047,761,0.9929787498446626,-0.010165251073051074,1.0,0.9130434782608695,0.08695652173913043,1.0
2853,dna-private,37,31,6,8037,757,0.48664509974700343,-1.0390580669120846,0.13025347875770235,0.8378378378378378,0.16216216216216217,0.36443978512517755
2854,dna-private,173,156,17,7912,746,0.8652233390828525,-0.20885551289196413,0.5833493886093489,0.9017341040462428,0.09826589595375723,0.8877285057891666
2855,dna-private,49,38,11,8030,752,0.32351409487150457,-1.6280995259207514,0.0025666971702589785,0.7755102040816326,0.22448979591836735,0.020382595175586007
2856,prot-private,72,70,2,7998,761,3.330207551887972,1.7356120946383826,0.08900505056689029,0.9722222222222222,0.027777777777777776,0.2805997424043747
2858,dna-private,18,16,2,8052,761,0.7560854446100348,-0.40337881341779425,0.6651558352122813,0.8888888888888888,0.1111111111111111,0.901825343293552
2859,dna-private,20,16,4,8052,759,0.3770491803278688,-1.4071753815058734,0.08818066269357304,0.8,0.2,0.2795489730786403
2860,dna-private,94,79,15,7989,748,0.4931113614553344,-1.0200146014755493,0.02408469344281566,0.8404255319148937,0.1595744680851064,0.11267344209634059
2861,prot-private,52,52,0,8016,763,10.00031185679536,3.321973085611046,0.02128708645458515,1.0,0.0,0.10173040340858047
2862,prot-private,96,96,0,7972,763,18.482972718720603,4.208124906925309,0.00032740586283999337,1.0,0.0,0.0037751535532207225
2863,dna-private,48,43,5,8025,758,0.8123115264797508,-0.2998949789112005,0.6046146557937583,0.8958333333333334,0.10416666666666667,0.8877285057891666
2864,dna-private,19,16,3,8052,760,0.5033946017552575,-0.990238349311548,0.22277766157339868,0.8421052631578947,0.15789473684210525,0.5159923779089749
2865,prot-private,40,37,3,8031,760,1.167143983729714,0.2229825488768074,1.0,0.925,0.075,1.0
2866,dna-private,20,19,1,8049,762,1.798732761833768,0.8469808609552302,1.0,0.95,0.05,1.0
2867,dna-private,70,68,2,8000,761,3.23425,1.6934312000917977,0.08827945392995844,0.9714285714285714,0.02857142857142857,0.2795489730786403
2868,dna-private,41,33,8,8035,755,0.38760112009956443,-1.3673553549915614,0.02210213366205824,0.8048780487804879,0.1951219512195122,0.10482567784514449
2869,dna-private,41,37,4,8031,759,0.8742062009712365,-0.19395448331751783,0.7777676696173981,0.9024390243902439,0.0975609756097561,0.9693246921047691
2870,dna-private,98,77,21,7991,742,0.34046635798606767,-1.5544158445633922,7.4236576736019e-05,0.7857142857142857,0.21428571428571427,0.0010470681345602678
2871,dna-private,37,36,1,8032,762,3.4153386454183265,1.7720286349848624,0.37004759409297505,0.972972972972973,0.02702702702702703,0.696950625645962
2872,prot-private,17,16,1,8052,762,1.5141579731743666,0.5985157305719824,1.0,0.9411764705882353,0.058823529411764705,1.0
2873,prot-private,28,25,3,8043,760,0.787434207799743,-0.344768707319201,0.7304102003319707,0.8928571428571429,0.10714285714285714,0.935915443137237
2874,dna-private,41,35,6,8033,757,0.5497116062907175,-0.8632531549672186,0.16285314593579853,0.8536585365853658,0.14634146341463414,0.42631279012711215
2875,prot-private,16,16,0,8052,763,3.1289040670599193,1.6456574258851278,0.3903018394628883,1.0,0.0,0.7119955431576628
2876,dna-private,77,63,14,8005,749,0.4210493441599001,-1.2479387775025559,0.006609323255067005,0.8181818181818182,0.18181818181818182,0.04390727926916218
2878,dna-private,15,15,0,8053,763,2.9389085490780404,1.5552804669020328,0.6340216938892271,1.0,0.0,0.8912614365568161
2879,dna-private,60,43,17,8025,746,0.2351328568810702,-2.0884519431900315,7.732969065497426e-06,0.7166666666666667,0.2833333333333333,0.00014121073945690953
2880,prot-private,144,125,19,7943,744,0.6162327637045528,-0.6984527056332888,0.07017153304441039,0.8680555555555556,0.13194444444444445,0.24191108232596784
2882,prot-private,15,15,0,8053,763,2.9389085490780404,1.5552804669020328,0.6340216938892271,1.0,0.0,0.8912614365568161
2884,dna-private,15,12,3,8056,760,0.37735849056603776,-1.4059923596758368,0.13412797121574013,0.8,0.2,0.36953624722703915
2885,prot-private,135,133,2,7935,761,6.37763074984247,2.6730205712821906,0.0009364691767146264,0.9851851851851852,0.014814814814814815,0.009076547405080225
2886,dna-private,198,186,12,7882,751,1.4768459781781273,0.5625193737633133,0.24777453592808116,0.9393939393939394,0.06060606060606061,0.5470722814299923
2887,dna-private,12,11,1,8057,762,1.0403375946382027,0.05705176594078467,1.0,0.9166666666666666,0.08333333333333333,1.0
2888,prot-private,25,25,0,8043,763,4.840989618946976,2.2753020004764437,0.16333070103528635,1.0,0.0,0.42631279012711215
2889,dna-private,22,20,2,8048,761,0.9455765407554672,-0.08073385141461938,0.7149840631017713,0.9090909090909091,0.09090909090909091,0.929036603167421
2890,dna-private,28,19,9,8049,754,0.197760936486244,-2.3381706147117396,0.0003923095620041631,0.6785714285714286,0.32142857142857145,0.004387367291052475
2891,dna-private,50,44,6,8024,757,0.6918411432369558,-0.531487282710308,0.4421500901478677,0.88,0.12,0.7581782814990148
2892,dna-private,280,271,9,7797,754,2.9118606871588786,1.5419413339868666,0.00046716643234177347,0.9678571428571429,0.03214285714285714,0.005074394006470988
2893,dna-private,41,38,3,8030,760,1.198837691988377,0.2616363486487004,1.0,0.926829268292683,0.07317073170731707,1.0
2894,dna-private,28,24,4,8044,759,0.5661362506215813,-0.8207787901687292,0.2985886706930741,0.8571428571428571,0.14285714285714285,0.6074624193863403
2897,dna-private,537,521,16,7547,747,3.223027361865642,1.6884164361977405,7.945048742718744e-08,0.9702048417132216,0.0297951582867784,2.5451088345319368e-06
2898,dna-private,19,18,1,8050,762,1.7038509316770187,0.7687991210462928,1.0,0.9473684210526315,0.05263157894736842,1.0
2899,dna-private,31,28,3,8040,760,0.8822553897180763,-0.18073175639889522,0.7471571356606916,0.9032258064516129,0.0967741935483871,0.9483727242435912
2900,prot-private,32,20,12,8048,751,0.15552518223989398,-2.6847798981250492,7.06911604341969e-06,0.625,0.375,0.00013163840080806895
2901,prot-private,58,48,10,8020,753,0.4506733167082294,-1.1498460608365606,0.03067575211940938,0.8275862068965517,0.1724137931034483,0.13374203346178484
2902,dna-private,48,43,5,8025,758,0.8123115264797508,-0.2998949789112005,0.6046146557937583,0.8958333333333334,0.10416666666666667,0.8877285057891666
2903,dna-private,12,10,2,8058,761,0.47220153884338545,-1.0825253517576907,0.27814822883872553,0.8333333333333334,0.16666666666666666,0.577637734577502
2904,dna-private,135,120,15,7948,748,0.7528938097634625,-0.4094816973620334,0.2809103419345351,0.8888888888888888,0.1111111111111111,0.5796075832492045
2905,dna-private,19,13,6,8055,757,0.20362093937512932,-2.2960421661882635,0.0041497281057160836,0.6842105263157895,0.3157894736842105,0.03034037183676363
2906,dna-private,24,19,5,8049,758,0.3578581190209964,-1.4825403832543624,0.050845175438360646,0.7916666666666666,0.20833333333333334,0.19257992300300927
2907,dna-private,18,15,3,8053,760,0.4718738358375761,-1.0835269148384212,0.19951958732975172,0.8333333333333334,0.16666666666666666,0.4834513077605523
2908,prot-private,26,20,6,8048,757,0.31353545394300864,-1.673299505653589,0.020956108383636048,0.7692307692307693,0.23076923076923078,0.10125743597591168
2909,dna-private,52,52,0,8016,763,10.00031185679536,3.321973085611046,0.02128708645458515,1.0,0.0,0.10173040340858047
2910,prot-private,242,231,11,7837,752,2.015056781931862,1.0108204927767204,0.01969316840438039,0.9545454545454546,0.045454545454545456,0.09846584202190195
2911,dna-private,32,30,2,8038,761,1.4201293854192585,0.5060223770533188,1.0,0.9375,0.0625,1.0
2912,dna-private,16,16,0,8052,763,3.1289040670599193,1.6456574258851278,0.3903018394628883,1.0,0.0,0.7119955431576628
2913,prot-private,294,287,7,7781,756,3.9835496722786274,1.994054564501509,1.1882804962412508e-05,0.9761904761904762,0.023809523809523808,0.00020416819435417854
2914,dna-private,13,12,1,8056,762,1.1350546176762661,0.18276172020769355,1.0,0.9230769230769231,0.07692307692307693,1.0
2915,prot-private,17,16,1,8052,762,1.5141579731743666,0.5985157305719824,1.0,0.9411764705882353,0.058823529411764705,1.0
2916,dna-private,23,22,1,8046,762,2.08351976137211,1.059022783504989,0.716472396975913,0.9565217391304348,0.043478260869565216,0.929036603167421
2917,dna-private,60,56,4,8012,759,1.3262606090863704,0.40736429166036275,0.8168157466432637,0.9333333333333333,0.06666666666666667,0.9921476614111623
2918,prot-private,167,157,10,7911,753,1.4943875616230564,0.5795543520904763,0.26535026515271476,0.9401197604790419,0.059880239520958084,0.5666802272752892
2920,dna-private,57,48,9,8020,754,0.5014131338320864,-0.9959283087947747,0.09075130521348701,0.8421052631578947,0.15789473684210525,0.2846804429103576
2921,prot-private,20,18,2,8050,761,0.850807453416149,-0.2330954229434839,0.689509959490357,0.9,0.1,0.9164372879302213
2922,dna-private,45,38,7,8030,756,0.5110834371108344,-0.9683692567976228,0.10628230294690233,0.8444444444444444,0.15555555555555556,0.3164548857322689
2923,prot-private,18,16,2,8052,761,0.7560854446100348,-0.40337881341779425,0.6651558352122813,0.8888888888888888,0.1111111111111111,0.901825343293552
2924,dna-private,114,100,14,7968,749,0.6714357429718876,-0.5746787558922093,0.1765915369628214,0.8771929824561403,0.12280701754385964,0.4455313866049739
2925,dna-private,21,16,5,8052,758,0.3012419274714357,-1.7310055136376103,0.03013179244691118,0.7619047619047619,0.23809523809523808,0.13228591805961004
2927,dna-private,27,27,0,8041,763,5.221973512404402,2.384595139837708,0.16501930565629472,1.0,0.0,0.42841550506922665
2928,dna-private,39,28,11,8040,752,0.238082315694256,-2.0704676309683467,0.00032757946176095157,0.717948717948718,0.28205128205128205,0.0037751535532207225
2929,dna-private,20,17,3,8051,760,0.5349231979464248,-0.9025963246739215,0.24653007314042663,0.85,0.15,0.5452454052117999
2930,prot-private,10,9,1,8059,762,0.8509740662613228,-0.2328129289529579,0.59509736615207,0.9,0.1,0.8877285057891666
2931,dna-private,129,127,2,7941,761,6.08531671074172,2.6053323500591565,0.0013213549408839505,0.9844961240310077,0.015503875968992248,0.012393850313998344
2932,prot-private,397,379,18,7689,745,2.040107801910377,1.0286453880655697,0.001795660622492387,0.9546599496221663,0.04534005037783375,0.015810145515446457
2933,dna-private,32,29,3,8039,760,0.9138781772193888,-0.12992623248711502,0.7536237834637938,0.90625,0.09375,0.9524232368750051
2934,dna-private,37,36,1,8032,762,3.4153386454183265,1.7720286349848624,0.37004759409297505,0.972972972972973,0.02702702702702703,0.696950625645962
2935,dna-private,32,29,3,8039,760,0.9138781772193888,-0.12992623248711502,0.7536237834637938,0.90625,0.09375,0.9524232368750051
2936,prot-private,1702,1687,15,6381,748,13.183680718800606,3.7206813038848554,1.1253760905081018e-52,0.9911868390129259,0.00881316098707403,1.4179738740402082e-49
2937,dna-private,18,15,3,8053,760,0.4718738358375761,-1.0835269148384212,0.19951958732975172,0.8333333333333334,0.16666666666666666,0.4834513077605523
2938,dna-private,137,123,14,7945,749,0.8282567652611705,-0.2718500124954946,0.5379122441590641,0.8978102189781022,0.10218978102189781,0.8507566037327458
2939,dna-private,19,17,2,8051,761,0.8034405663892684,-0.3157367887801676,0.677113499984792,0.8947368421052632,0.10526315789473684,0.9096240285714047
2940,dna-private,41,35,6,8033,757,0.5497116062907175,-0.8632531549672186,0.16285314593579853,0.8536585365853658,0.14634146341463414,0.42631279012711215
2941,prot-private,11,9,2,8059,761,0.424928651197419,-1.2347074729427345,0.24486416172403402,0.8181818181818182,0.18181818181818182,0.5452454052117999
2942,dna-private,141,131,10,7937,753,1.2428247448658183,0.3136228711779686,0.6494655068235058,0.9290780141843972,0.07092198581560284,0.89997229635986
2944,dna-private,38,34,4,8034,759,0.8030246452576549,-0.3164838293796611,0.5664327681214596,0.8947368421052632,0.10526315789473684,0.88148038843109
2945,prot-private,26,24,2,8044,761,1.1352560914967678,0.1830177779193497,1.0,0.9230769230769231,0.07692307692307693,1.0
2947,shared,19,18,1,8050,762,1.7038509316770187,0.7687991210462928,1.0,0.9473684210526315,0.05263157894736842,1.0
2948,dna-private,47,45,2,8023,761,2.134176741867132,1.0936796579133503,0.4324542966864182,0.9574468085106383,0.0425531914893617,0.7488214573864685
2949,prot-private,149,148,1,7920,762,14.23939393939394,3.8318158381553,4.325055810294376e-05,0.9932885906040269,0.006711409395973154,0.0006618911321017304
2950,dna-private,88,81,7,7987,756,1.0952798297233004,0.13129950670180757,1.0,0.9204545454545454,0.07954545454545454,1.0
2951,prot-private,14,13,1,8055,762,1.2297951582867783,0.29841803204048295,1.0,0.9285714285714286,0.07142857142857142,1.0
2952,dna-private,67,66,1,8002,762,6.284928767808048,2.6518963935061737,0.02828067586110766,0.9850746268656716,0.014925373134328358,0.12711171790129244
2953,dna-private,59,52,7,8016,756,0.7005988023952096,-0.5133395728906478,0.3504617436888584,0.8813559322033898,0.11864406779661017,0.676580894353363
2954,prot-private,17,17,0,8051,763,3.3189467801030865,1.7307254957322895,0.3917859073460155,1.0,0.0,0.7119955431576628
2955,prot-private,54,51,3,8017,760,1.6115754022701758,0.6884716906849924,0.6248836820460282,0.9444444444444444,0.05555555555555555,0.8877285057891666
2956,dna-private,10,9,1,8059,762,0.8509740662613228,-0.2328129289529579,0.59509736615207,0.9,0.1,0.8877285057891666
2957,dna-private,88,84,4,7984,759,1.996367735470942,0.9973774928569661,0.2483668850792355,0.9545454545454546,0.045454545454545456,0.5471018797199942
2958,dna-private,59,48,11,8020,752,0.40915892087961914,-1.2892667875807864,0.01593870785247149,0.8135593220338984,0.1864406779661017,0.08402833428499613
2959,dna-private,47,42,5,8026,758,0.7933217044605033,-0.3340220747175058,0.598894847488208,0.8936170212765957,0.10638297872340426,0.8877285057891666
2960,dna-private,116,106,10,7962,753,1.0024868123587038,0.0035832582564154763,1.0,0.9137931034482759,0.08620689655172414,1.0
2961,dna-private,75,67,8,8001,755,0.790291838520185,-0.33954258560186856,0.5325044264423678,0.8933333333333333,0.10666666666666667,0.8448103853951691
2962,dna-private,29,26,3,8042,760,0.8190334079416397,-0.2880057950494767,0.7354723604369783,0.896551724137931,0.10344827586206896,0.9398531177997896
2963,dna-private,49,45,4,8023,759,1.0642839336906393,0.08988308982527116,1.0,0.9183673469387755,0.08163265306122448,1.0
2965,dna-private,35,35,0,8033,763,6.747806062114894,2.754418509896108,0.06976291749627056,1.0,0.0,0.24104554674214143
2966,dna-private,14,13,1,8055,762,1.2297951582867783,0.29841803204048295,1.0,0.9285714285714286,0.07142857142857142,1.0
2967,dna-private,75,66,9,8002,754,0.6909939181871199,-0.5332550821607965,0.29847237658472636,0.88,0.12,0.6074624193863403
2968,dna-private,18,13,5,8055,758,0.24466790813159528,-2.0311032121691097,0.01573344202619005,0.7222222222222222,0.2777777777777778,0.08317819700559215
2969,dna-private,65,59,6,8009,757,0.9294335539185083,-0.10557636568535422,0.8237079582206315,0.9076923076923077,0.09230769230769231,0.9976341179346322
2970,dna-private,43,39,4,8029,759,0.9216901233030266,-0.11764630379571438,0.7852915920495436,0.9069767441860465,0.09302325581395349,0.973246628835172
2971,dna-private,12,6,6,8062,757,0.09389729595633838,-3.412772577865348,0.0002392009954698319,0.5,0.5,0.002954835826392041
2972,dna-private,72,68,4,8000,759,1.612875,0.6896346320037188,0.52425799712651,0.9444444444444444,0.05555555555555555,0.8368645393320134
2973,dna-private,90,77,13,7991,750,0.5559138646361772,-0.8470667311632842,0.05775122805921538,0.8555555555555555,0.14444444444444443,0.21153066091456793
2974,dna-private,232,225,7,7843,756,3.0983042203238558,1.6314788082993203,0.0008177330666947211,0.9698275862068966,0.03017241379310345,0.008155754596585872
2975,dna-private,82,74,8,7994,755,0.873623967975982,-0.1949156575790559,0.6914613529675437,0.9024390243902439,0.0975609756097561,0.9187078784595133
2976,prot-private,28,27,1,8041,762,2.5586369854495707,1.355375475067056,0.5093441065762562,0.9642857142857143,0.03571428571428571,0.8237951903101118
2977,dna-private,24,22,2,8046,761,1.0403927417350236,0.05712823951521257,1.0,0.9166666666666666,0.08333333333333333,1.0
2978,prot-private,136,108,28,7960,735,0.35615577889447236,-1.48941969560142,1.5206654355739759e-05,0.7941176470588235,0.20588235294117646,0.000255471793176428
2979,dna-private,50,49,1,8019,762,4.656191545080434,2.2191504086442957,0.12500179299940722,0.98,0.02,0.35182932057912086
2980,dna-private,59,56,3,8012,760,1.7706773173572974,0.8243013238546881,0.4833287820344563,0.9491525423728814,0.05084745762711865,0.7978090812621157
2981,prot-private,40,39,1,8029,762,3.7013326690746045,1.8880448082821413,0.2551092409239627,0.975,0.025,0.5513510181203997
2983,dna-private,87,85,2,7983,761,4.051421771263936,2.018428283897871,0.03253472209883483,0.9770114942528736,0.022988505747126436,0.13959279175209496
2984,dna-private,47,41,6,8027,757,0.6444292180557286,-0.6339061883840059,0.2943612407633644,0.8723404255319149,0.1276595744680851,0.6008021004781411
2985,dna-private,49,38,11,8030,752,0.32351409487150457,-1.6280995259207514,0.0025666971702589785,0.7755102040816326,0.22448979591836735,0.020382595175586007
2986,prot-private,13,13,0,8055,763,2.5590590279932965,1.3556134253808918,0.6199739488311733,1.0,0.0,0.8877285057891666
2988,dna-private,21,19,2,8049,761,0.8981861100757859,-0.15491368303454628,0.7021801097644735,0.9047619047619048,0.09523809523809523,0.9290003024430675
2989,prot-private,43,16,27,8052,736,0.05416643668009788,-4.206457003027795,8.721295573956663e-19,0.37209302325581395,0.627906976744186,1.3186598907822475e-16
2990,dna-private,101,90,11,7978,752,0.7712117413797033,-0.37480107871714846,0.37500721619221655,0.8910891089108911,0.10891089108910891,0.701027723275896
2991,prot-private,12,12,0,8056,763,2.369204989759821,1.2444030296948858,0.6160300460842021,1.0,0.0,0.8877285057891666
2992,dna-private,17,14,3,8054,760,0.4403608972767155,-1.1832417272783582,0.17689465436516857,0.8235294117647058,0.17647058823529413,0.4455313866049739
2993,prot-private,59,26,33,8042,730,0.07151846743988002,-3.8055403682503424,1.8852176825900173e-20,0.4406779661016949,0.559322033898305,3.7505909685211924e-18
2994,prot-private,160,139,21,7929,742,0.6194139656114684,-0.6910241837971756,0.04671028544217769,0.86875,0.13125,0.1809066382904013
2995,prot-private,12,12,0,8056,763,2.369204989759821,1.2444030296948858,0.6160300460842021,1.0,0.0,0.8877285057891666
2996,dna-private,36,31,5,8037,758,0.5847455518228195,-0.7741191128929306,0.23438389955692185,0.8611111111111112,0.1388888888888889,0.535329994154178
2997,dna-private,22,21,1,8047,762,1.988567167888654,0.9917292929167254,1.0,0.9545454545454546,0.045454545454545456,1.0
2998,dna-private,29,24,5,8044,758,0.45231228244654403,-1.1446089223004663,0.09997958225541735,0.8275862068965517,0.1724137931034483,0.3040355130800467
2999,dna-private,40,39,1,8029,762,3.7013326690746045,1.8880448082821413,0.2551092409239627,0.975,0.025,0.5513510181203997
3000,dna-private,18,17,1,8051,762,1.6089926717177991,0.6861577552096091,1.0,0.9444444444444444,0.05555555555555555,1.0
3001,prot-private,11,11,0,8057,763,2.179398076326404,1.1239297349069568,0.6147434751291604,1.0,0.0,0.8877285057891666
3002,dna-private,20,18,2,8050,761,0.850807453416149,-0.2330954229434839,0.689509959490357,0.9,0.1,0.9164372879302213
3003,dna-private,70,65,5,8003,758,1.2312882668999126,0.30016856242390577,0.8314058909741602,0.9285714285714286,0.07142857142857142,1.0
3004,prot-private,10,10,0,8058,763,1.9896382701495317,0.9925061627800148,1.0,1.0,0.0,1.0
3005,prot-private,23,20,3,8048,760,0.629555997349238,-0.667593387308373,0.4442764268572269,0.8695652173913043,0.13043478260869565,0.7581782814990148
3006,dna-private,12,10,2,8058,761,0.47220153884338545,-1.0825253517576907,0.27814822883872553,0.8333333333333334,0.16666666666666666,0.577637734577502
3007,dna-private,145,141,4,7927,759,3.375141920020184,1.7549481667574218,0.006817717857193658,0.9724137931034482,0.027586206896551724,0.044801383001863065
3008,prot-private,13,10,3,8058,760,0.31438735831885495,-1.6693848876514445,0.09567651131280328,0.7692307692307693,0.23076923076923078,0.29523037776522154
3009,dna-private,25,24,1,8044,762,2.2734957732471406,1.1849123219091262,0.7193889252568892,0.96,0.04,0.929036603167421
3011,dna-private,32,30,2,8038,761,1.4201293854192585,0.5060223770533188,1.0,0.9375,0.0625,1.0
3013,prot-private,14,11,3,8057,760,0.34586901659012864,-1.5317023139427457,0.1142871290727978,0.7857142857142857,0.21428571428571427,0.3309938352826966
3014,dna-private,20,16,4,8052,759,0.3770491803278688,-1.4071753815058734,0.08818066269357304,0.8,0.2,0.2795489730786403
3015,dna-private,51,40,11,8028,752,0.3406259908502061,-1.5537395734349146,0.0035803037429422324,0.7843137254901961,0.21568627450980393,0.027067096296643278
3016,prot-private,33,31,2,8037,761,1.4676496205051637,0.5535075873268854,1.0,0.9393939393939394,0.06060606060606061,1.0
3017,dna-private,510,501,9,7567,754,5.546804105546011,2.471656775229306,3.3699636241637474e-11,0.9823529411764705,0.01764705882352941,2.1962866378170633e-09
3018,prot-private,100,95,5,7973,758,1.8063464191646807,0.8530745978489612,0.27913347909713404,0.95,0.05,0.577637734577502
3019,prot-private,396,359,37,7709,726,0.9137582257312443,-0.1301156064972435,0.5833120415508624,0.9065656565656566,0.09343434343434344,0.8877285057891666
3020,dna-private,37,28,9,8040,754,0.291763405196241,-1.7771291521823351,0.003490272095355235,0.7567567567567568,0.24324324324324326,0.02654573142946235
3021,dna-private,14,13,1,8055,762,1.2297951582867783,0.29841803204048295,1.0,0.9285714285714286,0.07142857142857142,1.0
3022,dna-private,21,18,3,8050,760,0.5664596273291925,-0.8199549588372377,0.42023358676848527,0.8571428571428571,0.14285714285714285,0.7371150617099185
3023,dna-private,78,75,3,7993,760,2.377079944951833,1.2491904242084346,0.15648739795041883,0.9615384615384616,0.038461538461538464,0.4156868336279573
3024,dna-private,42,37,5,8031,758,0.6984435313161499,-0.5177846154492549,0.40660776219771855,0.8809523809523809,0.11904761904761904,0.7239648333054056
3025,dna-private,30,27,3,8041,760,0.8506404676035318,-0.2333786048164745,0.741081562259439,0.9,0.1,0.9438302915568327
3026,prot-private,12,11,1,8057,762,1.0403375946382027,0.05705176594078467,1.0,0.9166666666666666,0.08333333333333333,1.0
3027,dna-private,66,62,4,8006,759,1.4694604046964777,0.5552864854148031,0.6580667744540096,0.9393939393939394,0.06060606060606061,0.901825343293552
3028,dna-private,308,302,6,7766,757,4.906300970040347,2.294635736681177,1.3147983395756606e-06,0.9805194805194806,0.01948051948051948,3.030449831460974e-05
3029,dna-private,42,37,5,8031,758,0.6984435313161499,-0.5177846154492549,0.40660776219771855,0.8809523809523809,0.11904761904761904,0.7239648333054056
3030,dna-private,107,96,11,7972,752,0.8232449938420836,-0.2806062610775618,0.49002128124394806,0.897196261682243,0.102803738317757,0.8046396364474907
3031,dna-private,27,22,5,8046,758,0.41451652995277155,-1.2704984607046035,0.0781680204327629,0.8148148148148148,0.18518518518518517,0.2596476907611014
3032,dna-private,34,29,5,8039,758,0.5468839407886553,-0.8706933968131773,0.21185425029248942,0.8529411764705882,0.14705882352941177,0.49903027017397994
3033,dna-private,29,24,5,8044,758,0.45231228244654403,-1.1446089223004663,0.09997958225541735,0.8275862068965517,0.1724137931034483,0.3040355130800467
3035,dna-private,29,24,5,8044,758,0.45231228244654403,-1.1446089223004663,0.09997958225541735,0.8275862068965517,0.1724137931034483,0.3040355130800467
3036,prot-private,22,20,2,8048,761,0.9455765407554672,-0.08073385141461938,0.7149840631017713,0.9090909090909091,0.09090909090909091,0.929036603167421
3038,prot-private,155,155,0,7913,763,30.005496935616353,4.907154918118321,1.558641758142581e-06,1.0,0.0,3.4861928081532284e-05
3039,dna-private,42,35,7,8033,756,0.47055894435453754,-1.0875526420683255,0.08844988672012005,0.8333333333333334,0.16666666666666666,0.2795489730786403
3040,dna-private,34,31,3,8037,760,0.9771473601260835,-0.033351948566868406,1.0,0.9117647058823529,0.08823529411764706,1.0
3041,dna-private,17,14,3,8054,760,0.4403608972767155,-1.1832417272783582,0.17689465436516857,0.8235294117647058,0.17647058823529413,0.4455313866049739
3043,prot-private,41,39,2,8029,761,1.8482376385602193,0.8861502642923648,0.5779771795959323,0.9512195121951219,0.04878048780487805,0.8877285057891666
3044,prot-private,43,39,4,8029,759,0.9216901233030266,-0.11764630379571438,0.7852915920495436,0.9069767441860465,0.09302325581395349,0.973246628835172
3045,dna-private,51,43,8,8025,755,0.5056853582554517,-0.9836880879824887,0.07918697580209162,0.8431372549019608,0.1568627450980392,0.26142075854314967
3046,prot-private,25,18,7,8050,756,0.24149068322981365,-2.0499605642835608,0.004210200824664259,0.72,0.28,0.030546178727890397
3047,dna-private,64,63,1,8005,762,5.997001873828857,2.5842414235896194,0.04147743821197437,0.984375,0.015625,0.1696739386103315
3048,prot-private,131,127,4,7941,759,3.0346618813751416,1.6015357819710774,0.017766639258056844,0.9694656488549618,0.030534351145038167,0.0902659897788372
3049,dna-private,25,17,8,8051,755,0.19927648739287046,-2.3271565980712716,0.000855738028245131,0.68,0.32,0.008445665135160823
3050,dna-private,240,231,9,7837,754,2.469397303389903,1.3041589715627322,0.004778416504773043,0.9625,0.0375,0.03382474604502267
3051,prot-private,11,11,0,8057,763,2.179398076326404,1.1239297349069568,0.6147434751291604,1.0,0.0,0.8877285057891666
3052,dna-private,114,109,5,7959,758,2.0761904761904764,1.0539388071108038,0.12869571135202051,0.956140350877193,0.043859649122807015,0.3608826327230249
3053,dna-private,116,110,6,7958,757,1.7439473904666165,0.8023565190954977,0.24172272159056307,0.9482758620689655,0.05172413793103448,0.5452454052117999
3055,prot-private,62,42,20,8026,743,0.19440568153501123,-2.362857712350001,1.178362594071304e-07,0.6774193548387096,0.3225806451612903,3.6509922996635486e-06
3056,dna-private,14,11,3,8057,760,0.34586901659012864,-1.5317023139427457,0.1142871290727978,0.7857142857142857,0.21428571428571427,0.3309938352826966
3057,dna-private,22,20,2,8048,761,0.9455765407554672,-0.08073385141461938,0.7149840631017713,0.9090909090909091,0.09090909090909091,0.929036603167421
3058,prot-private,97,92,5,7976,758,1.7486459378134402,0.8062382049425463,0.27572778765917827,0.9484536082474226,0.05154639175257732,0.577637734577502
3059,dna-private,31,29,2,8039,761,1.3726209727578056,0.4569333034066387,1.0,0.9354838709677419,0.06451612903225806,1.0
3060,prot-private,186,173,13,7895,750,1.2641886296097822,0.33821174413127636,0.5091794889748866,0.9301075268817204,0.06989247311827956,0.8237951903101118
3061,dna-private,18,17,1,8051,762,1.6089926717177991,0.6861577552096091,1.0,0.9444444444444444,0.05555555555555555,1.0
3062,dna-private,298,286,12,7782,751,2.300029983723122,1.2016526685986495,0.002246434032994565,0.959731543624161,0.040268456375838924,0.018596535884507326
3063,dna-private,55,43,12,8025,751,0.33533748701973,-1.5763143254018144,0.002154740851301108,0.7818181818181819,0.21818181818181817,0.018061657748960798
3064,dna-private,393,370,23,7698,740,1.546420865950501,0.6289330091647727,0.043179838626732026,0.9414758269720102,0.058524173027989825,0.1720824126151579
3065,dna-private,16,10,6,8058,757,0.15657317779432448,-2.6750910059966606,0.0015333638643821406,0.625,0.375,0.013734870633565145
3066,dna-private,73,66,7,8002,756,0.8907773056735816,-0.1668632918236799,0.6776458371579566,0.9041095890410958,0.0958904109589041,0.9096240285714047
3067,dna-private,66,62,4,8006,759,1.4694604046964777,0.5552864854148031,0.6580667744540096,0.9393939393939394,0.06060606060606061,0.901825343293552
3068,dna-private,55,51,4,8017,759,1.2070911812398653,0.271534658490667,1.0,0.9272727272727272,0.07272727272727272,1.0
3069,prot-private,23,22,1,8046,762,2.08351976137211,1.059022783504989,0.716472396975913,0.9565217391304348,0.043478260869565216,0.929036603167421
3070,dna-private,99,80,19,7988,744,0.3921671981656696,-1.3504592248921643,0.0008306842988495025,0.8080808080808081,0.1919191919191919,0.008263122762239788
3071,dna-private,34,30,4,8038,759,0.708198556854939,-0.49777419103476034,0.5325881344964782,0.8823529411764706,0.11764705882352941,0.8448103853951691
3072,dna-private,41,36,5,8032,758,0.6794820717131475,-0.5574926092247302,0.39759452388256966,0.8780487804878049,0.12195121951219512,0.714649215537857
3073,dna-private,14,14,0,8054,763,2.748960208579055,1.4588860238748205,0.6261069302735234,1.0,0.0,0.8877285057891666
3074,prot-private,13,13,0,8055,763,2.5590590279932965,1.3556134253808918,0.6199739488311733,1.0,0.0,0.8877285057891666
3075,dna-private,216,207,9,7861,754,2.2060806513166265,1.141485534867472,0.013916794723830329,0.9583333333333334,0.041666666666666664,0.07646145938383524
3076,dna-private,95,83,12,7985,751,0.6505218117303277,-0.6203306641585545,0.1941579604889892,0.8736842105263158,0.12631578947368421,0.47749973366843146
3077,prot-private,64,62,2,8006,761,2.9466650012490634,1.5590830535028823,0.17420296078105713,0.96875,0.03125,0.4431273161187052
3078,dna-private,60,59,1,8009,762,5.613434885753527,2.4888838325433924,0.06065509949588678,0.9833333333333333,0.016666666666666666,0.21877507260920995
3079,dna-private,13,13,0,8055,763,2.5590590279932965,1.3556134253808918,0.6199739488311733,1.0,0.0,0.8877285057891666
3081,dna-private,42,27,15,8041,748,0.16744186046511628,-2.578267848147148,1.0434591433844244e-06,0.6428571428571429,0.35714285714285715,2.496376937970332e-05
3082,dna-private,21,20,1,8048,762,1.893638170974155,0.9211606925751572,1.0,0.9523809523809523,0.047619047619047616,1.0
3083,dna-private,34,28,6,8040,757,0.4393864013266998,-1.1864378747441116,0.0683242507741826,0.8235294117647058,0.17647058823529413,0.23739107804074044
3084,prot-private,19,19,0,8049,763,3.699173861730542,1.8872031089403754,0.4020724346383381,1.0,0.0,0.7185975427578808
3085,dna-private,63,55,8,8013,755,0.6477754898290279,-0.6264342136191651,0.255623436374933,0.873015873015873,0.12698412698412698,0.5521466225698552
3086,prot-private,13,12,1,8056,762,1.1350546176762661,0.18276172020769355,1.0,0.9230769230769231,0.07692307692307693,1.0
3087,dna-private,37,32,5,8036,758,0.603683424589348,-0.7281359054495624,0.24680288050724591,0.8648648648648649,0.13513513513513514,0.5452454052117999
3088,prot-private,17,15,2,8053,761,0.7087420836955172,-0.49666737894466767,0.6538307945337098,0.8823529411764706,0.11764705882352941,0.89997229635986
3089,prot-private,357,351,6,7717,757,5.738564208889465,2.5206898191610736,2.4108144247798936e-08,0.9831932773109243,0.01680672268907563,8.619598109891762e-07
3090,dna-private,17,13,4,8055,759,0.3062383612662942,-1.7072730800373728,0.053095201205350134,0.7647058823529411,0.23529411764705882,0.19750641493945995
3091,dna-private,31,26,5,8042,758,0.49012683412086544,-1.028772959375539,0.18492513850854314,0.8387096774193549,0.16129032258064516,0.4607890728821971
3092,dna-private,59,57,2,8011,761,2.707339907627013,1.4368760298737735,0.2386021978668214,0.9661016949152542,0.03389830508474576,0.5420170119811207
3093,prot-private,191,190,1,7878,762,18.37776085300838,4.199889094210227,7.795607837523803e-07,0.9947643979057592,0.005235602094240838,1.9386445806473667e-05
3094,dna-private,98,90,8,7978,755,1.0646465279518675,0.09037452245495253,1.0,0.9183673469387755,0.08163265306122448,1.0
3095,prot-private,29,25,4,8043,759,0.589798582618426,-0.7617057395135263,0.31079880204109256,0.8620689655172413,0.13793103448275862,0.6226498095050591
3097,prot-private,16,14,2,8054,761,0.6614104792649615,-0.5963821913846045,0.6433648787155277,0.875,0.125,0.8944167861510463
3098,dna-private,32,32,0,8036,763,6.175262863186711,2.626500549384666,0.10839836940242864,1.0,0.0,0.31936542193388956
3099,dna-private,68,48,20,8020,743,0.22234413965087282,-2.1691337149698926,6.379208665855051e-07,0.7058823529411765,0.29411764705882354,1.6292843754683847e-05
3100,dna-private,58,49,9,8019,754,0.5119230715938535,-0.9660010670226741,0.09332902648320371,0.8448275862068966,0.15517241379310345,0.29035697128107824
3101,prot-private,12,10,2,8058,761,0.47220153884338545,-1.0825253517576907,0.27814822883872553,0.8333333333333334,0.16666666666666666,0.577637734577502
3102,prot-private,12,11,1,8057,762,1.0403375946382027,0.05705176594078467,1.0,0.9166666666666666,0.08333333333333333,1.0
3103,dna-private,40,33,7,8035,756,0.4435594275046671,-1.172800687040534,0.07971035981555347,0.825,0.175,0.2620044870459062
3104,dna-private,82,76,6,7992,757,1.1997831164497832,0.26277363491574274,0.8435814576538226,0.926829268292683,0.07317073170731707,1.0
3105,dna-private,98,87,11,7981,752,0.7452244535316832,-0.42425307974620535,0.36307841534592883,0.8877551020408163,0.11224489795918367,0.6903603672070477
3106,dna-private,162,156,6,7912,757,2.4876137512639027,1.3147624973677128,0.02271640012434583,0.9629629629629629,0.037037037037037035,0.1072527257075393
3107,dna-private,68,63,5,8005,758,1.193104309806371,0.25472017938002645,1.0,0.9264705882352942,0.07352941176470588,1.0
3108,dna-private,50,45,5,8023,758,0.8503053720553408,-0.2339470423064658,0.6175136262134565,0.9,0.1,0.8877285057891666
3109,dna-private,68,65,3,8003,760,2.057561747677954,1.040935726749968,0.2791915717124593,0.9558823529411765,0.04411764705882353,0.577637734577502
3110,dna-private,95,93,2,7975,761,4.4371786833855795,2.1496426510719826,0.016060145478573026,0.9789473684210527,0.021052631578947368,0.08431576376250839
3111,dna-private,21,20,1,8048,762,1.893638170974155,0.9211606925751572,1.0,0.9523809523809523,0.047619047619047616,1.0
3112,prot-private,28,26,2,8042,761,1.2301666252176076,0.29885374084427707,1.0,0.9285714285714286,0.07142857142857142,1.0
3113,dna-private,71,60,11,8008,752,0.5122150576696031,-0.965178430187135,0.052468857694918304,0.8450704225352113,0.15492957746478872,0.19695360683891877
3114,dna-private,159,155,4,7913,759,3.716826740806268,1.8940714388035398,0.0025501698095549757,0.9748427672955975,0.025157232704402517,0.020382595175586007
3115,dna-private,16,10,6,8058,757,0.15657317779432448,-2.6750910059966606,0.0015333638643821406,0.625,0.375,0.013734870633565145
3116,dna-private,13,12,1,8056,762,1.1350546176762661,0.18276172020769355,1.0,0.9230769230769231,0.07692307692307693,1.0
3117,dna-private,42,39,3,8029,760,1.2305392950554241,0.299290728398611,1.0,0.9285714285714286,0.07142857142857142,1.0
3119,prot-private,43,41,2,8027,761,1.943503176778373,0.9586594658549641,0.582055335925062,0.9534883720930233,0.046511627906976744,0.8877285057891666
3120,dna-private,146,142,4,7926,759,3.3995079485238455,1.7653259429521646,0.006863365763924899,0.9726027397260274,0.0273972602739726,0.04480746560904338
3121,prot-private,45,33,12,8035,751,0.25703173615432484,-1.959981592410887,0.0003149715298926253,0.7333333333333333,0.26666666666666666,0.0036974918726525577
3122,prot-private,18,18,0,8050,763,3.509036705794671,1.8110750389315806,0.39580838671128105,1.0,0.0,0.7127945220431836
3126,dna-private,35,30,5,8038,758,0.5658123911420752,-0.8216043231664972,0.22271049171388355,0.8571428571428571,0.14285714285714285,0.5159923779089749
3127,dna-private,13,10,3,8058,760,0.31438735831885495,-1.6693848876514445,0.09567651131280328,0.7692307692307693,0.23076923076923078,0.29523037776522154
3128,dna-private,24,21,3,8047,760,0.6611159438299987,-0.5970247869668049,0.45796208248726505,0.875,0.125,0.771541675614701
3129,dna-private,40,38,2,8030,761,1.8006226650062267,0.8484958845424542,0.577200390112483,0.95,0.05,0.8877285057891666
3130,dna-private,53,48,5,8020,758,0.9073316708229426,-0.14029807733739713,0.8046728122782936,0.9056603773584906,0.09433962264150944,0.9859524247688655
3131,prot-private,25,25,0,8043,763,4.840989618946976,2.2753020004764437,0.16333070103528635,1.0,0.0,0.42631279012711215
3132,prot-private,57,54,3,8014,760,1.7070127277264786,0.7714738153424622,0.4814145085434018,0.9473684210526315,0.05263157894736842,0.7956916669409964
3133,dna-private,58,41,17,8027,746,0.22414058435134362,-2.1575241986436833,4.6531205453494645e-06,0.7068965517241379,0.29310344827586204,9.113365627679262e-05
3134,prot-private,17,16,1,8052,762,1.5141579731743666,0.5985157305719824,1.0,0.9411764705882353,0.058823529411764705,1.0
3135,dna-private,307,299,8,7769,755,3.632143776547818,1.860821312102137,1.832355964709973e-05,0.9739413680781759,0.026058631921824105,0.00030245875749361126
3137,dna-private,81,64,17,8004,746,0.3508833818384925,-1.510936472900843,0.0004563323666577416,0.7901234567901234,0.20987654320987653,0.004970998115176551
3138,dna-private,91,90,1,7978,762,8.596139383304086,3.1036888757358336,0.0042946799279294755,0.989010989010989,0.01098901098901099,0.030921695481092224
3139,dna-private,29,29,0,8039,763,5.603146961875739,2.486237332723165,0.17242845368326137,1.0,0.0,0.44009423019765564
3140,dna-private,292,273,19,7795,744,1.3714054218291076,0.45565513099915117,0.20443865323570823,0.934931506849315,0.06506849315068493,0.4912766110813586
3141,prot-private,41,39,2,8029,761,1.8482376385602193,0.8861502642923648,0.5779771795959323,0.9512195121951219,0.04878048780487805,0.8877285057891666
3142,dna-private,84,80,4,7988,759,1.900350525788683,0.926265552858856,0.24466940765618303,0.9523809523809523,0.047619047619047616,0.5452454052117999
3143,dna-private,13,12,1,8056,762,1.1350546176762661,0.18276172020769355,1.0,0.9230769230769231,0.07692307692307693,1.0
3144,prot-private,15,15,0,8053,763,2.9389085490780404,1.5552804669020328,0.6340216938892271,1.0,0.0,0.8912614365568161
3145,prot-private,148,139,9,7929,754,1.468673365003293,0.5545135741871333,0.3038327219290272,0.9391891891891891,0.060810810810810814,0.6166561943363995
3146,prot-private,19,17,2,8051,761,0.8034405663892684,-0.3157367887801676,0.677113499984792,0.8947368421052632,0.10526315789473684,0.9096240285714047
3147,dna-private,40,37,3,8031,760,1.167143983729714,0.2229825488768074,1.0,0.925,0.075,1.0
3148,dna-private,29,26,3,8042,760,0.8190334079416397,-0.2880057950494767,0.7354723604369783,0.896551724137931,0.10344827586206896,0.9398531177997896
3149,dna-private,35,31,4,8037,759,0.7318962299365435,-0.4502889807611938,0.5400047448892422,0.8857142857142857,0.11428571428571428,0.8512168205510157
3150,dna-private,18,11,7,8057,756,0.1474494228621075,-2.761707919389069,0.0004759308069943226,0.6111111111111112,0.3888888888888889,0.005140052715538684
3151,dna-private,51,49,2,8019,761,2.3250405287442324,1.2172558646545193,0.31828275403058753,0.9607843137254902,0.0392156862745098,0.6325493218904421
3152,prot-private,33,31,2,8037,761,1.4676496205051637,0.5535075873268854,1.0,0.9393939393939394,0.06060606060606061,1.0
3153,dna-private,10,10,0,8058,763,1.9896382701495317,0.9925061627800148,1.0,1.0,0.0,1.0
3154,dna-private,51,47,4,8021,759,1.1118626106470515,0.15297852980259363,1.0,0.9215686274509803,0.0784313725490196,1.0
3155,prot-private,10,9,1,8059,762,0.8509740662613228,-0.2328129289529579,0.59509736615207,0.9,0.1,0.8877285057891666
3156,prot-private,82,82,0,7986,763,15.773805797282915,3.9794588807257028,0.0011144644203315499,1.0,0.0,0.010630598540062507
3157,dna-private,155,145,10,7923,753,1.3780764861794774,0.46265596291125116,0.38793705500553,0.9354838709677419,0.06451612903225806,0.7119955431576628
3158,dna-private,104,101,3,7967,760,3.21158110539308,1.683283730780833,0.03344175355237579,0.9711538461538461,0.028846153846153848,0.1423534103918699
3159,dna-private,286,283,3,7785,760,9.209162920145578,3.2030700264752747,2.4171359779061555e-08,0.9895104895104895,0.01048951048951049,8.619598109891762e-07
3160,dna-private,332,310,22,7758,741,1.3458834282500176,0.42855345841136366,0.19645903064886194,0.9337349397590361,0.06626506024096386,0.4822176206835702
3161,dna-private,40,30,10,8038,753,0.2810400597163473,-1.831152306665661,0.001691489974689598,0.75,0.25,0.014973845677580047
3162,dna-private,41,39,2,8029,761,1.8482376385602193,0.8861502642923648,0.5779771795959323,0.9512195121951219,0.04878048780487805,0.8877285057891666
3163,dna-private,31,27,4,8041,759,0.637140902872777,-0.6503156370107998,0.33798369846811566,0.8709677419354839,0.12903225806451613,0.6610938379263273
3164,dna-private,25,20,5,8048,758,0.37673956262425445,-1.4083605516344355,0.05921837402854664,0.8,0.2,0.21551594103444832
3165,prot-private,25,21,4,8047,759,0.49518454082266683,-1.0139618191611302,0.2690266390706343,0.84,0.16,0.570342510200223
3166,dna-private,68,67,1,8001,762,6.380952380952381,2.6737717676790123,0.028390535412858076,0.9852941176470589,0.014705882352941176,0.12715192400545441
3167,dna-private,60,57,3,8011,760,1.802521532892273,0.8500164939800197,0.48531791239479105,0.95,0.05,0.7996956010690106
3168,dna-private,34,30,4,8038,759,0.708198556854939,-0.49777419103476034,0.5325881344964782,0.8823529411764706,0.11764705882352941,0.8448103853951691
3169,dna-private,146,139,7,7929,756,1.8933030646992055,0.92090536452425,0.10242673212752681,0.952054794520548,0.04794520547945205,0.30825879573411735
3170,dna-private,32,27,5,8041,758,0.5090411640343241,-0.9741457691425367,0.1928866945001127,0.84375,0.15625,0.4753009812323507
3171,prot-private,1201,1170,31,6898,732,4.00508796378567,2.0018339289070806,9.48738049436741e-20,0.974188176519567,0.025811823480432972,1.7077284889861336e-17
3172,dna-private,45,42,3,8026,760,1.3256915026164964,0.40674508960855665,1.0,0.9333333333333333,0.06666666666666667,1.0
3173,dna-private,14,14,0,8054,763,2.748960208579055,1.4588860238748205,0.6261069302735234,1.0,0.0,0.8877285057891666
3174,dna-private,66,58,8,8010,755,0.6833645443196005,-0.5492726979560592,0.27482086979898923,0.8787878787878788,0.12121212121212122,0.577637734577502
3175,dna-private,13,12,1,8056,762,1.1350546176762661,0.18276172020769355,1.0,0.9230769230769231,0.07692307692307693,1.0
3176,prot-private,42,35,7,8033,756,0.47055894435453754,-1.0875526420683255,0.08844988672012005,0.8333333333333334,0.16666666666666666,0.2795489730786403
3177,dna-private,40,25,15,8043,748,0.15500020721952837,-2.6896579506498743,5.014689285639539e-07,0.625,0.375,1.316355937480379e-05
3178,dna-private,17,15,2,8053,761,0.7087420836955172,-0.49666737894466767,0.6538307945337098,0.8823529411764706,0.11764705882352941,0.89997229635986
3179,dna-private,79,71,8,7997,755,0.8378923346254845,-0.2551632188397684,0.5497172254284567,0.8987341772151899,0.10126582278481013,0.8622120797176624
3180,prot-private,26,26,0,8042,763,5.031457880012434,2.3309764858199498,0.16341990288205965,1.0,0.0,0.42631279012711215
3181,dna-private,69,57,12,8011,751,0.44529397079016353,-1.1671700168366563,0.016145026406103078,0.8260869565217391,0.17391304347826086,0.08464382776015206
3183,dna-private,30,30,0,8038,763,5.793804814331032,2.5345110829272883,0.10648958059562064,1.0,0.0,0.3164548857322689
3184,prot-private,173,173,0,7895,763,33.55512633778735,5.068461283880268,2.976138195214702e-07,1.0,0.0,8.52257755902392e-06
3185,dna-private,17,15,2,8053,761,0.7087420836955172,-0.49666737894466767,0.6538307945337098,0.8823529411764706,0.11764705882352941,0.89997229635986
3186,dna-private,20,20,0,8048,763,3.8893582655153134,1.9595321337374263,0.4103003441798839,1.0,0.0,0.7243976184025975
3187,dna-private,425,393,32,7675,731,1.1697190553745929,0.22616206306613976,0.4784607475391205,0.9247058823529412,0.07529411764705882,0.7942826638989352
3188,prot-private,12,12,0,8056,763,2.369204989759821,1.2444030296948858,0.6160300460842021,1.0,0.0,0.8877285057891666
3189,dna-private,30,28,2,8040,761,1.3251243781094528,0.4061277794948587,1.0,0.9333333333333333,0.06666666666666667,1.0
3190,prot-private,23,23,0,8045,763,4.460195140140451,2.157106831570286,0.2566084918038831,1.0,0.0,0.552695213116056
3191,dna-private,33,28,5,8040,758,0.5279601990049752,-0.9214989207249574,0.20188821211829633,0.8484848484848485,0.15151515151515152,0.4854563879180408
3192,dna-private,12,11,1,8057,762,1.0403375946382027,0.05705176594078467,1.0,0.9166666666666666,0.08333333333333333,1.0
3193,dna-private,15,12,3,8056,760,0.37735849056603776,-1.4059923596758368,0.13412797121574013,0.8,0.2,0.36953624722703915
3194,dna-private,30,27,3,8041,760,0.8506404676035318,-0.2333786048164745,0.741081562259439,0.9,0.1,0.9438302915568327
3195,dna-private,34,31,3,8037,760,0.9771473601260835,-0.033351948566868406,1.0,0.9117647058823529,0.08823529411764706,1.0
3196,dna-private,25,21,4,8047,759,0.49518454082266683,-1.0139618191611302,0.2690266390706343,0.84,0.16,0.570342510200223
3197,dna-private,18,15,3,8053,760,0.4718738358375761,-1.0835269148384212,0.19951958732975172,0.8333333333333334,0.16666666666666666,0.4834513077605523
3198,prot-private,33,32,1,8036,762,3.0343454454952714,1.60138533876003,0.35982551827944353,0.9696969696969697,0.030303030303030304,0.6879820228104687
3199,prot-private,10,10,0,8058,763,1.9896382701495317,0.9925061627800148,1.0,1.0,0.0,1.0
3200,dna-private,14,12,2,8056,761,0.5667825223435948,-0.8191328237820831,0.3441645340324851,0.8571428571428571,0.14285714285714285,0.6658405737389302
3201,prot-private,21,20,1,8048,762,1.893638170974155,0.9211606925751572,1.0,0.9523809523809523,0.047619047619047616,1.0
3202,dna-private,25,16,9,8052,754,0.16647347794888778,-2.5866357450949877,0.00014701349505559757,0.64,0.36,0.0019295521226047182
3203,dna-private,46,43,3,8025,760,1.3574247144340603,0.4408721854148619,0.7950578534474642,0.9347826086956522,0.06521739130434782,0.9818428325039212
3204,prot-private,14,12,2,8056,761,0.5667825223435948,-0.8191328237820831,0.3441645340324851,0.8571428571428571,0.14285714285714285,0.6658405737389302
3205,dna-private,49,44,5,8024,758,0.8313060817547357,-0.26654832869115413,0.6108372502750749,0.8979591836734694,0.10204081632653061,0.8877285057891666
3206,dna-private,29,26,3,8042,760,0.8190334079416397,-0.2880057950494767,0.7354723604369783,0.896551724137931,0.10344827586206896,0.9398531177997896
3207,dna-private,24,22,2,8046,761,1.0403927417350236,0.05712823951521257,1.0,0.9166666666666666,0.08333333333333333,1.0
3210,prot-private,21,19,2,8049,761,0.8981861100757859,-0.15491368303454628,0.7021801097644735,0.9047619047619048,0.09523809523809523,0.9290003024430675
3211,dna-private,20,16,4,8052,759,0.3770491803278688,-1.4071753815058734,0.08818066269357304,0.8,0.2,0.2795489730786403
3212,dna-private,40,35,5,8033,758,0.6605253330013694,-0.5983142009480645,0.38935598611324007,0.875,0.125,0.7119955431576628
3213,dna-private,30,27,3,8041,760,0.8506404676035318,-0.2333786048164745,0.741081562259439,0.9,0.1,0.9438302915568327
3214,dna-private,39,33,6,8035,757,0.518170504044804,-0.948501199939427,0.1450506897729793,0.8461538461538461,0.15384615384615385,0.3938876489524869
3215,prot-private,50,50,0,8018,763,9.61694830703997,3.265579164186367,0.020110596082810114,1.0,0.0,0.0996304760065822
3217,dna-private,15,11,4,8057,759,0.2590604443341194,-1.948639346137071,0.03492376050102878,0.7333333333333333,0.26666666666666666,0.1468429529409219
3218,prot-private,36,32,4,8036,759,0.7555998008959681,-0.40430577331782563,0.5481765446359741,0.8888888888888888,0.1111111111111111,0.8608671951491409
3219,prot-private,15,13,2,8055,761,0.614090626939789,-0.7034765119492934,0.37647785138890716,0.8666666666666667,0.13333333333333333,0.701027723275896
3220,dna-private,82,77,5,7991,758,1.4607933925666374,0.5467521448782942,0.5527802898103589,0.9390243902439024,0.06097560975609756,0.8662974691057863
3221,prot-private,27,27,0,8041,763,5.221973512404402,2.384595139837708,0.16501930565629472,1.0,0.0,0.42841550506922665
3222,dna-private,132,125,7,7943,756,1.6996097192496538,0.7652034988657339,0.21050192105124277,0.946969696969697,0.05303030303030303,0.49903027017397994
3223,dna-private,43,38,5,8030,758,0.7174097135740971,-0.47913081567736204,0.41632227297583635,0.8837209302325582,0.11627906976744186,0.7329754037487943
3224,dna-private,18,14,4,8054,759,0.3298361062825925,-1.6001787594726835,0.06376998954225302,0.7777777777777778,0.2222222222222222,0.2249783146539184
3225,dna-private,14,11,3,8057,760,0.34586901659012864,-1.5317023139427457,0.1142871290727978,0.7857142857142857,0.21428571428571427,0.3309938352826966
3226,dna-private,36,35,1,8033,762,3.3200547740570148,1.731207043261528,0.3656725407212863,0.9722222222222222,0.027777777777777776,0.6935485217894943
3227,prot-private,187,186,1,7882,762,17.9817305252474,4.16845996446352,1.159294923727548e-06,0.9946524064171123,0.0053475935828877,2.716921081614531e-05
3228,dna-private,34,24,10,8044,753,0.22466434609646943,-2.15415690579963,0.0004207822914880976,0.7058823529411765,0.29411764705882354,0.004637192600072913
3229,dna-private,191,154,37,7914,726,0.3818207897055509,-1.3890324369109985,2.592251757776524e-06,0.806282722513089,0.193717277486911,5.4741405834610394e-05
3230,dna-private,17,12,5,8056,758,0.22581926514399206,-2.146759524001899,0.0122129485169433,0.7058823529411765,0.29411764705882354,0.06900589744999354
3231,prot-private,15,14,1,8054,762,1.3245592252296996,0.40551235260517215,1.0,0.9333333333333333,0.06666666666666667,1.0
3232,dna-private,17,13,4,8055,759,0.3062383612662942,-1.7072730800373728,0.053095201205350134,0.7647058823529411,0.23529411764705882,0.19750641493945995
3233,prot-private,12,11,1,8057,762,1.0403375946382027,0.05705176594078467,1.0,0.9166666666666666,0.08333333333333333,1.0
3234,prot-private,11,11,0,8057,763,2.179398076326404,1.1239297349069568,0.6147434751291604,1.0,0.0,0.8877285057891666
3235,dna-private,123,116,7,7952,756,1.5754527162977867,0.6557664557287545,0.3297031781175678,0.943089430894309,0.056910569105691054,0.6484276864122821
3236,dna-private,89,82,7,7986,756,1.1089406461307287,0.14918215014850422,1.0,0.9213483146067416,0.07865168539325842,1.0
3237,prot-private,14,13,1,8055,762,1.2297951582867783,0.29841803204048295,1.0,0.9285714285714286,0.07142857142857142,1.0
3238,prot-private,22,21,1,8047,762,1.988567167888654,0.9917292929167254,1.0,0.9545454545454546,0.045454545454545456,1.0
3239,dna-private,78,65,13,8003,750,0.4685742846432588,-1.0936503136176725,0.022591224402937187,0.8333333333333334,0.16666666666666666,0.10687713171852636
3240,dna-private,11,8,3,8060,760,0.25144747725392885,-1.9916710158055382,0.06272898865567579,0.7272727272727273,0.2727272727272727,0.2222264077961148
3241,dna-private,109,85,24,7983,739,0.3278581569167815,-1.6088563061806798,1.4340442470597708e-05,0.7798165137614679,0.22018348623853212,0.0002452799662391825
3242,prot-private,30,25,5,8043,758,0.4712172075096357,-1.0855358716452634,0.1780799653288134,0.8333333333333334,0.16666666666666666,0.4463808149488824
3244,dna-private,92,83,9,7985,754,0.8708272455298128,-0.19954154912531832,0.7072579604608249,0.9021739130434783,0.09782608695652174,0.929036603167421
3245,dna-private,65,63,2,8005,761,2.9945658963148034,1.5823468795998428,0.12266521010967323,0.9692307692307692,0.03076923076923077,0.349085140236556
3246,dna-private,61,57,4,8011,759,1.3501123455249033,0.4330794617856945,0.8177044872896894,0.9344262295081968,0.06557377049180328,0.9925892620279465
3247,dna-private,45,38,7,8030,756,0.5110834371108344,-0.9683692567976228,0.10628230294690233,0.8444444444444444,0.15555555555555556,0.3164548857322689
3248,dna-private,44,41,3,8027,760,1.2939661974170509,0.37179992996121036,1.0,0.9318181818181818,0.06818181818181818,1.0
3249,dna-private,145,141,4,7927,759,3.375141920020184,1.7549481667574218,0.006817717857193658,0.9724137931034482,0.027586206896551724,0.044801383001863065
3250,dna-private,41,37,4,8031,759,0.8742062009712365,-0.19395448331751783,0.7777676696173981,0.9024390243902439,0.0975609756097561,0.9693246921047691
3251,dna-private,27,25,2,8043,761,1.1827054581623773,0.2420908285745528,1.0,0.9259259259259259,0.07407407407407407,1.0
3252,prot-private,12,12,0,8056,763,2.369204989759821,1.2444030296948858,0.6160300460842021,1.0,0.0,0.8877285057891666
3253,dna-private,359,340,19,7728,744,1.7227852239293886,0.7847428549663744,0.020837900321569645,0.947075208913649,0.052924791086350974,0.10125743597591168
3254,dna-private,57,44,13,8024,750,0.31635861645831737,-1.6603672047327322,0.0009225611924841522,0.7719298245614035,0.22807017543859648,0.009011062810310324
3255,dna-private,48,46,2,8022,761,2.181874844178509,1.1255683487460493,0.43485333151682726,0.9583333333333334,0.041666666666666664,0.7509116460180937
3256,prot-private,454,439,15,7629,748,2.8695067068641587,1.520802746403214,6.504021888541394e-06,0.9669603524229075,0.03303964757709251,0.0001235437323552084
3257,prot-private,38,37,1,8031,762,3.5106462457975347,1.811736628760338,0.2528650305028388,0.9736842105263158,0.02631578947368421,0.5502139965319901
3258,prot-private,272,268,4,7800,759,6.519615384615385,2.704786857236266,8.04709335125652e-07,0.9852941176470589,0.014705882352941176,1.9881054161927874e-05
3259,dna-private,77,66,11,8002,752,0.5638590352411897,-0.8265935609468082,0.09802378585882451,0.8571428571428571,0.14285714285714285,0.3014889426740087
3260,dna-private,43,39,4,8029,759,0.9216901233030266,-0.11764630379571438,0.7852915920495436,0.9069767441860465,0.09302325581395349,0.973246628835172
3261,dna-private,53,50,3,8018,760,1.5797788309636651,0.6597225952337458,0.6235153699202394,0.9433962264150944,0.05660377358490566,0.8877285057891666
3262,dna-private,19,17,2,8051,761,0.8034405663892684,-0.3157367887801676,0.677113499984792,0.8947368421052632,0.10526315789473684,0.9096240285714047
3263,dna-private,60,52,8,8016,755,0.6122130738522954,-0.7078942408416751,0.2418554906702558,0.8666666666666667,0.13333333333333333,0.5452454052117999
3264,dna-private,278,266,12,7802,751,2.1337050328975478,1.0933607492697432,0.0064885378817192306,0.9568345323741008,0.04316546762589928,0.04333334486377861
3265,prot-private,501,485,16,7583,747,2.98607905842015,1.5782523622845133,1.024818062968622e-06,0.9680638722554891,0.031936127744510975,2.4673963554276375e-05
3266,dna-private,88,75,13,7993,750,0.5413390562896381,-0.8853956161592059,0.05324313143473801,0.8522727272727273,0.14772727272727273,0.19750641493945995
3267,prot-private,129,122,7,7946,756,1.6581928014095142,0.7296117616382559,0.266205284467266,0.9457364341085271,0.05426356589147287,0.5678645458726103
3268,prot-private,23,23,0,8045,763,4.460195140140451,2.157106831570286,0.2566084918038831,1.0,0.0,0.552695213116056
3269,dna-private,144,133,11,7935,752,1.1458555307326574,0.1964251608189855,0.7659950618219993,0.9236111111111112,0.0763888888888889,0.9627088941327722
3270,dna-private,38,37,1,8031,762,3.5106462457975347,1.811736628760338,0.2528650305028388,0.9736842105263158,0.02631578947368421,0.5502139965319901
3271,dna-private,33,25,8,8043,755,0.29334514484645036,-1.7693289807165513,0.005919127913832364,0.7575757575757576,0.24242424242424243,0.0402415530832488
3272,prot-private,11,10,1,8058,762,0.9456440804169769,-0.08063080776791416,1.0,0.9090909090909091,0.09090909090909091,1.0
3274,dna-private,10,7,3,8061,760,0.21998924864574287,-2.1844950770669267,0.04865901572148691,0.7,0.3,0.18597682449668407
3275,dna-private,15,11,4,8057,759,0.2590604443341194,-1.948639346137071,0.03492376050102878,0.7333333333333333,0.26666666666666666,0.1468429529409219
3276,dna-private,45,42,3,8026,760,1.3256915026164964,0.40674508960855665,1.0,0.9333333333333333,0.06666666666666667,1.0
3277,dna-private,59,57,2,8011,761,2.707339907627013,1.4368760298737735,0.2386021978668214,0.9661016949152542,0.03389830508474576,0.5420170119811207
3278,prot-private,13,11,2,8057,761,0.5194861611021472,-0.9448427780489919,0.31132490475252955,0.8461538461538461,0.15384615384615385,0.6226498095050591
3279,dna-private,12,11,1,8057,762,1.0403375946382027,0.05705176594078467,1.0,0.9166666666666666,0.08333333333333333,1.0
3280,dna-private,49,41,8,8027,755,0.482044973215398,-1.0527603434361401,0.06883674654688149,0.8367346938775511,0.16326530612244897,0.23871825866716698
3281,dna-private,17,11,6,8057,757,0.17225187207811013,-2.537408432287962,0.002198420530932623,0.6470588235294118,0.35294117647058826,0.018304029971201136
3282,dna-private,45,40,5,8028,758,0.7553562531141006,-0.4047708631915255,0.5891647220141945,0.8888888888888888,0.1111111111111111,0.8877285057891666
3283,dna-private,101,95,6,7973,757,1.5033028136627786,0.5881356438298074,0.47346495643169106,0.9405940594059405,0.0594059405940594,0.7863345937222286
3284,prot-private,16,16,0,8052,763,3.1289040670599193,1.6456574258851278,0.3903018394628883,1.0,0.0,0.7119955431576628
3286,dna-private,52,40,12,8028,751,0.3118252781929912,-1.6811902096821392,0.0012885124084859281,0.7692307692307693,0.23076923076923078,0.012146077067523214
3287,prot-private,35,32,3,8036,760,1.0087937614070017,0.012631258876499603,1.0,0.9142857142857143,0.08571428571428572,1.0
3288,dna-private,87,82,5,7986,758,1.5566240921612822,0.638420591268765,0.44262248489451633,0.9425287356321839,0.05747126436781609,0.7581782814990148
3289,dna-private,63,54,9,8014,754,0.564512103818318,-0.8249235804409775,0.11363096042094702,0.8571428571428571,0.14285714285714285,0.3309938352826966
3290,prot-private,47,43,4,8025,759,1.016728971962617,0.02393515322053655,1.0,0.9148936170212766,0.0851063829787234,1.0
3291,dna-private,33,26,7,8042,756,0.3491668739119622,-1.5180114004957996,0.02045338416886959,0.7878787878787878,0.21212121212121213,0.100669000206155
3292,prot-private,19,14,5,8054,758,0.2635212316861187,-1.9240088916044207,0.019870482712073607,0.7368421052631579,0.2631578947368421,0.09882950612057663
3293,dna-private,88,85,3,7983,760,2.6973986387740614,1.431568748004117,0.08548936051070855,0.9659090909090909,0.03409090909090909,0.27637194681185406
3294,dna-private,40,37,3,8031,760,1.167143983729714,0.2229825488768074,1.0,0.925,0.075,1.0
3295,dna-private,129,117,12,7951,751,0.9209218966167778,-0.1188492883445674,0.7518471419756476,0.9069767441860465,0.09302325581395349,0.9524232368750051
3296,dna-private,18,17,1,8051,762,1.6089926717177991,0.6861577552096091,1.0,0.9444444444444444,0.05555555555555555,1.0
3297,dna-private,49,44,5,8024,758,0.8313060817547357,-0.26654832869115413,0.6108372502750749,0.8979591836734694,0.10204081632653061,0.8877285057891666
3298,prot-private,111,104,7,7964,756,1.4103465595178302,0.496049714584058,0.4954635866367412,0.9369369369369369,0.06306306306306306,0.8114611600896369
3299,dna-private,33,27,6,8041,757,0.42364133814202215,-1.2390847231616906,0.0604842771490088,0.8181818181818182,0.18181818181818182,0.21836730432020368
3300,dna-private,14,11,3,8057,760,0.34586901659012864,-1.5317023139427457,0.1142871290727978,0.7857142857142857,0.21428571428571427,0.3309938352826966
3301,prot-private,36,33,3,8035,760,1.0404480398257623,0.05720491840578896,1.0,0.9166666666666666,0.08333333333333333,1.0
3302,dna-private,55,55,0,8013,763,10.575715979284956,3.4026834324451474,0.013389411203953617,1.0,0.0,0.07410245146551196
3303,prot-private,11,11,0,8057,763,2.179398076326404,1.1239297349069568,0.6147434751291604,1.0,0.0,0.8877285057891666
3305,dna-private,77,71,6,7997,757,1.120149222625151,0.16369093621236583,1.0,0.922077922077922,0.07792207792207792,1.0
3306,dna-private,418,395,23,7673,740,1.6562877169521586,0.7279533079611005,0.01991680007416708,0.9449760765550239,0.05502392344497608,0.09892970339073792
3307,dna-private,44,39,5,8029,758,0.736380620251588,-0.44147643592745134,0.42666670038808,0.8863636363636364,0.11363636363636363,0.7456311268917903
3308,prot-private,19,18,1,8050,762,1.7038509316770187,0.7687991210462928,1.0,0.9473684210526315,0.05263157894736842,1.0
3309,dna-private,41,32,9,8036,754,0.33360986671091203,-1.5837661369069398,0.00720076367955866,0.7804878048780488,0.21951219512195122,0.046212031763551334
3310,prot-private,206,203,3,7865,760,6.538673447764356,2.708997974491919,2.291965566848271e-05,0.9854368932038835,0.014563106796116505,0.00036710295943586714
3311,dna-private,35,33,2,8035,761,1.5627255756067207,0.6440644542995428,0.7653062546149721,0.9428571428571428,0.05714285714285714,0.9627088941327722
3312,dna-private,300,288,12,7780,751,2.3167095115681233,1.2120771583618737,0.002261706551402681,0.96,0.04,0.018666486384939156
3313,prot-private,296,283,13,7785,750,2.0972283978064326,1.068483986107634,0.005973924915279052,0.956081081081081,0.04391891891891892,0.040323993178133594
3315,dna-private,42,40,2,8028,761,1.8958644743398108,0.9228558370282908,0.5796119669598028,0.9523809523809523,0.047619047619047616,0.8877285057891666
3316,dna-private,48,37,11,8031,752,0.3149613429777793,-1.6667533256926441,0.0021549755674024657,0.7708333333333334,0.22916666666666666,0.018061657748960798
3317,prot-private,37,36,1,8032,762,3.4153386454183265,1.7720286349848624,0.37004759409297505,0.972972972972973,0.02702702702702703,0.696950625645962
3318,dna-private,110,105,5,7963,758,1.9989953535099836,0.9992751186678858,0.16855363333977505,0.9545454545454546,0.045454545454545456,0.4340141239947886
3319,dna-private,176,168,8,7900,755,2.0069620253164557,1.005013319039374,0.056284983883195916,0.9545454545454546,0.045454545454545456,0.20716381604525858
3320,dna-private,19,16,3,8052,760,0.5033946017552575,-0.990238349311548,0.22277766157339868,0.8421052631578947,0.15789473684210525,0.5159923779089749
3321,dna-private,104,103,1,7965,762,9.853860640301319,3.3006890682638685,0.0013609141849013555,0.9903846153846154,0.009615384615384616,0.012657414008470815
3322,dna-private,48,43,5,8025,758,0.8123115264797508,-0.2998949789112005,0.6046146557937583,0.8958333333333334,0.10416666666666667,0.8877285057891666
3323,dna-private,19,17,2,8051,761,0.8034405663892684,-0.3157367887801676,0.677113499984792,0.8947368421052632,0.10526315789473684,0.9096240285714047
3326,dna-private,32,28,4,8040,759,0.6608208955223881,-0.5976687885932205,0.3527235621150381,0.875,0.125,0.677143252816071
3327,dna-private,122,98,24,7970,739,0.3786177331660393,-1.4011861113376312,0.00011432859716979176,0.8032786885245902,0.19672131147540983,0.0015379434067680174
3329,dna-private,31,29,2,8039,761,1.3726209727578056,0.4569333034066387,1.0,0.9354838709677419,0.06451612903225806,1.0
3330,dna-private,60,53,7,8015,756,0.7141609482220836,-0.48567884831524255,0.35757524898910664,0.8833333333333333,0.11666666666666667,0.684718561894034
3331,dna-private,168,145,23,7923,740,0.5888195621992108,-0.7641024924140155,0.025520162150880807,0.8630952380952381,0.13690476190476192,0.11707064676010856
3332,dna-private,31,29,2,8039,761,1.3726209727578056,0.4569333034066387,1.0,0.9354838709677419,0.06451612903225806,1.0
3333,dna-private,104,88,16,7980,747,0.5148496240601503,-0.9577769796831739,0.020968736314521813,0.8461538461538461,0.15384615384615385,0.10125743597591168
3334,prot-private,69,67,2,8001,761,3.186289213848269,1.6718772236892354,0.1264792391938525,0.9710144927536232,0.028985507246376812,0.35572286023271016
3335,dna-private,35,34,1,8034,762,3.224794622852875,1.6892072826981948,0.3624586490896934,0.9714285714285714,0.02857142857142857,0.6895287838747061
3336,dna-private,12,9,3,8059,760,0.2829135128427845,-1.8215670088364881,0.07844382615057613,0.75,0.25,0.2596476907611014
3337,dna-private,43,37,6,8031,757,0.5812684182127589,-0.7827235694684087,0.2664842551043347,0.8604651162790697,0.13953488372093023,0.5681390210346222
3338,prot-private,25,24,1,8044,762,2.2734957732471406,1.1849123219091262,0.7193889252568892,0.96,0.04,0.929036603167421
3339,dna-private,10,10,0,8058,763,1.9896382701495317,0.9925061627800148,1.0,1.0,0.0,1.0
3340,dna-private,43,41,2,8027,761,1.943503176778373,0.9586594658549641,0.582055335925062,0.9534883720930233,0.046511627906976744,0.8877285057891666
3342,dna-private,62,56,6,8012,757,0.8818439008154435,-0.1814047944905281,0.6540274862699829,0.9032258064516129,0.0967741935483871,0.89997229635986
3343,dna-private,117,109,8,7959,755,1.2924833521799222,0.3701456980395157,0.6186858084432021,0.9316239316239316,0.06837606837606838,0.8877285057891666
3344,prot-private,11,10,1,8058,762,0.9456440804169769,-0.08063080776791416,1.0,0.9090909090909091,0.09090909090909091,1.0
3347,prot-private,25,24,1,8044,762,2.2734957732471406,1.1849123219091262,0.7193889252568892,0.96,0.04,0.929036603167421
3348,prot-private,15,13,2,8055,761,0.614090626939789,-0.7034765119492934,0.37647785138890716,0.8666666666666667,0.13333333333333333,0.701027723275896
3349,dna-private,53,49,4,8019,759,1.1594650205761317,0.21345929656644014,1.0,0.9245283018867925,0.07547169811320754,1.0
3350,dna-private,27,24,3,8044,760,0.7558428642466435,-0.40384175797440397,0.5034960913993611,0.8888888888888888,0.1111111111111111,0.819291961037273
3351,prot-private,21,20,1,8048,762,1.893638170974155,0.9211606925751572,1.0,0.9523809523809523,0.047619047619047616,1.0
3352,dna-private,18,17,1,8051,762,1.6089926717177991,0.6861577552096091,1.0,0.9444444444444444,0.05555555555555555,1.0
3353,dna-private,179,152,27,7916,736,0.5234218554077068,-0.9339539297103824,0.0042644899135512015,0.8491620111731844,0.15083798882681565,0.030821743543448455
3354,prot-private,145,142,3,7926,760,4.53864917150307,2.18226297514649,0.0024067483894663973,0.9793103448275862,0.020689655172413793,0.019691577731997794
3355,dna-private,125,125,0,7943,763,24.125196701705796,4.592468800145535,1.7635706978748137e-05,1.0,0.0,0.0002923814578055612
3356,dna-private,22,20,2,8048,761,0.9455765407554672,-0.08073385141461938,0.7149840631017713,0.9090909090909091,0.09090909090909091,0.929036603167421
3357,prot-private,13,13,0,8055,763,2.5590590279932965,1.3556134253808918,0.6199739488311733,1.0,0.0,0.8877285057891666
3358,prot-private,17,17,0,8051,763,3.3189467801030865,1.7307254957322895,0.3917859073460155,1.0,0.0,0.7119955431576628
3359,prot-private,15,14,1,8054,762,1.3245592252296996,0.40551235260517215,1.0,0.9333333333333333,0.06666666666666667,1.0
3360,dna-private,26,23,3,8045,760,0.7242593743525999,-0.4654216419440042,0.48773304782795196,0.8846153846153846,0.11538461538461539,0.801927325267359
3361,dna-private,18,18,0,8050,763,3.509036705794671,1.8110750389315806,0.39580838671128105,1.0,0.0,0.7127945220431836
3364,dna-private,42,28,14,8040,749,0.186318407960199,-2.42415787760754,6.118458461139249e-06,0.6666666666666666,0.3333333333333333,0.00011739986285840793
3365,dna-private,42,40,2,8028,761,1.8958644743398108,0.9228558370282908,0.5796119669598028,0.9523809523809523,0.047619047619047616,0.8877285057891666
3366,prot-private,27,24,3,8044,760,0.7558428642466435,-0.40384175797440397,0.5034960913993611,0.8888888888888888,0.1111111111111111,0.819291961037273
3367,dna-private,18,16,2,8052,761,0.7560854446100348,-0.40337881341779425,0.6651558352122813,0.8888888888888888,0.1111111111111111,0.901825343293552
3368,prot-private,12,11,1,8057,762,1.0403375946382027,0.05705176594078467,1.0,0.9166666666666666,0.08333333333333333,1.0
3369,dna-private,53,46,7,8022,756,0.6192969334330591,-0.6912967925940274,0.2194947463373195,0.8679245283018868,0.1320754716981132,0.5153354914006631
3370,dna-private,79,71,8,7997,755,0.8378923346254845,-0.2551632188397684,0.5497172254284567,0.8987341772151899,0.10126582278481013,0.8622120797176624
3371,dna-private,138,134,4,7934,759,3.204751701537686,1.6802125837279582,0.013303040841933806,0.9710144927536232,0.028985507246376812,0.07405816551179645
3373,dna-private,23,19,4,8049,759,0.44791278419679464,-1.1587102511226255,0.13180999755492595,0.8260869565217391,0.17391304347826086,0.36608507770581933
3374,dna-private,37,34,3,8034,760,1.0721101983237906,0.10045320281466442,1.0,0.918918918918919,0.08108108108108109,1.0
3375,dna-private,169,162,7,7906,756,2.213002782696686,1.1460052652284796,0.03675058918008168,0.9585798816568047,0.04142011834319527,0.1534996984538218
3377,dna-private,61,54,7,8014,756,0.7277264786623409,-0.45853179010386097,0.36524814508200953,0.8852459016393442,0.11475409836065574,0.6935485217894943
3378,dna-private,103,93,10,7975,753,0.8781065830721003,-0.18753203264699683,0.7226398314669662,0.9029126213592233,0.0970873786407767,0.9305319614955339
3379,prot-private,10,9,1,8059,762,0.8509740662613228,-0.2328129289529579,0.59509736615207,0.9,0.1,0.8877285057891666
3380,dna-private,111,94,17,7974,746,0.517298868381062,-0.9509300593147949,0.016900890356184223,0.8468468468468469,0.15315315315315314,0.08787533087534576
3381,prot-private,78,72,6,7996,757,1.1360680340170084,0.18404923396226008,1.0,0.9230769230769231,0.07692307692307693,1.0
3382,dna-private,39,34,5,8034,758,0.6415733134179736,-0.640313961511398,0.3819673631645426,0.8717948717948718,0.1282051282051282,0.7088054161816254
3383,dna-private,19,18,1,8050,762,1.7038509316770187,0.7687991210462928,1.0,0.9473684210526315,0.05263157894736842,1.0
3384,dna-private,24,23,1,8045,762,2.1784959602237413,1.1233324379395262,0.7174205323835983,0.9583333333333334,0.041666666666666664,0.929036603167421
3385,dna-private,46,39,7,8029,756,0.5245983310499439,-0.9307148770477123,0.11342007414662528,0.8478260869565217,0.15217391304347827,0.3309938352826966
3386,prot-private,15,14,1,8054,762,1.3245592252296996,0.40551235260517215,1.0,0.9333333333333333,0.06666666666666667,1.0
3387,dna-private,319,304,15,7764,748,1.9525330585608793,0.96534697500904,0.008142730063080805,0.9529780564263323,0.047021943573667714,0.051384840798740304
3388,dna-private,28,24,4,8044,759,0.5661362506215813,-0.8207787901687292,0.2985886706930741,0.8571428571428571,0.14285714285714285,0.6074624193863403
3389,dna-private,144,124,20,7944,743,0.579884189325277,-0.7861632914902648,0.03444410803001978,0.8611111111111112,0.1388888888888889,0.14612651891523543
3390,dna-private,354,318,36,7750,727,0.8286236559139785,-0.27121108728732496,0.28828430936445104,0.8983050847457628,0.1016949152542373,0.5909515669184516
3391,prot-private,19,16,3,8052,760,0.5033946017552575,-0.990238349311548,0.22277766157339868,0.8421052631578947,0.15789473684210525,0.5159923779089749
3392,dna-private,88,83,5,7985,758,1.5758046336881653,0.6560886823320591,0.44365265870577075,0.9431818181818182,0.056818181818181816,0.7581782814990148
3393,dna-private,30,24,6,8044,757,0.37642963699651916,-1.40954787631962,0.040320928311090076,0.8,0.2,0.16657170384253606
3394,dna-private,17,16,1,8052,762,1.5141579731743666,0.5985157305719824,1.0,0.9411764705882353,0.058823529411764705,1.0
3395,dna-private,47,46,1,8022,762,4.369483919222139,2.127462892735826,0.18434086421492807,0.9787234042553191,0.02127659574468085,0.4599395820016027
3396,dna-private,43,41,2,8027,761,1.943503176778373,0.9586594658549641,0.582055335925062,0.9534883720930233,0.046511627906976744,0.8877285057891666
3397,dna-private,54,53,1,8015,762,5.038802245789145,2.3330808370146108,0.08615635555748988,0.9814814814814815,0.018518518518518517,0.27669585727044327
3398,prot-private,94,89,5,7979,758,1.690988845720015,0.7578671433212295,0.3531077266947415,0.9468085106382979,0.05319148936170213,0.677536653251839
3399,dna-private,54,53,1,8015,762,5.038802245789145,2.3330808370146108,0.08615635555748988,0.9814814814814815,0.018518518518518517,0.27669585727044327
3400,dna-private,576,554,22,7514,741,2.4833280905945267,1.312274879075954,3.635066207475732e-06,0.9618055555555556,0.03819444444444445,7.347887841849341e-05
3401,dna-private,43,39,4,8029,759,0.9216901233030266,-0.11764630379571438,0.7852915920495436,0.9069767441860465,0.09302325581395349,0.973246628835172
3402,dna-private,115,81,34,7987,729,0.21744526031271405,-2.2012758323850634,6.637170062146923e-11,0.7043478260869566,0.2956521739130435,4.046532715308931e-09
3403,dna-private,36,30,6,8038,757,0.4708882806668325,-1.0865432771856511,0.12407763485417378,0.8333333333333334,0.16666666666666666,0.35027144118653986
3404,prot-private,16,13,3,8055,760,0.40885578315745913,-1.2903360478430472,0.15504769204284768,0.8125,0.1875,0.4121520927721268
3406,dna-private,33,28,5,8040,758,0.5279601990049752,-0.9214989207249574,0.20188821211829633,0.8484848484848485,0.15151515151515152,0.4854563879180408
3407,dna-private,45,44,1,8024,762,4.178464606181455,2.0629729155184386,0.17885039981340076,0.9777777777777777,0.022222222222222223,0.44742191349745525
3408,dna-private,17,11,6,8057,757,0.17225187207811013,-2.537408432287962,0.002198420530932623,0.6470588235294118,0.35294117647058826,0.018304029971201136
3409,dna-private,98,94,4,7974,759,2.236832204665162,1.161457037095773,0.14433155435520692,0.9591836734693877,0.04081632653061224,0.3933477112203909
3410,dna-private,186,170,16,7898,747,1.0049221321853634,0.00708371646659032,1.0,0.9139784946236559,0.08602150537634409,1.0
3411,dna-private,27,17,10,8051,753,0.15899888212644392,-2.6529114724991474,4.7269276037530105e-05,0.6296296296296297,0.37037037037037035,0.0007118639976966685
3412,dna-private,16,12,4,8056,759,0.2826464746772592,-1.8229293918701623,0.04347584763160735,0.75,0.25,0.1720824126151579
3413,dna-private,42,42,0,8026,763,8.085404597271538,3.0153199686120344,0.047577918521787874,1.0,0.0,0.18351482858403895
3414,dna-private,311,284,27,7784,736,0.9945567355639298,-0.007874421382885218,0.9184326442531265,0.9131832797427653,0.08681672025723473,1.0
3415,dna-private,189,182,7,7886,756,2.492518387014963,1.3176041472543483,0.012155168804819563,0.9629629629629629,0.037037037037037035,0.06900589744999354
3416,prot-private,16,11,5,8057,758,0.20697530098051384,-2.2724694782688077,0.0092674991092931,0.6875,0.3125,0.05686874453429857
3417,dna-private,79,73,6,7995,757,1.1519908276005837,0.2041292297768983,1.0,0.9240506329113924,0.0759493670886076,1.0
3418,dna-private,53,52,1,8016,762,4.9431137724550895,2.3054201124392057,0.08570192744399394,0.9811320754716981,0.018867924528301886,0.27637194681185406
3419,dna-private,147,126,21,7942,742,0.5605640896499622,-0.8350487681825088,0.024675490212180344,0.8571428571428571,0.14285714285714285,0.11444583190434565
3420,dna-private,18,16,2,8052,761,0.7560854446100348,-0.40337881341779425,0.6651558352122813,0.8888888888888888,0.1111111111111111,0.901825343293552
3421,dna-private,33,28,5,8040,758,0.5279601990049752,-0.9214989207249574,0.20188821211829633,0.8484848484848485,0.15151515151515152,0.4854563879180408
3422,dna-private,14,9,5,8059,758,0.1693014021590768,-2.562334173162551,0.004911449152307102,0.6428571428571429,0.35714285714285715,0.03444392912007578
3424,prot-private,141,140,1,7928,762,13.456104944500504,3.7501889572518,6.072065441140762e-05,0.9929078014184397,0.0070921985815602835,0.0008899104151721465
3425,dna-private,50,40,10,8028,753,0.375186846038864,-1.4143188466906889,0.009343947392703703,0.8,0.2,0.05705996953864297
3426,prot-private,11,10,1,8058,762,0.9456440804169769,-0.08063080776791416,1.0,0.9090909090909091,0.09090909090909091,1.0
3427,dna-private,53,47,6,8021,757,0.739288534264223,-0.43579055634829733,0.45863866272651665,0.8867924528301887,0.11320754716981132,0.771541675614701
3428,dna-private,40,37,3,8031,760,1.167143983729714,0.2229825488768074,1.0,0.925,0.075,1.0
3429,dna-private,23,18,5,8050,758,0.33898136645962734,-1.5607221231633,0.043210400933891426,0.782608695652174,0.21739130434782608,0.1720824126151579
3430,dna-private,11,11,0,8057,763,2.179398076326404,1.1239297349069568,0.6147434751291604,1.0,0.0,0.8877285057891666
3432,dna-private,193,185,8,7883,755,2.214813522770519,1.147185235529984,0.019642633369431565,0.9585492227979274,0.04145077720207254,0.09834325051185604
3433,dna-private,10,10,0,8058,763,1.9896382701495317,0.9925061627800148,1.0,1.0,0.0,1.0
3434,dna-private,16,15,1,8053,762,1.4193468272693406,0.5052271650451089,1.0,0.9375,0.0625,1.0
3435,dna-private,19,15,4,8053,759,0.3534397119086055,-1.5004639470327465,0.0754765246969675,0.7894736842105263,0.21052631578947367,0.25496091452594916
3436,dna-private,27,22,5,8046,758,0.41451652995277155,-1.2704984607046035,0.0781680204327629,0.8148148148148148,0.18518518518518517,0.2596476907611014
3437,dna-private,68,58,10,8010,753,0.5452434456928839,-0.8750275723839346,0.08144720239527756,0.8529411764705882,0.14705882352941177,0.26655448056636294
3438,prot-private,384,338,46,7730,717,0.6815512683503009,-0.5531059098851336,0.020216995098174505,0.8802083333333334,0.11979166666666667,0.10002649407211993
3439,dna-private,41,38,3,8030,760,1.198837691988377,0.2616363486487004,1.0,0.926829268292683,0.07317073170731707,1.0
3440,prot-private,90,87,3,7981,760,2.761558701917053,1.465482794823246,0.08653185958204973,0.9666666666666667,0.03333333333333333,0.2776658991682071
3441,dna-private,15,12,3,8056,760,0.37735849056603776,-1.4059923596758368,0.13412797121574013,0.8,0.2,0.36953624722703915
3442,prot-private,46,24,22,8044,741,0.10049274445097418,-3.314836751915659,3.202080491796802e-12,0.5217391304347826,0.4782608695652174,2.327666203652291e-10
3443,prot-private,39,36,3,8032,760,1.1354581673306774,0.18327455510133217,1.0,0.9230769230769231,0.07692307692307693,1.0
3444,dna-private,45,42,3,8026,760,1.3256915026164964,0.40674508960855665,1.0,0.9333333333333333,0.06666666666666667,1.0
3445,dna-private,34,26,8,8042,755,0.30511688634667994,-1.7125660684468271,0.007168036498602558,0.7647058823529411,0.23529411764705882,0.046212031763551334
3446,dna-private,44,29,15,8039,748,0.1798897043579218,-2.4748154758177887,2.062649664378404e-06,0.6590909090909091,0.3409090909090909,4.4553232750573526e-05
3448,dna-private,13,11,2,8057,761,0.5194861611021472,-0.9448427780489919,0.31132490475252955,0.8461538461538461,0.15384615384615385,0.6226498095050591
3449,dna-private,25,20,5,8048,758,0.37673956262425445,-1.4083605516344355,0.05921837402854664,0.8,0.2,0.21551594103444832
3450,prot-private,1189,1145,44,6923,719,2.702634827255656,1.4343665919695918,1.1212331552699362e-12,0.9629941126997477,0.03700588730025231,8.476522653840719e-11
3451,dna-private,71,67,4,8001,759,1.588957630296213,0.6680806556011564,0.5225147863081439,0.9436619718309859,0.056338028169014086,0.8347869367053186
3452,prot-private,11,11,0,8057,763,2.179398076326404,1.1239297349069568,0.6147434751291604,1.0,0.0,0.8877285057891666
3453,dna-private,10,9,1,8059,762,0.8509740662613228,-0.2328129289529579,0.59509736615207,0.9,0.1,0.8877285057891666
3454,dna-private,24,20,4,8048,759,0.47154572564612324,-1.0845304195026986,0.14800296197823892,0.8333333333333334,0.16666666666666666,0.3984695130183356
3455,dna-private,16,16,0,8052,763,3.1289040670599193,1.6456574258851278,0.3903018394628883,1.0,0.0,0.7119955431576628
3456,dna-private,11,10,1,8058,762,0.9456440804169769,-0.08063080776791416,1.0,0.9090909090909091,0.09090909090909091,1.0
3458,dna-private,29,27,2,8041,761,1.2776395970650416,0.3534809310772793,1.0,0.9310344827586207,0.06896551724137931,1.0
3459,dna-private,15,13,2,8055,761,0.614090626939789,-0.7034765119492934,0.37647785138890716,0.8666666666666667,0.13333333333333333,0.701027723275896
3460,prot-private,31,27,4,8041,759,0.637140902872777,-0.6503156370107998,0.33798369846811566,0.8709677419354839,0.12903225806451613,0.6610938379263273
3461,prot-private,40,28,12,8040,751,0.21795190713101162,-2.197918267215571,9.155357026948118e-05,0.7,0.3,0.001263038305177514
3462,dna-private,94,88,6,7980,757,1.391311612364244,0.4764455767921646,0.5787390675528147,0.9361702127659575,0.06382978723404255,0.8877285057891666
3463,dna-private,23,22,1,8046,762,2.08351976137211,1.059022783504989,0.716472396975913,0.9565217391304348,0.043478260869565216,0.929036603167421
3465,dna-private,29,24,5,8044,758,0.45231228244654403,-1.1446089223004663,0.09997958225541735,0.8275862068965517,0.1724137931034483,0.3040355130800467
3466,dna-private,11,9,2,8059,761,0.424928651197419,-1.2347074729427345,0.24486416172403402,0.8181818181818182,0.18181818181818182,0.5452454052117999
3467,dna-private,552,546,6,7522,757,9.15806966232385,3.1950435391441214,3.300391966793116e-15,0.9891304347826086,0.010869565217391304,3.564423324136565e-13
3468,dna-private,32,29,3,8039,760,0.9138781772193888,-0.12992623248711502,0.7536237834637938,0.90625,0.09375,0.9524232368750051
3469,dna-private,89,83,6,7985,757,1.3114381131287831,0.39114972831290523,0.7033722057021436,0.9325842696629213,0.06741573033707865,0.929036603167421
3470,dna-private,20,16,4,8052,759,0.3770491803278688,-1.4071753815058734,0.08818066269357304,0.8,0.2,0.2795489730786403
3471,dna-private,34,28,6,8040,757,0.4393864013266998,-1.1864378747441116,0.0683242507741826,0.8235294117647058,0.17647058823529413,0.23739107804074044
3472,dna-private,52,49,3,8019,760,1.5479901899654986,0.6303963287607656,0.6227523848035943,0.9423076923076923,0.057692307692307696,0.8877285057891666
3473,dna-private,31,28,3,8040,760,0.8822553897180763,-0.18073175639889522,0.7471571356606916,0.9032258064516129,0.0967741935483871,0.9483727242435912
3474,dna-private,86,85,1,7983,762,8.113491168733558,3.0203228278876475,0.006275297472063985,0.9883720930232558,0.011627906976744186,0.04205784475957777
3475,dna-private,76,58,18,8010,745,0.2996948259120544,-1.738433918261289,6.0739917226035395e-05,0.7631578947368421,0.23684210526315788,0.0008899104151721465
3476,dna-private,45,40,5,8028,758,0.7553562531141006,-0.4047708631915255,0.5891647220141945,0.8888888888888888,0.1111111111111111,0.8877285057891666
3477,dna-private,103,99,4,7969,759,2.357290751662693,1.2371297136632022,0.1089450184101308,0.9611650485436893,0.038834951456310676,0.3204763965683225
3478,dna-private,24,23,1,8045,762,2.1784959602237413,1.1233324379395262,0.7174205323835983,0.9583333333333334,0.041666666666666664,0.929036603167421
3479,prot-private,21,20,1,8048,762,1.893638170974155,0.9211606925751572,1.0,0.9523809523809523,0.047619047619047616,1.0
3480,prot-private,37,36,1,8032,762,3.4153386454183265,1.7720286349848624,0.37004759409297505,0.972972972972973,0.02702702702702703,0.696950625645962
3481,dna-private,17,12,5,8056,758,0.22581926514399206,-2.146759524001899,0.0122129485169433,0.7058823529411765,0.29411764705882354,0.06900589744999354
3482,prot-private,18,17,1,8051,762,1.6089926717177991,0.6861577552096091,1.0,0.9444444444444444,0.05555555555555555,1.0
3483,prot-private,168,148,20,7920,743,0.6942171717171717,-0.5265410436867883,0.12749074868142551,0.8809523809523809,0.11904761904761904,0.35803494057636587
3484,dna-private,34,29,5,8039,758,0.5468839407886553,-0.8706933968131773,0.21185425029248942,0.8529411764705882,0.14705882352941177,0.49903027017397994
3485,dna-private,46,43,3,8025,760,1.3574247144340603,0.4408721854148619,0.7950578534474642,0.9347826086956522,0.06521739130434782,0.9818428325039212
3486,dna-private,33,33,0,8035,763,6.366063095015867,2.670401455813828,0.11089073460605553,1.0,0.0,0.3251877244459968
3487,dna-private,103,102,1,7966,762,9.756967110218428,3.2864327651006313,0.002098185539659782,0.9902912621359223,0.009708737864077669,0.01780339183141612
3488,dna-private,95,91,4,7977,759,2.1646295599849568,1.1141201530353388,0.14199220016862635,0.9578947368421052,0.042105263157894736,0.3875310589439766
3489,prot-private,28,28,0,8040,763,5.412536533797649,2.436304857844131,0.16804864765234273,1.0,0.0,0.4333041528825754
3490,dna-private,40,35,5,8033,758,0.6605253330013694,-0.5983142009480645,0.38935598611324007,0.875,0.125,0.7119955431576628
3491,prot-private,22,21,1,8047,762,1.988567167888654,0.9917292929167254,1.0,0.9545454545454546,0.045454545454545456,1.0
3492,dna-private,33,23,10,8045,753,0.21527656929770045,-2.2157367897692297,0.0003215758942950651,0.696969696969697,0.30303030303030304,0.003728702087224988
3493,dna-private,18,16,2,8052,761,0.7560854446100348,-0.40337881341779425,0.6651558352122813,0.8888888888888888,0.1111111111111111,0.901825343293552
3494,prot-private,21,21,0,8047,763,4.079589934762349,2.028424145133909,0.25142759190310204,1.0,0.0,0.549679755577632
3495,dna-private,87,69,18,7999,745,0.3570237946409968,-1.4859078658246008,0.000377196868638387,0.7931034482758621,0.20689655172413793,0.004281694184543852
3496,dna-private,33,26,7,8042,756,0.3491668739119622,-1.5180114004957996,0.02045338416886959,0.7878787878787878,0.21212121212121213,0.100669000206155
3497,dna-private,57,43,14,8025,749,0.2866666666666667,-1.8025539357937828,0.00026214226112234406,0.7543859649122807,0.24561403508771928,0.003155725309052422
3498,dna-private,17,15,2,8053,761,0.7087420836955172,-0.49666737894466767,0.6538307945337098,0.8823529411764706,0.11764705882352941,0.89997229635986
3499,dna-private,33,27,6,8041,757,0.42364133814202215,-1.2390847231616906,0.0604842771490088,0.8181818181818182,0.18181818181818182,0.21836730432020368
3500,prot-private,376,357,19,7711,744,1.8129125173197551,0.8583093090456252,0.010914823882450131,0.949468085106383,0.05053191489361702,0.0647692845771766
3501,prot-private,177,148,29,7920,734,0.4729710902124695,-1.0801760916223815,0.0006481093496649807,0.8361581920903954,0.1638418079096045,0.006693588365392423
3502,prot-private,43,42,1,8026,762,3.9875404933964615,1.995499169492087,0.17691603473387985,0.9767441860465116,0.023255813953488372,0.4455313866049739
3503,dna-private,25,19,6,8049,757,0.29782167557046424,-1.7474793372735162,0.01735238107761688,0.76,0.24,0.08897013717321622
3504,dna-private,26,20,6,8048,757,0.31353545394300864,-1.673299505653589,0.020956108383636048,0.7692307692307693,0.23076923076923078,0.10125743597591168
3505,prot-private,12,12,0,8056,763,2.369204989759821,1.2444030296948858,0.6160300460842021,1.0,0.0,0.8877285057891666
3506,dna-private,48,37,11,8031,752,0.3149613429777793,-1.6667533256926441,0.0021549755674024657,0.7708333333333334,0.22916666666666666,0.018061657748960798
3507,dna-private,86,84,2,7984,761,4.003256513026052,2.0011740609450452,0.03220894949537195,0.9767441860465116,0.023255813953488372,0.1386672313126492
3508,dna-private,24,19,5,8049,758,0.3578581190209964,-1.4825403832543624,0.050845175438360646,0.7916666666666666,0.20833333333333334,0.19257992300300927
3509,prot-private,10,10,0,8058,763,1.9896382701495317,0.9925061627800148,1.0,1.0,0.0,1.0
3510,dna-private,41,35,6,8033,757,0.5497116062907175,-0.8632531549672186,0.16285314593579853,0.8536585365853658,0.14634146341463414,0.42631279012711215
3512,prot-private,57,57,0,8011,763,10.959558135180679,3.454117728127936,0.014331289327713263,1.0,0.0,0.07783372652120134
3513,dna-private,82,79,3,7989,760,2.5051111945591855,1.3248746418551243,0.11596812435603894,0.9634146341463414,0.036585365853658534,0.3334336119852689
3514,prot-private,339,336,3,7732,760,11.008794619762028,3.4605846081773164,3.295678794843572e-10,0.9911504424778761,0.008849557522123894,1.8054588180447395e-08
3515,dna-private,424,411,13,7657,750,3.096713916878472,1.630738108952281,3.3777101895571023e-06,0.9693396226415094,0.030660377358490566,6.976909571872048e-05
3516,prot-private,60,57,3,8011,760,1.802521532892273,0.8500164939800197,0.48531791239479105,0.95,0.05,0.7996956010690106
3517,dna-private,13,13,0,8055,763,2.5590590279932965,1.3556134253808918,0.6199739488311733,1.0,0.0,0.8877285057891666
3518,prot-private,53,45,8,8023,755,0.5293375296023931,-0.9177401513777539,0.132718692498908,0.8490566037735849,0.1509433962264151,0.3677981361040119
3519,prot-private,471,444,27,7624,736,1.5875014573860324,0.6667579163337084,0.018253118110834493,0.9426751592356688,0.05732484076433121,0.09211853999860399
3520,dna-private,12,9,3,8059,760,0.2829135128427845,-1.8215670088364881,0.07844382615057613,0.75,0.25,0.2596476907611014
3521,prot-private,27,24,3,8044,760,0.7558428642466435,-0.40384175797440397,0.5034960913993611,0.8888888888888888,0.1111111111111111,0.819291961037273
3522,dna-private,29,22,7,8046,756,0.2953020134228188,-1.7597369018248643,0.010096313083237895,0.7586206896551724,0.2413793103448276,0.06029077954919311
3523,dna-private,29,28,1,8040,762,2.653731343283582,1.4080223234846352,0.5101863863798867,0.9655172413793104,0.034482758620689655,0.8237951903101118
3524,prot-private,43,42,1,8026,762,3.9875404933964615,1.995499169492087,0.17691603473387985,0.9767441860465116,0.023255813953488372,0.4455313866049739
3525,dna-private,114,104,10,7964,753,0.9833249623304872,-0.024259827794844677,0.8675421542552232,0.9122807017543859,0.08771929824561403,1.0
3526,dna-private,32,29,3,8039,760,0.9138781772193888,-0.12992623248711502,0.7536237834637938,0.90625,0.09375,0.9524232368750051
3527,dna-private,54,51,3,8017,760,1.6115754022701758,0.6884716906849924,0.6248836820460282,0.9444444444444444,0.05555555555555555,0.8877285057891666
3528,dna-private,69,66,3,8002,760,2.0894776305923517,1.063142313622643,0.2800930951306937,0.9565217391304348,0.043478260869565216,0.578236974109242
3529,dna-private,25,21,4,8047,759,0.49518454082266683,-1.0139618191611302,0.2690266390706343,0.84,0.16,0.570342510200223
3530,dna-private,57,47,10,8021,753,0.44122927315796034,-1.180399585828307,0.028477046879191687,0.8245614035087719,0.17543859649122806,0.12723786903468626
3531,dna-private,38,36,2,8032,761,1.7054282868525896,0.7701340909950858,0.7693366757055152,0.9473684210526315,0.05263157894736842,0.9645415038696011
3532,dna-private,12,11,1,8057,762,1.0403375946382027,0.05705176594078467,1.0,0.9166666666666666,0.08333333333333333,1.0
3533,dna-private,101,94,7,7974,756,1.27313769751693,0.3483884638437752,0.7205000858329583,0.9306930693069307,0.06930693069306931,0.9295188820643627
3534,prot-private,17,16,1,8052,762,1.5141579731743666,0.5985157305719824,1.0,0.9411764705882353,0.058823529411764705,1.0
3535,dna-private,48,46,2,8022,761,2.181874844178509,1.1255683487460493,0.43485333151682726,0.9583333333333334,0.041666666666666664,0.7509116460180937
3536,dna-private,48,43,5,8025,758,0.8123115264797508,-0.2998949789112005,0.6046146557937583,0.8958333333333334,0.10416666666666667,0.8877285057891666
3537,prot-private,26,17,9,8051,754,0.1769000400226335,-2.4989937204573613,0.00020777740858706425,0.6538461538461539,0.34615384615384615,0.002600657630659281
3538,dna-private,11,11,0,8057,763,2.179398076326404,1.1239297349069568,0.6147434751291604,1.0,0.0,0.8877285057891666
3539,dna-private,110,107,3,7961,760,3.4049323786793955,1.7676261468680015,0.024517201234733235,0.9727272727272728,0.02727272727272727,0.11413179885134438
3540,dna-private,24,21,3,8047,760,0.6611159438299987,-0.5970247869668049,0.45796208248726505,0.875,0.125,0.771541675614701
3541,dna-private,44,37,7,8031,756,0.49757190885319386,-1.0070230565695157,0.09972989598360424,0.8409090909090909,0.1590909090909091,0.3040355130800467
3542,dna-private,12,12,0,8056,763,2.369204989759821,1.2444030296948858,0.6160300460842021,1.0,0.0,0.8877285057891666
3543,dna-private,39,39,0,8029,763,7.511862507005418,2.909170656937804,0.045813790596362584,1.0,0.0,0.17896552983628786
3544,dna-private,35,31,4,8037,759,0.7318962299365435,-0.4502889807611938,0.5400047448892422,0.8857142857142857,0.11428571428571428,0.8512168205510157
3545,dna-private,12,11,1,8057,762,1.0403375946382027,0.05705176594078467,1.0,0.9166666666666666,0.08333333333333333,1.0
3546,dna-private,21,18,3,8050,760,0.5664596273291925,-0.8199549588372377,0.42023358676848527,0.8571428571428571,0.14285714285714285,0.7371150617099185
3547,dna-private,43,36,7,8032,756,0.48406374501992033,-1.0467310503449911,0.09378022069229547,0.8372093023255814,0.16279069767441862,0.2915207518230895
3548,prot-private,24,16,8,8052,755,0.1875310481867859,-2.4147986227088984,0.0006289461776244801,0.6666666666666666,0.3333333333333333,0.006531364152254217
3549,dna-private,39,32,7,8036,756,0.4300647088103534,-1.2173743465698235,0.07633140016797835,0.8205128205128205,0.1794871794871795,0.25693026948794134
3550,dna-private,64,60,4,8008,759,1.4217032967032968,0.5076204121879914,0.6561070459326518,0.9375,0.0625,0.9008661945606334
3551,prot-private,150,120,30,7948,733,0.3688978359335682,-1.4387067691158584,1.1067638577282262e-05,0.8,0.2,0.0001936836751024396
3552,dna-private,108,102,6,7966,757,1.6154908360532263,0.6919725668718851,0.3029411465392229,0.9444444444444444,0.05555555555555555,0.6159308953501168
3553,dna-private,11,7,4,8061,759,0.16477484183103833,-2.601432109261252,0.011139087896983257,0.6363636363636364,0.36363636363636365,0.06558528387943413
3554,dna-private,111,86,25,7982,738,0.31805562515660235,-1.6526489925235022,6.241430945411867e-06,0.7747747747747747,0.22522522522522523,0.00011915459077604473
3555,dna-private,22,19,3,8049,760,0.598003892823125,-0.7417732189283001,0.43163260794238584,0.8636363636363636,0.13636363636363635,0.7488214573864685
3556,dna-private,151,134,17,7934,746,0.7411438485149543,-0.4321745126826097,0.24193686924793345,0.8874172185430463,0.11258278145695365,0.5452454052117999
3557,dna-private,11,6,5,8062,758,0.11282560158769536,-3.147833623846194,0.001411182035029074,0.5454545454545454,0.45454545454545453,0.01294725265148034
3559,prot-private,30,29,1,8039,762,2.7488493593730565,1.4588278473964156,0.5123772522077924,0.9666666666666667,0.03333333333333333,0.8255694856544993
3560,prot-private,13,12,1,8056,762,1.1350546176762661,0.18276172020769355,1.0,0.9230769230769231,0.07692307692307693,1.0
3562,dna-private,22,18,4,8050,759,0.42428571428571427,-1.236891991031563,0.11640137205561549,0.8181818181818182,0.18181818181818182,0.3334336119852689
3564,dna-private,497,487,10,7581,753,4.837237831420657,2.274183472200977,3.737250793783638e-10,0.9798792756539235,0.02012072434607646,1.9351791781509797e-08
3565,dna-private,53,50,3,8018,760,1.5797788309636651,0.6597225952337458,0.6235153699202394,0.9433962264150944,0.05660377358490566,0.8877285057891666
3566,dna-private,14,13,1,8055,762,1.2297951582867783,0.29841803204048295,1.0,0.9285714285714286,0.07142857142857142,1.0
3567,dna-private,58,42,16,8026,747,0.24431535011213557,-2.0331835852119977,2.0690456047519383e-05,0.7241379310344828,0.27586206896551724,0.0003371117407742382
3568,prot-private,14,14,0,8054,763,2.748960208579055,1.4588860238748205,0.6261069302735234,1.0,0.0,0.8877285057891666
3570,prot-private,136,134,2,7934,761,6.426392740105873,2.684009151816037,0.0009608737836393402,0.9852941176470589,0.014705882352941176,0.009289265734416128
3571,prot-private,44,41,3,8027,760,1.2939661974170509,0.37179992996121036,1.0,0.9318181818181818,0.06818181818181818,1.0
3575,dna-private,92,62,30,8006,733,0.18921642101757016,-2.40189079747537,5.97041113497225e-11,0.6739130434782609,0.32608695652173914,3.6996973918352633e-09
3576,dna-private,24,20,4,8048,759,0.47154572564612324,-1.0845304195026986,0.14800296197823892,0.8333333333333334,0.16666666666666666,0.3984695130183356
3577,dna-private,21,16,5,8052,758,0.3012419274714357,-1.7310055136376103,0.03013179244691118,0.7619047619047619,0.23809523809523808,0.13228591805961004
3578,prot-private,13,10,3,8058,760,0.31438735831885495,-1.6693848876514445,0.09567651131280328,0.7692307692307693,0.23076923076923078,0.29523037776522154
3579,dna-private,49,45,4,8023,759,1.0642839336906393,0.08988308982527116,1.0,0.9183673469387755,0.08163265306122448,1.0
3580,dna-private,42,41,1,8027,762,3.8921141148623395,1.9605540098447405,0.2616948784456305,0.9761904761904762,0.023809523809523808,0.5607728191846709
3581,dna-private,61,52,9,8016,754,0.5434686183189177,-0.8797313632277645,0.10406737816431574,0.8524590163934426,0.14754098360655737,0.31220213449294726
3582,dna-private,122,104,18,7964,745,0.5404877504325019,-0.8876661736721988,0.022044923257091287,0.8524590163934426,0.14754098360655737,0.10482567784514449
3583,prot-private,30,30,0,8038,763,5.793804814331032,2.5345110829272883,0.10648958059562064,1.0,0.0,0.3164548857322689
3584,shared,29,26,3,8042,760,0.8190334079416397,-0.2880057950494767,0.7354723604369783,0.896551724137931,0.10344827586206896,0.9398531177997896
3585,dna-private,38,29,9,8039,754,0.30222111650149963,-1.7263236282705547,0.004230570937681853,0.7631578947368421,0.23684210526315788,0.030635168859075485
3586,dna-private,56,50,6,8018,757,0.7867714309470358,-0.34598352311147046,0.48064110483545164,0.8928571428571429,0.10714285714285714,0.7956916669409964
3587,prot-private,71,70,1,7998,762,6.669167291822956,2.737506638628159,0.030033860272739563,0.9859154929577465,0.014084507042253521,0.13228591805961004
3588,dna-private,11,8,3,8060,760,0.25144747725392885,-1.9916710158055382,0.06272898865567579,0.7272727272727273,0.2727272727272727,0.2222264077961148
3589,dna-private,41,40,1,8028,762,3.796711509715994,1.9247503810180673,0.2578854518887244,0.975609756097561,0.024390243902439025,0.5551292757057963
3590,dna-private,47,43,4,8025,759,1.016728971962617,0.02393515322053655,1.0,0.9148936170212766,0.0851063829787234,1.0
3591,prot-private,47,38,9,8030,754,0.3964577279645773,-1.3347610471347393,0.01761232695346359,0.8085106382978723,0.19148936170212766,0.08984425895289119
3592,dna-private,49,39,10,8029,753,0.36576161414871095,-1.4510244194266149,0.00808309649861911,0.7959183673469388,0.20408163265306123,0.05109382067689002
3593,prot-private,17,14,3,8054,760,0.4403608972767155,-1.1832417272783582,0.17689465436516857,0.8235294117647058,0.17647058823529413,0.4455313866049739
3594,dna-private,90,83,7,7985,756,1.1226048841577958,0.16685024121179826,1.0,0.9222222222222223,0.07777777777777778,1.0
3595,prot-private,14,13,1,8055,762,1.2297951582867783,0.29841803204048295,1.0,0.9285714285714286,0.07142857142857142,1.0
3596,prot-private,48,45,3,8023,760,1.4209148697494702,0.5068201220195966,0.7960332633665161,0.9375,0.0625,0.982372097788257
3597,dna-private,31,26,5,8042,758,0.49012683412086544,-1.028772959375539,0.18492513850854314,0.8387096774193549,0.16129032258064516,0.4607890728821971
3598,prot-private,64,62,2,8006,761,2.9466650012490634,1.5590830535028823,0.17420296078105713,0.96875,0.03125,0.4431273161187052
3599,dna-private,39,37,2,8031,761,1.7530195492466691,0.8098420847705613,0.7717129128023361,0.9487179487179487,0.05128205128205128,0.9659188113883544
3600,dna-private,36,30,6,8038,757,0.4708882806668325,-1.0865432771856511,0.12407763485417378,0.8333333333333334,0.16666666666666666,0.35027144118653986
3601,dna-private,67,43,24,8025,739,0.1649896157840083,-2.599552868769935,5.655811579801959e-10,0.6417910447761194,0.3582089552238806,2.776489320993689e-08
3602,dna-private,10,7,3,8061,760,0.21998924864574287,-2.1844950770669267,0.04865901572148691,0.7,0.3,0.18597682449668407
3603,dna-private,50,44,6,8024,757,0.6918411432369558,-0.531487282710308,0.4421500901478677,0.88,0.12,0.7581782814990148
3604,dna-private,11,7,4,8061,759,0.16477484183103833,-2.601432109261252,0.011139087896983257,0.6363636363636364,0.36363636363636365,0.06558528387943413
3605,prot-private,338,275,63,7793,700,0.39208976716996735,-1.3507441042590331,4.188018877280596e-09,0.8136094674556213,0.1863905325443787,1.7396386105627092e-07
3606,dna-private,13,11,2,8057,761,0.5194861611021472,-0.9448427780489919,0.31132490475252955,0.8461538461538461,0.15384615384615385,0.6226498095050591
3607,prot-private,10,9,1,8059,762,0.8509740662613228,-0.2328129289529579,0.59509736615207,0.9,0.1,0.8877285057891666
3608,dna-private,38,31,7,8037,756,0.4165733482642777,-1.2633575540131914,0.0416105135163432,0.8157894736842105,0.18421052631578946,0.1696739386103315
3610,dna-private,18,15,3,8053,760,0.4718738358375761,-1.0835269148384212,0.19951958732975172,0.8333333333333334,0.16666666666666666,0.4834513077605523
3611,dna-private,43,40,3,8028,760,1.2622487958810829,0.3359963011345369,1.0,0.9302325581395349,0.06976744186046512,1.0
3612,dna-private,45,31,14,8037,749,0.20635809381610054,-2.276778069775513,1.5113678329662784e-05,0.6888888888888889,0.3111111111111111,0.0002550433218130595
3614,dna-private,15,15,0,8053,763,2.9389085490780404,1.5552804669020328,0.6340216938892271,1.0,0.0,0.8912614365568161
3615,dna-private,26,20,6,8048,757,0.31353545394300864,-1.673299505653589,0.020956108383636048,0.7692307692307693,0.23076923076923078,0.10125743597591168
3616,prot-private,41,36,5,8032,758,0.6794820717131475,-0.5574926092247302,0.39759452388256966,0.8780487804878049,0.12195121951219512,0.714649215537857
3617,prot-private,12,11,1,8057,762,1.0403375946382027,0.05705176594078467,1.0,0.9166666666666666,0.08333333333333333,1.0
3618,dna-private,17,13,4,8055,759,0.3062383612662942,-1.7072730800373728,0.053095201205350134,0.7647058823529411,0.23529411764705882,0.19750641493945995
3619,prot-private,41,29,12,8039,751,0.2257639839117635,-2.147112743303791,0.00011940203133688714,0.7073170731707317,0.2926829268292683,0.0015892242199064554
3620,dna-private,278,265,13,7803,750,1.9593055925235856,0.9703424320285652,0.016357941472210334,0.9532374100719424,0.046762589928057555,0.08564130022846962
3621,dna-private,20,17,3,8051,760,0.5349231979464248,-0.9025963246739215,0.24653007314042663,0.85,0.15,0.5452454052117999
3622,dna-private,67,61,6,8007,757,0.9611798010074518,-0.05712176403566085,0.8279833729393735,0.9104477611940298,0.08955223880597014,1.0
3623,dna-private,21,15,6,8053,757,0.23500558797963492,-2.0892330331836377,0.007150149554175388,0.7142857142857143,0.2857142857142857,0.046212031763551334
3624,dna-private,79,58,21,8010,742,0.2558468580940491,-1.9666475783264572,2.1083501473273686e-06,0.7341772151898734,0.26582278481012656,4.5281611118735534e-05
3625,prot-private,221,181,40,7887,723,0.4148060098896919,-1.269491298192241,7.821454382221554e-06,0.8190045248868778,0.18099547511312217,0.0001421398921384494
3626,dna-private,15,13,2,8055,761,0.614090626939789,-0.7034765119492934,0.37647785138890716,0.8666666666666667,0.13333333333333333,0.701027723275896
3627,dna-private,29,23,6,8045,757,0.3607002278848146,-1.4711277602892203,0.03469919040833027,0.7931034482758621,0.20689655172413793,0.14671469769965145
3628,prot-private,56,53,3,8015,760,1.6751923476814305,0.7443267571310803,0.6293208291051453,0.9464285714285714,0.05357142857142857,0.8899486472193974
3630,dna-private,109,100,9,7968,754,1.0514279339580543,0.07234996953299554,1.0,0.9174311926605505,0.08256880733944955,1.0
3631,dna-private,93,87,6,7981,757,1.3753289061521112,0.45977667647802994,0.5780244206968288,0.9354838709677419,0.06451612903225806,0.8877285057891666
3632,prot-private,234,219,15,7849,748,1.3913619569371896,0.4764977797286021,0.23983239892501101,0.9358974358974359,0.0641025641025641,0.544484365127052
3634,dna-private,69,58,11,8010,752,0.49501759164680514,-1.0144482991281603,0.04784051705405741,0.8405797101449275,0.15942028985507245,0.18433960699728544
3635,dna-private,11,10,1,8058,762,0.9456440804169769,-0.08063080776791416,1.0,0.9090909090909091,0.09090909090909091,1.0
3636,dna-private,24,22,2,8046,761,1.0403927417350236,0.05712823951521257,1.0,0.9166666666666666,0.08333333333333333,1.0
3637,dna-private,21,16,5,8052,758,0.3012419274714357,-1.7310055136376103,0.03013179244691118,0.7619047619047619,0.23809523809523808,0.13228591805961004
3638,dna-private,75,50,25,8018,738,0.1840858069343976,-2.4415496960903744,1.4229963822885767e-09,0.6666666666666666,0.3333333333333333,6.254565494245139e-08
3639,dna-private,148,145,3,7923,760,4.636290967226219,2.212971110736477,0.0016409483561310421,0.9797297297297297,0.02027027027027027,0.014560527667078261
3640,dna-private,69,62,7,8006,756,0.8363727204596553,-0.2577820878371947,0.6642365999260186,0.8985507246376812,0.10144927536231885,0.901825343293552
3641,dna-private,95,88,7,7980,756,1.1909774436090226,0.2521460896910577,0.8538064359685911,0.9263157894736842,0.07368421052631578,1.0
3642,dna-private,64,59,5,8009,758,1.1167936071919091,0.15936258833379968,1.0,0.921875,0.078125,1.0
3643,dna-private,26,24,2,8044,761,1.1352560914967678,0.1830177779193497,1.0,0.9230769230769231,0.07692307692307693,1.0
3645,prot-private,131,128,3,7940,760,4.083963056255247,2.0299698155794714,0.004537260839059214,0.9770992366412213,0.022900763358778626,0.032366923876594816
3646,dna-private,28,24,4,8044,759,0.5661362506215813,-0.8207787901687292,0.2985886706930741,0.8571428571428571,0.14285714285714285,0.6074624193863403
3648,prot-private,43,34,9,8034,754,0.35454872348076233,-1.4959441929687753,0.009926131263223923,0.7906976744186046,0.20930232558139536,0.05965147245625824
3649,prot-private,10,10,0,8058,763,1.9896382701495317,0.9925061627800148,1.0,1.0,0.0,1.0
3650,dna-private,50,46,4,8022,759,1.0880703066566941,0.12177178065797026,1.0,0.92,0.08,1.0
3651,dna-private,20,14,6,8054,757,0.2193113152884695,-2.1889478456235745,0.005502012716657866,0.7,0.3,0.03788271050813613
3652,dna-private,22,18,4,8050,759,0.42428571428571427,-1.236891991031563,0.11640137205561549,0.8181818181818182,0.18181818181818182,0.3334336119852689
3653,prot-private,10,9,1,8059,762,0.8509740662613228,-0.2328129289529579,0.59509736615207,0.9,0.1,0.8877285057891666
3654,prot-private,118,85,33,7983,730,0.23553839788338096,-2.0859658251967486,6.395558456459368e-10,0.7203389830508474,0.2796610169491525,3.099386021207232e-08
3655,dna-private,79,73,6,7995,757,1.1519908276005837,0.2041292297768983,1.0,0.9240506329113924,0.0759493670886076,1.0
3656,dna-private,164,138,26,7930,737,0.4932874187603065,-1.0194996028591943,0.0027569237838829365,0.8414634146341463,0.15853658536585366,0.02184732055152516
3657,prot-private,25,24,1,8044,762,2.2734957732471406,1.1849123219091262,0.7193889252568892,0.96,0.04,0.929036603167421
3658,dna-private,86,79,7,7989,756,1.0679684566278633,0.0948690364088011,1.0,0.9186046511627907,0.08139534883720931,1.0
3659,dna-private,22,15,7,8053,756,0.2011672668570719,-2.3135325202847445,0.001877327666110691,0.6818181818181818,0.3181818181818182,0.01638868031847208
3660,dna-private,29,24,5,8044,758,0.45231228244654403,-1.1446089223004663,0.09997958225541735,0.8275862068965517,0.1724137931034483,0.3040355130800467
3661,dna-private,46,37,9,8031,754,0.38597656304044053,-1.373414846906632,0.015380420660242755,0.8043478260869565,0.1956521739130435,0.08234842789761701
3662,dna-private,56,49,7,8019,756,0.6599326599326599,-0.5996092766855576,0.33286343303645805,0.875,0.125,0.6539624619947044
3664,prot-private,72,72,0,7996,763,13.844494466329019,3.7912404693407953,0.002505212288940874,1.0,0.0,0.020142993006114353
3665,dna-private,37,35,2,8033,761,1.6578488733972363,0.7293124992717513,0.7674493121844022,0.9459459459459459,0.05405405405405406,0.9628139396140194
3666,dna-private,37,27,10,8041,753,0.2528416863574182,-1.9836937526417002,0.000881158599457138,0.7297297297297297,0.2702702702702703,0.008673904963406202
3668,prot-private,15,14,1,8054,762,1.3245592252296996,0.40551235260517215,1.0,0.9333333333333333,0.06666666666666667,1.0
3669,dna-private,44,39,5,8029,758,0.736380620251588,-0.44147643592745134,0.42666670038808,0.8863636363636364,0.11363636363636363,0.7456311268917903
3670,dna-private,311,309,2,7759,761,15.153305838381234,3.921560660622867,3.876092758933878e-10,0.9935691318327974,0.006430868167202572,1.9799500849689267e-08
3671,dna-private,38,37,1,8031,762,3.5106462457975347,1.811736628760338,0.2528650305028388,0.9736842105263158,0.02631578947368421,0.5502139965319901
3672,dna-private,18,16,2,8052,761,0.7560854446100348,-0.40337881341779425,0.6651558352122813,0.8888888888888888,0.1111111111111111,0.901825343293552
3673,dna-private,12,11,1,8057,762,1.0403375946382027,0.05705176594078467,1.0,0.9166666666666666,0.08333333333333333,1.0
3674,dna-private,423,412,11,7656,752,3.6789208701434406,1.879282645737533,3.1763293026055925e-07,0.9739952718676123,0.026004728132387706,8.960093107350105e-06
3676,dna-private,167,163,4,7905,759,3.912618595825427,1.9681344824008107,0.0018916487501306665,0.9760479041916168,0.023952095808383235,0.01647565040436387
3677,prot-private,66,64,2,8004,761,3.0424787606196904,1.6052471915978044,0.12282625304619563,0.9696969696969697,0.030303030303030304,0.349085140236556
3678,dna-private,54,33,21,8035,742,0.14511512134411947,-2.78473023536196,1.1842243500975955e-09,0.6111111111111112,0.3888888888888889,5.458985418742575e-08
3679,dna-private,16,14,2,8054,761,0.6614104792649615,-0.5963821913846045,0.6433648787155277,0.875,0.125,0.8944167861510463
3680,dna-private,28,21,7,8047,756,0.2818441655275258,-1.827030392413128,0.008260486769425156,0.75,0.25,0.05169642382189916
3681,dna-private,12,10,2,8058,761,0.47220153884338545,-1.0825253517576907,0.27814822883872553,0.8333333333333334,0.16666666666666666,0.577637734577502
3682,dna-private,49,45,4,8023,759,1.0642839336906393,0.08988308982527116,1.0,0.9183673469387755,0.08163265306122448,1.0
3683,prot-private,20,20,0,8048,763,3.8893582655153134,1.9595321337374263,0.4103003441798839,1.0,0.0,0.7243976184025975
3684,dna-private,30,19,11,8049,752,0.16137521318289116,-2.6315090934977516,2.198646146960486e-05,0.6333333333333333,0.36666666666666664,0.0003536545717238569
3685,dna-private,13,11,2,8057,761,0.5194861611021472,-0.9448427780489919,0.31132490475252955,0.8461538461538461,0.15384615384615385,0.6226498095050591
3686,dna-private,57,49,8,8019,755,0.5766772664920813,-0.7941639446365849,0.15191813745282973,0.8596491228070176,0.14035087719298245,0.40813827972402017
3687,dna-private,21,15,6,8053,757,0.23500558797963492,-2.0892330331836377,0.007150149554175388,0.7142857142857143,0.2857142857142857,0.046212031763551334
3688,dna-private,11,11,0,8057,763,2.179398076326404,1.1239297349069568,0.6147434751291604,1.0,0.0,0.8877285057891666
3691,dna-private,46,39,7,8029,756,0.5245983310499439,-0.9307148770477123,0.11342007414662528,0.8478260869565217,0.15217391304347827,0.3309938352826966
3693,dna-private,50,45,5,8023,758,0.8503053720553408,-0.2339470423064658,0.6175136262134565,0.9,0.1,0.8877285057891666
3694,prot-private,84,82,2,7986,761,3.906962183821688,1.9660472914885812,0.04719223183975406,0.9761904761904762,0.023809523809523808,0.18258611704633607
3695,dna-private,117,113,4,7955,759,2.695380263984915,1.4304888226122439,0.044879316167853345,0.9658119658119658,0.03418803418803419,0.17671230741092256
3696,dna-private,101,84,17,7984,746,0.46168808204644585,-1.115009603553602,0.006659378729887426,0.8316831683168316,0.16831683168316833,0.04415334604852489
3697,dna-private,12,10,2,8058,761,0.47220153884338545,-1.0825253517576907,0.27814822883872553,0.8333333333333334,0.16666666666666666,0.577637734577502
3698,dna-private,30,22,8,8046,755,0.25804747700720854,-1.9542915697758916,0.0031439857370636048,0.7333333333333333,0.26666666666666666,0.02430320263006222
3699,prot-private,10,8,2,8060,761,0.37766749379652603,-1.4048114799117843,0.21174867571160536,0.8,0.2,0.49903027017397994
3700,dna-private,16,11,5,8057,758,0.20697530098051384,-2.2724694782688077,0.0092674991092931,0.6875,0.3125,0.05686874453429857
3701,prot-private,31,29,2,8039,761,1.3726209727578056,0.4569333034066387,1.0,0.9354838709677419,0.06451612903225806,1.0
3702,prot-private,198,178,20,7890,743,0.8381115335868188,-0.25478584828318923,0.44239650965859517,0.898989898989899,0.10101010101010101,0.7581782814990148
3703,dna-private,121,116,5,7952,758,2.2114688128772637,1.1450048968490154,0.1000582482199942,0.9586776859504132,0.04132231404958678,0.3040355130800467
3704,prot-private,18,18,0,8050,763,3.509036705794671,1.8110750389315806,0.39580838671128105,1.0,0.0,0.7127945220431836
3705,dna-private,85,77,8,7991,755,0.9093824302340132,-0.13704096419299402,0.7003322824619336,0.9058823529411765,0.09411764705882353,0.9290003024430675
3706,prot-private,10,10,0,8058,763,1.9896382701495317,0.9925061627800148,1.0,1.0,0.0,1.0
3707,dna-private,110,100,10,7968,753,0.9450301204819277,-0.08156778250879045,0.8637527989896022,0.9090909090909091,0.09090909090909091,1.0
3708,dna-private,21,17,4,8051,759,0.4006645137250031,-1.3195333568682468,0.10183922039866987,0.8095238095238095,0.19047619047619047,0.30697946818737804
3709,dna-private,62,57,5,8011,758,1.0786668331044813,0.1092493296539574,1.0,0.9193548387096774,0.08064516129032258,1.0
3710,prot-private,637,604,33,7464,730,1.790087368865504,0.8400300028822463,0.0007375105021927549,0.9481946624803768,0.05180533751962323,0.007473967019540518
3711,dna-private,21,20,1,8048,762,1.893638170974155,0.9211606925751572,1.0,0.9523809523809523,0.047619047619047616,1.0
3712,dna-private,13,12,1,8056,762,1.1350546176762661,0.18276172020769355,1.0,0.9230769230769231,0.07692307692307693,1.0
3713,dna-private,17,15,2,8053,761,0.7087420836955172,-0.49666737894466767,0.6538307945337098,0.8823529411764706,0.11764705882352941,0.89997229635986
3714,dna-private,482,476,6,7592,757,7.9103442219880575,2.9837404755514094,1.2712321329300382e-12,0.9875518672199171,0.012448132780082987,9.422073455834401e-11
3715,dna-private,262,231,31,7837,732,0.6960036551181945,-0.5228332123664525,0.0729381564409273,0.8816793893129771,0.1183206106870229,0.2490571195543859
3716,dna-private,44,38,6,8030,757,0.5970527189705271,-0.744069769696516,0.27219974523256757,0.8636363636363636,0.13636363636363635,0.5748128698207293
3717,dna-private,62,56,6,8012,757,0.8818439008154435,-0.1814047944905281,0.6540274862699829,0.9032258064516129,0.0967741935483871,0.89997229635986
3718,prot-private,23,22,1,8046,762,2.08351976137211,1.059022783504989,0.716472396975913,0.9565217391304348,0.043478260869565216,0.929036603167421
3719,prot-private,85,83,2,7985,761,3.955103318722605,1.9837153825518752,0.03207279597447975,0.9764705882352941,0.023529411764705882,0.13826671773585053
3720,prot-private,13,13,0,8055,763,2.5590590279932965,1.3556134253808918,0.6199739488311733,1.0,0.0,0.8877285057891666
3721,dna-private,120,99,21,7969,742,0.4389509348726314,-1.187868407910221,0.0015567533717604743,0.825,0.175,0.013911413109348918
3722,prot-private,155,145,10,7923,753,1.3780764861794774,0.46265596291125116,0.38793705500553,0.9354838709677419,0.06451612903225806,0.7119955431576628
3723,dna-private,18,13,5,8055,758,0.24466790813159528,-2.0311032121691097,0.01573344202619005,0.7222222222222222,0.2777777777777778,0.08317819700559215
3724,dna-private,34,29,5,8039,758,0.5468839407886553,-0.8706933968131773,0.21185425029248942,0.8529411764705882,0.14705882352941177,0.49903027017397994
3725,prot-private,29,28,1,8040,762,2.653731343283582,1.4080223234846352,0.5101863863798867,0.9655172413793104,0.034482758620689655,0.8237951903101118
3726,dna-private,13,12,1,8056,762,1.1350546176762661,0.18276172020769355,1.0,0.9230769230769231,0.07692307692307693,1.0
3727,dna-private,19,16,3,8052,760,0.5033946017552575,-0.990238349311548,0.22277766157339868,0.8421052631578947,0.15789473684210525,0.5159923779089749
3728,dna-private,19,19,0,8049,763,3.699173861730542,1.8872031089403754,0.4020724346383381,1.0,0.0,0.7185975427578808
3729,dna-private,77,68,9,8000,754,0.7121111111111111,-0.48982573158539566,0.30903889636341764,0.8831168831168831,0.11688311688311688,0.6226498095050591
3730,dna-private,169,166,3,7902,760,5.321859444866279,2.411930407979046,0.00027670706096094913,0.9822485207100592,0.01775147928994083,0.0033204847315313896
3731,prot-private,55,51,4,8017,759,1.2070911812398653,0.271534658490667,1.0,0.9272727272727272,0.07272727272727272,1.0
3732,dna-private,19,17,2,8051,761,0.8034405663892684,-0.3157367887801676,0.677113499984792,0.8947368421052632,0.10526315789473684,0.9096240285714047
3733,dna-private,88,84,4,7984,759,1.996367735470942,0.9973774928569661,0.2483668850792355,0.9545454545454546,0.045454545454545456,0.5471018797199942
3734,dna-private,37,35,2,8033,761,1.6578488733972363,0.7293124992717513,0.7674493121844022,0.9459459459459459,0.05405405405405406,0.9628139396140194
3735,prot-private,99,97,2,7971,761,4.630347509722745,2.2111204724790103,0.011299015198588882,0.9797979797979798,0.020202020202020204,0.066320306600413
3736,dna-private,40,34,6,8034,757,0.5339390921915194,-0.9052529155305519,0.15359564215460278,0.85,0.15,0.41031203345893885
3737,dna-private,68,48,20,8020,743,0.22234413965087282,-2.1691337149698926,6.379208665855051e-07,0.7058823529411765,0.29411764705882354,1.6292843754683847e-05
3738,prot-private,11,10,1,8058,762,0.9456440804169769,-0.08063080776791416,1.0,0.9090909090909091,0.09090909090909091,1.0
3739,dna-private,554,551,3,7517,760,18.569464768746396,4.214860327683395,2.2307531440751494e-18,0.9945848375451264,0.005415162454873646,3.243171878693871e-16
3740,dna-private,214,206,8,7862,755,2.472812261511066,1.3061527129715655,0.006483074334291017,0.9626168224299065,0.037383177570093455,0.04333334486377861
3741,dna-private,12,11,1,8057,762,1.0403375946382027,0.05705176594078467,1.0,0.9166666666666666,0.08333333333333333,1.0
3742,prot-private,16,16,0,8052,763,3.1289040670599193,1.6456574258851278,0.3903018394628883,1.0,0.0,0.7119955431576628
3743,dna-private,14,12,2,8056,761,0.5667825223435948,-0.8191328237820831,0.3441645340324851,0.8571428571428571,0.14285714285714285,0.6658405737389302
3744,prot-private,45,43,2,8025,761,2.038816199376947,1.0277317213086157,0.43037991709652534,0.9555555555555556,0.044444444444444446,0.7488214573864685
3745,dna-private,40,37,3,8031,760,1.167143983729714,0.2229825488768074,1.0,0.925,0.075,1.0
3746,dna-private,39,32,7,8036,756,0.4300647088103534,-1.2173743465698235,0.07633140016797835,0.8205128205128205,0.1794871794871795,0.25693026948794134
3747,dna-private,22,19,3,8049,760,0.598003892823125,-0.7417732189283001,0.43163260794238584,0.8636363636363636,0.13636363636363635,0.7488214573864685
3748,prot-private,18,15,3,8053,760,0.4718738358375761,-1.0835269148384212,0.19951958732975172,0.8333333333333334,0.16666666666666666,0.4834513077605523
3749,dna-private,101,86,15,7982,748,0.5372755366240708,-0.8962659445300556,0.03207934165458754,0.8514851485148515,0.1485148514851485,0.13826671773585053
3750,dna-private,95,89,6,7979,757,1.4072983247691857,0.4929281893020755,0.5798301707782336,0.9368421052631579,0.06315789473684211,0.8877285057891666
3751,dna-private,23,20,3,8048,760,0.629555997349238,-0.667593387308373,0.4442764268572269,0.8695652173913043,0.13043478260869565,0.7581782814990148
3752,dna-private,19,15,4,8053,759,0.3534397119086055,-1.5004639470327465,0.0754765246969675,0.7894736842105263,0.21052631578947367,0.25496091452594916
3753,prot-private,44,43,1,8025,762,4.082990654205608,2.029626265298392,0.17742282268571727,0.9772727272727273,0.022727272727272728,0.44562011279203406
3754,prot-private,126,124,2,7944,761,5.93932527693857,2.570299046362047,0.001958263296817049,0.9841269841269841,0.015873015873015872,0.01690008050677727
3755,dna-private,35,31,4,8037,759,0.7318962299365435,-0.4502889807611938,0.5400047448892422,0.8857142857142857,0.11428571428571428,0.8512168205510157
3756,dna-private,30,27,3,8041,760,0.8506404676035318,-0.2333786048164745,0.741081562259439,0.9,0.1,0.9438302915568327
3758,dna-private,14,13,1,8055,762,1.2297951582867783,0.29841803204048295,1.0,0.9285714285714286,0.07142857142857142,1.0
3759,dna-private,42,35,7,8033,756,0.47055894435453754,-1.0875526420683255,0.08844988672012005,0.8333333333333334,0.16666666666666666,0.2795489730786403
3760,dna-private,27,24,3,8044,760,0.7558428642466435,-0.40384175797440397,0.5034960913993611,0.8888888888888888,0.1111111111111111,0.819291961037273
3761,dna-private,101,89,12,7979,751,0.6980720223921126,-0.5185522031693843,0.2811655898880143,0.8811881188118812,0.1188118811881188,0.5798177467412406
3762,dna-private,17,17,0,8051,763,3.3189467801030865,1.7307254957322895,0.3917859073460155,1.0,0.0,0.7119955431576628
3763,dna-private,13,12,1,8056,762,1.1350546176762661,0.18276172020769355,1.0,0.9230769230769231,0.07692307692307693,1.0
3764,dna-private,35,29,6,8039,757,0.45513538168097195,-1.1356323508323312,0.11876717028896247,0.8285714285714286,0.17142857142857143,0.3388225688243609
3765,prot-private,722,641,81,7427,682,0.7266812613969384,-0.4606053902140801,0.012668624402553109,0.8878116343490304,0.11218836565096953,0.07104955525467471
3766,prot-private,25,24,1,8044,762,2.2734957732471406,1.1849123219091262,0.7193889252568892,0.96,0.04,0.929036603167421
3767,dna-private,10,10,0,8058,763,1.9896382701495317,0.9925061627800148,1.0,1.0,0.0,1.0
3768,dna-private,36,29,7,8039,756,0.3896006966040552,-1.3599318379334382,0.03193812350325204,0.8055555555555556,0.19444444444444445,0.1379726935340488
3769,dna-private,20,19,1,8049,762,1.798732761833768,0.8469808609552302,1.0,0.95,0.05,1.0
3770,dna-private,26,22,4,8046,759,0.5188292319164802,-0.9466683285728665,0.2775668458116302,0.8461538461538461,0.15384615384615385,0.577637734577502
3771,dna-private,152,147,5,7921,758,2.813432647393006,1.4923314261872982,0.012889062150837209,0.9671052631578947,0.03289473684210526,0.07217874804468837
3772,prot-private,11,11,0,8057,763,2.179398076326404,1.1239297349069568,0.6147434751291604,1.0,0.0,0.8877285057891666
3773,prot-private,212,206,6,7862,757,3.3058170100907316,1.7250068680236998,0.0011164940794721732,0.9716981132075472,0.02830188679245283,0.010630598540062507
3774,dna-private,36,26,10,8042,753,0.24344690375528474,-2.0383209428747024,0.0006960142072866049,0.7222222222222222,0.2777777777777778,0.0071176686817424175
3776,prot-private,16,16,0,8052,763,3.1289040670599193,1.6456574258851278,0.3903018394628883,1.0,0.0,0.7119955431576628
3777,dna-private,87,83,4,7985,759,1.9723544145272385,0.979918814463796,0.24667417961538357,0.9540229885057471,0.04597701149425287,0.5452454052117999
3778,dna-private,14,10,4,8058,759,0.23548026805658973,-2.0863219198457696,0.027437579526156688,0.7142857142857143,0.2857142857142857,0.1234691078677051
3779,dna-private,25,21,4,8047,759,0.49518454082266683,-1.0139618191611302,0.2690266390706343,0.84,0.16,0.570342510200223
3780,prot-private,19,18,1,8050,762,1.7038509316770187,0.7687991210462928,1.0,0.9473684210526315,0.05263157894736842,1.0
3781,dna-private,51,45,6,8023,757,0.7076529976318086,-0.4988859963256196,0.4469545753346063,0.8823529411764706,0.11764705882352941,0.7610307634075729
3782,dna-private,45,41,4,8027,759,0.9691977077363897,-0.04513710223311509,0.7939792105708714,0.9111111111111111,0.08888888888888889,0.9818428325039212
3783,dna-private,41,32,9,8036,754,0.33360986671091203,-1.5837661369069398,0.00720076367955866,0.7804878048780488,0.21951219512195122,0.046212031763551334
3784,dna-private,106,97,9,7971,754,1.0195012475780258,0.027863540801816734,1.0,0.9150943396226415,0.08490566037735849,1.0
3785,dna-private,95,88,7,7980,756,1.1909774436090226,0.2521460896910577,0.8538064359685911,0.9263157894736842,0.07368421052631578,1.0
3786,dna-private,26,20,6,8048,757,0.31353545394300864,-1.673299505653589,0.020956108383636048,0.7692307692307693,0.23076923076923078,0.10125743597591168
3788,dna-private,12,12,0,8056,763,2.369204989759821,1.2444030296948858,0.6160300460842021,1.0,0.0,0.8877285057891666
3789,dna-private,12,11,1,8057,762,1.0403375946382027,0.05705176594078467,1.0,0.9166666666666666,0.08333333333333333,1.0
3790,prot-private,28,28,0,8040,763,5.412536533797649,2.436304857844131,0.16804864765234273,1.0,0.0,0.4333041528825754
3791,dna-private,21,20,1,8048,762,1.893638170974155,0.9211606925751572,1.0,0.9523809523809523,0.047619047619047616,1.0
3792,dna-private,103,94,9,7974,754,0.9875985842878243,-0.018003326493341375,0.8612802903670491,0.912621359223301,0.08737864077669903,1.0
3793,dna-private,79,75,4,7993,759,1.7804641561366195,0.8322533920141092,0.31755537656104504,0.9493670886075949,0.05063291139240506,0.6325493218904421
3794,dna-private,11,8,3,8060,760,0.25144747725392885,-1.9916710158055382,0.06272898865567579,0.7272727272727273,0.2727272727272727,0.2222264077961148
3795,dna-private,18,17,1,8051,762,1.6089926717177991,0.6861577552096091,1.0,0.9444444444444444,0.05555555555555555,1.0
3796,dna-private,25,22,3,8046,760,0.692683735189328,-0.5297312963785412,0.4725039628434682,0.88,0.12,0.7854287509007519
3797,dna-private,107,100,7,7968,756,1.355421686746988,0.43874175987011227,0.6016865357056518,0.9345794392523364,0.06542056074766354,0.8877285057891666
3798,dna-private,54,51,3,8017,760,1.6115754022701758,0.6884716906849924,0.6248836820460282,0.9444444444444444,0.05555555555555555,0.8877285057891666
3799,dna-private,64,59,5,8009,758,1.1167936071919091,0.15936258833379968,1.0,0.921875,0.078125,1.0
3800,dna-private,14,11,3,8057,760,0.34586901659012864,-1.5317023139427457,0.1142871290727978,0.7857142857142857,0.21428571428571427,0.3309938352826966
3801,dna-private,14,12,2,8056,761,0.5667825223435948,-0.8191328237820831,0.3441645340324851,0.8571428571428571,0.14285714285714285,0.6658405737389302
3802,dna-private,24,16,8,8052,755,0.1875310481867859,-2.4147986227088984,0.0006289461776244801,0.6666666666666666,0.3333333333333333,0.006531364152254217
3804,dna-private,113,108,5,7960,758,2.056884422110553,1.0404607300161868,0.12809761820744092,0.9557522123893806,0.04424778761061947,0.35947215799860927
3805,dna-private,221,193,28,7875,735,0.6433333333333333,-0.6363616532278005,0.038374524502751986,0.8733031674208145,0.12669683257918551,0.15957723060550333
3806,dna-private,107,76,31,7992,732,0.22454712777293423,-2.1549098264516657,8.13918498082772e-10,0.7102803738317757,0.2897196261682243,3.8457649034410975e-08
3807,dna-private,37,33,4,8035,759,0.7793092719352831,-0.3597321137885364,0.5570142951867847,0.8918918918918919,0.10810810810810811,0.8696877471317828
3809,dna-private,81,58,23,8010,740,0.2329696574933507,-2.1017860277092013,1.8887620832389896e-07,0.7160493827160493,0.2839506172839506,5.5345121508863416e-06
3810,dna-private,156,142,14,7926,749,0.9584910421397931,-0.06116314606215481,0.885285289250455,0.9102564102564102,0.08974358974358974,1.0
3811,dna-private,60,43,17,8025,746,0.2351328568810702,-2.0884519431900315,7.732969065497426e-06,0.7166666666666667,0.2833333333333333,0.00014121073945690953
3812,dna-private,18,11,7,8057,756,0.1474494228621075,-2.761707919389069,0.0004759308069943226,0.6111111111111112,0.3888888888888889,0.005140052715538684
3813,dna-private,54,48,6,8020,757,0.7551122194513715,-0.4052370313565511,0.46542309281206906,0.8888888888888888,0.1111111111111111,0.7808696364090639
3814,dna-private,17,16,1,8052,762,1.5141579731743666,0.5985157305719824,1.0,0.9411764705882353,0.058823529411764705,1.0
3815,dna-private,51,47,4,8021,759,1.1118626106470515,0.15297852980259363,1.0,0.9215686274509803,0.0784313725490196,1.0
3816,prot-private,30,25,5,8043,758,0.4712172075096357,-1.0855358716452634,0.1780799653288134,0.8333333333333334,0.16666666666666666,0.4463808149488824
3817,dna-private,48,38,10,8030,753,0.3563387297633873,-1.4886787991765253,0.006957300717321127,0.7916666666666666,0.20833333333333334,0.045342408123230794
3818,prot-private,414,395,19,7673,744,2.015817596905074,1.0113651011662472,0.0016349698590750143,0.9541062801932367,0.04589371980676329,0.014541614276008362
3819,dna-private,22,20,2,8048,761,0.9455765407554672,-0.08073385141461938,0.7149840631017713,0.9090909090909091,0.09090909090909091,0.929036603167421
3820,prot-private,14,14,0,8054,763,2.748960208579055,1.4588860238748205,0.6261069302735234,1.0,0.0,0.8877285057891666
3821,prot-private,66,63,3,8005,760,1.9937539038101186,0.9954873437060888,0.3739718950287718,0.9545454545454546,0.045454545454545456,0.701027723275896
3822,dna-private,13,8,5,8060,758,0.15047146401985112,-2.7324381801316004,0.0033960774335763263,0.6153846153846154,0.38461538461538464,0.026038889855818485
3823,dna-private,101,77,24,7991,739,0.29670358319776413,-1.7529057449804406,3.5405907131328284e-06,0.7623762376237624,0.2376237623762376,7.234288051698427e-05
3824,dna-private,23,20,3,8048,760,0.629555997349238,-0.667593387308373,0.4442764268572269,0.8695652173913043,0.13043478260869565,0.7581782814990148
3825,dna-private,16,16,0,8052,763,3.1289040670599193,1.6456574258851278,0.3903018394628883,1.0,0.0,0.7119955431576628
3827,prot-private,12,12,0,8056,763,2.369204989759821,1.2444030296948858,0.6160300460842021,1.0,0.0,0.8877285057891666
3828,prot-private,24,18,6,8050,757,0.282111801242236,-1.825661077182454,0.014198257816908267,0.75,0.25,0.07742479672300717
3829,prot-private,31,31,0,8037,763,5.984510108864697,2.581233153194096,0.10691894429686633,1.0,0.0,0.3167348036380523
3830,dna-private,14,12,2,8056,761,0.5667825223435948,-0.8191328237820831,0.3441645340324851,0.8571428571428571,0.14285714285714285,0.6658405737389302
3831,dna-private,75,61,14,8007,749,0.4075808667416011,-1.2948417668990895,0.00556401160622963,0.8133333333333334,0.18666666666666668,0.038239934311905456
3832,prot-private,21,20,1,8048,762,1.893638170974155,0.9211606925751572,1.0,0.9523809523809523,0.047619047619047616,1.0
3833,dna-private,101,94,7,7974,756,1.27313769751693,0.3483884638437752,0.7205000858329583,0.9306930693069307,0.06930693069306931,0.9295188820643627
3834,dna-private,49,46,3,8022,760,1.4526718191639658,0.5387088128522957,0.7970958400885375,0.9387755102040817,0.061224489795918366,0.9824004811003169
3835,dna-private,33,28,5,8040,758,0.5279601990049752,-0.9214989207249574,0.20188821211829633,0.8484848484848485,0.15151515151515152,0.4854563879180408
3836,dna-private,67,53,14,8015,749,0.3537741734248284,-1.4990993640775643,0.0014828172913270432,0.7910447761194029,0.208955223880597,0.01347367634907746
3837,dna-private,91,83,8,7985,755,0.9809799624295554,-0.027704426739228936,0.8524089551850375,0.9120879120879121,0.08791208791208792,1.0
3838,dna-private,177,154,23,7914,740,0.6260781663754931,-0.6755853048185003,0.04246082161304051,0.8700564971751412,0.12994350282485875,0.1720824126151579
3839,dna-private,73,65,8,8003,755,0.7665094339622641,-0.3836245466473824,0.407789121616711,0.8904109589041096,0.1095890410958904,0.7243976184025975
3840,dna-private,20,18,2,8050,761,0.850807453416149,-0.2330954229434839,0.689509959490357,0.9,0.1,0.9164372879302213
3842,dna-private,27,25,2,8043,761,1.1827054581623773,0.2420908285745528,1.0,0.9259259259259259,0.07407407407407407,1.0
3843,dna-private,28,27,1,8041,762,2.5586369854495707,1.355375475067056,0.5093441065762562,0.9642857142857143,0.03571428571428571,0.8237951903101118
3844,prot-private,25,24,1,8044,762,2.2734957732471406,1.1849123219091262,0.7193889252568892,0.96,0.04,0.929036603167421
3845,dna-private,36,31,5,8037,758,0.5847455518228195,-0.7741191128929306,0.23438389955692185,0.8611111111111112,0.1388888888888889,0.535329994154178
3846,dna-private,11,9,2,8059,761,0.424928651197419,-1.2347074729427345,0.24486416172403402,0.8181818181818182,0.18181818181818182,0.5452454052117999
3847,dna-private,39,30,9,8038,754,0.31268142987476155,-1.6772345546238747,0.005087873985377432,0.7692307692307693,0.23076923076923078,0.03541834929047274
3848,prot-private,34,33,1,8035,762,3.1295581829495953,1.6459589982893192,0.360483975156175,0.9705882352941176,0.029411764705882353,0.6881966798436068
3849,dna-private,26,25,1,8043,762,2.36851920925028,1.2439853725643295,0.7222754442803372,0.9615384615384616,0.038461538461538464,0.9305319614955339
3851,dna-private,23,21,2,8047,761,0.9929787498446626,-0.010165251073051074,1.0,0.9130434782608695,0.08695652173913043,1.0
3853,prot-private,22,14,8,8054,755,0.16404891979140798,-2.6078020006757088,0.00031954838733562165,0.6363636363636364,0.36363636363636365,0.003728064518915586
3854,dna-private,33,26,7,8042,756,0.3491668739119622,-1.5180114004957996,0.02045338416886959,0.7878787878787878,0.21212121212121213,0.100669000206155
3855,dna-private,61,58,3,8010,760,1.8343736995422388,0.8752875754412913,0.4879568659629675,0.9508196721311475,0.04918032786885246,0.8019465014521814
3857,dna-private,20,17,3,8051,760,0.5349231979464248,-0.9025963246739215,0.24653007314042663,0.85,0.15,0.5452454052117999
3858,dna-private,125,117,8,7951,755,1.3887404100113194,0.47377694907475826,0.5191215980326452,0.936,0.064,0.8343025682667513
3859,prot-private,179,156,23,7912,740,0.6343693673891062,-0.6566049874375633,0.05799092443371118,0.8715083798882681,0.12849162011173185,0.212202995507675
3860,prot-private,14,14,0,8054,763,2.748960208579055,1.4588860238748205,0.6261069302735234,1.0,0.0,0.8877285057891666
3861,dna-private,80,40,40,8028,723,0.09005979073243647,-3.4729730644114993,4.207087549579121e-22,0.5,0.5,1.0601860624939386e-19
3863,prot-private,174,158,16,7910,747,0.9325695322376738,-0.10071679839381416,0.7846510673649914,0.9080459770114943,0.09195402298850575,0.973246628835172
3864,dna-private,19,12,7,8056,756,0.1608738828202582,-2.63599796512216,0.0006978628484707713,0.631578947368421,0.3684210526315789,0.0071176686817424175
3865,prot-private,152,118,34,7950,729,0.31824639289678136,-1.6517839326206412,1.6416333398761482e-07,0.7763157894736842,0.2236842105263158,4.84794845682175e-06
3867,prot-private,12,12,0,8056,763,2.369204989759821,1.2444030296948858,0.6160300460842021,1.0,0.0,0.8877285057891666
3868,prot-private,12,12,0,8056,763,2.369204989759821,1.2444030296948858,0.6160300460842021,1.0,0.0,0.8877285057891666
3869,prot-private,31,28,3,8040,760,0.8822553897180763,-0.18073175639889522,0.7471571356606916,0.9032258064516129,0.0967741935483871,0.9483727242435912
3870,prot-private,15,13,2,8055,761,0.614090626939789,-0.7034765119492934,0.37647785138890716,0.8666666666666667,0.13333333333333333,0.701027723275896
3871,prot-private,19,17,2,8051,761,0.8034405663892684,-0.3157367887801676,0.677113499984792,0.8947368421052632,0.10526315789473684,0.9096240285714047
3872,dna-private,13,12,1,8056,762,1.1350546176762661,0.18276172020769355,1.0,0.9230769230769231,0.07692307692307693,1.0
3873,dna-private,14,10,4,8058,759,0.23548026805658973,-2.0863219198457696,0.027437579526156688,0.7142857142857143,0.2857142857142857,0.1234691078677051
3874,dna-private,17,16,1,8052,762,1.5141579731743666,0.5985157305719824,1.0,0.9411764705882353,0.058823529411764705,1.0
3875,dna-private,11,7,4,8061,759,0.16477484183103833,-2.601432109261252,0.011139087896983257,0.6363636363636364,0.36363636363636365,0.06558528387943413
3877,dna-private,103,86,17,7982,746,0.4727990920748154,-1.0807008298042753,0.007726649515335906,0.8349514563106796,0.1650485436893204,0.04916958782486486
3878,dna-private,29,23,6,8045,757,0.3607002278848146,-1.4711277602892203,0.03469919040833027,0.7931034482758621,0.20689655172413793,0.14671469769965145
3879,dna-private,118,108,10,7960,753,1.0216582914572865,0.030912746517023255,1.0,0.9152542372881356,0.0847457627118644,1.0
3880,dna-private,40,38,2,8030,761,1.8006226650062267,0.8484958845424542,0.577200390112483,0.95,0.05,0.8877285057891666
3881,dna-private,10,6,4,8062,759,0.14121806003473084,-2.824003491714457,0.007601667583545369,0.6,0.4,0.0484558237197327
3882,dna-private,35,29,6,8039,757,0.45513538168097195,-1.1356323508323312,0.11876717028896247,0.8285714285714286,0.17142857142857143,0.3388225688243609
3883,dna-private,15,14,1,8054,762,1.3245592252296996,0.40551235260517215,1.0,0.9333333333333333,0.06666666666666667,1.0
3884,prot-private,38,38,0,8030,763,7.320777037544362,2.871996786312047,0.07363254662948548,1.0,0.0,0.2503486156443436
3885,dna-private,39,30,9,8038,754,0.31268142987476155,-1.6772345546238747,0.005087873985377432,0.7692307692307693,0.23076923076923078,0.03541834929047274
3886,dna-private,49,46,3,8022,760,1.4526718191639658,0.5387088128522957,0.7970958400885375,0.9387755102040817,0.061224489795918366,0.9824004811003169
3887,prot-private,19,17,2,8051,761,0.8034405663892684,-0.3157367887801676,0.677113499984792,0.8947368421052632,0.10526315789473684,0.9096240285714047
3888,dna-private,23,18,5,8050,758,0.33898136645962734,-1.5607221231633,0.043210400933891426,0.782608695652174,0.21739130434782608,0.1720824126151579
3889,dna-private,16,14,2,8054,761,0.6614104792649615,-0.5963821913846045,0.6433648787155277,0.875,0.125,0.8944167861510463
3890,dna-private,35,33,2,8035,761,1.5627255756067207,0.6440644542995428,0.7653062546149721,0.9428571428571428,0.05714285714285714,0.9627088941327722
3891,prot-private,63,53,10,8015,753,0.49792888334373053,-1.0059883906941454,0.06553408817088414,0.8412698412698413,0.15873015873015872,0.2293693085980945
3892,dna-private,23,15,8,8053,755,0.17578852601514963,-2.508087188235772,0.0004532390599152506,0.6521739130434783,0.34782608695652173,0.004962885812388681
3893,dna-private,73,65,8,8003,755,0.7665094339622641,-0.3836245466473824,0.407789121616711,0.8904109589041096,0.1095890410958904,0.7243976184025975
3894,dna-private,33,28,5,8040,758,0.5279601990049752,-0.9214989207249574,0.20188821211829633,0.8484848484848485,0.15151515151515152,0.4854563879180408
3895,dna-private,67,62,5,8006,758,1.1740194853859605,0.23145635328306602,1.0,0.9253731343283582,0.07462686567164178,1.0
3897,dna-private,55,50,5,8018,758,0.9453729109503617,-0.08104456909231658,0.810144336619018,0.9090909090909091,0.09090909090909091,0.9897690990368093
3899,prot-private,45,44,1,8024,762,4.178464606181455,2.0629729155184386,0.17885039981340076,0.9777777777777777,0.022222222222222223,0.44742191349745525
3900,dna-private,231,222,9,7846,754,2.3704647803551704,1.2451699580993625,0.00614837152185004,0.961038961038961,0.03896103896103896,0.04128036297085818
3901,dna-private,11,10,1,8058,762,0.9456440804169769,-0.08063080776791416,1.0,0.9090909090909091,0.09090909090909091,1.0
3902,dna-private,98,92,6,7976,757,1.4552825142092944,0.5412992509233923,0.47042217692582067,0.9387755102040817,0.061224489795918366,0.7854287509007519
3904,dna-private,92,87,5,7981,758,1.6525748653050996,0.7247156304971838,0.35090681718468886,0.9456521739130435,0.05434782608695652,0.6770943179980213
3905,dna-private,62,58,4,8010,759,1.3739700374531836,0.458350543246966,0.8188517430519309,0.9354838709677419,0.06451612903225806,0.9933438988242294
3906,dna-private,37,30,7,8038,756,0.4030853446130878,-1.3108427642867582,0.036563976861079525,0.8108108108108109,0.1891891891891892,0.15288919528194758
3908,dna-private,22,20,2,8048,761,0.9455765407554672,-0.08073385141461938,0.7149840631017713,0.9090909090909091,0.09090909090909091,0.929036603167421
3909,dna-private,61,51,10,8017,753,0.4790195833853062,-1.0618434571402335,0.03887504060760945,0.8360655737704918,0.16393442622950818,0.16130368111609628
3910,prot-private,18,17,1,8051,762,1.6089926717177991,0.6861577552096091,1.0,0.9444444444444444,0.05555555555555555,1.0
3911,prot-private,17,17,0,8051,763,3.3189467801030865,1.7307254957322895,0.3917859073460155,1.0,0.0,0.7119955431576628
3912,prot-private,235,199,36,7869,727,0.510699510032335,-0.9694534199652095,0.0005903646316482081,0.8468085106382979,0.15319148936170213,0.006216095564429602
3913,prot-private,44,41,3,8027,760,1.2939661974170509,0.37179992996121036,1.0,0.9318181818181818,0.06818181818181818,1.0
3914,prot-private,59,51,8,8017,755,0.6003648496943994,-0.736088582712358,0.16497810828767137,0.864406779661017,0.13559322033898305,0.42841550506922665
3915,dna-private,74,69,5,7999,758,1.3077134641830228,0.38704646355191674,0.6815584399764893,0.9324324324324325,0.06756756756756757,0.9135783344365709
3916,dna-private,81,73,8,7995,755,0.8617104440275172,-0.21472492527523593,0.68906223251462,0.9012345679012346,0.09876543209876543,0.9164372879302213
3917,dna-private,36,35,1,8033,762,3.3200547740570148,1.731207043261528,0.3656725407212863,0.9722222222222222,0.027777777777777776,0.6935485217894943
3918,prot-private,286,258,28,7810,735,0.867157490396927,-0.2056340599399649,0.45449347081088254,0.9020979020979021,0.0979020979020979,0.7710885635839929
3919,dna-private,37,34,3,8034,760,1.0721101983237906,0.10045320281466442,1.0,0.918918918918919,0.08108108108108109,1.0
3920,prot-private,10,9,1,8059,762,0.8509740662613228,-0.2328129289529579,0.59509736615207,0.9,0.1,0.8877285057891666
3922,dna-private,70,56,14,8012,749,0.37393909136295556,-1.4191247973539567,0.002298416550590152,0.8,0.2,0.018928136298977723
3923,dna-private,92,83,9,7985,754,0.8708272455298128,-0.19954154912531832,0.7072579604608249,0.9021739130434783,0.09782608695652174,0.929036603167421
3924,dna-private,44,41,3,8027,760,1.2939661974170509,0.37179992996121036,1.0,0.9318181818181818,0.06818181818181818,1.0
3925,prot-private,65,55,10,8013,753,0.5168476226132535,-0.9521890880470407,0.07075039185831292,0.8461538461538461,0.15384615384615385,0.2429032527015648
3927,dna-private,12,9,3,8059,760,0.2829135128427845,-1.8215670088364881,0.07844382615057613,0.75,0.25,0.2596476907611014
3928,dna-private,42,41,1,8027,762,3.8921141148623395,1.9605540098447405,0.2616948784456305,0.9761904761904762,0.023809523809523808,0.5607728191846709
3929,dna-private,43,43,0,8025,763,8.276680580649181,3.049052281007182,0.04916019571442002,1.0,0.0,0.18751315822452844
3930,dna-private,25,19,6,8049,757,0.29782167557046424,-1.7474793372735162,0.01735238107761688,0.76,0.24,0.08897013717321622
3931,dna-private,18,17,1,8051,762,1.6089926717177991,0.6861577552096091,1.0,0.9444444444444444,0.05555555555555555,1.0
3932,dna-private,51,38,13,8030,750,0.2730146565763004,-1.8729496917189403,0.0002913119569504566,0.7450980392156863,0.2549019607843137,0.0034627647712978803
3933,prot-private,28,28,0,8040,763,5.412536533797649,2.436304857844131,0.16804864765234273,1.0,0.0,0.4333041528825754
3934,prot-private,14,14,0,8054,763,2.748960208579055,1.4588860238748205,0.6261069302735234,1.0,0.0,0.8877285057891666
3935,dna-private,26,20,6,8048,757,0.31353545394300864,-1.673299505653589,0.020956108383636048,0.7692307692307693,0.23076923076923078,0.10125743597591168
3936,dna-private,528,503,25,7565,738,1.962797091870456,0.972911038987099,0.0005580087511006606,0.9526515151515151,0.04734848484848485,0.005924924379664318
3937,dna-private,256,246,10,7822,753,2.3681667092815135,1.2437706443908603,0.00444788779811604,0.9609375,0.0390625,0.03184283310014892
3938,dna-private,39,29,10,8039,753,0.27163826346560516,-1.880241380312341,0.0013728941120299033,0.7435897435897436,0.2564102564102564,0.012657414008470815
3939,prot-private,23,21,2,8047,761,0.9929787498446626,-0.010165251073051074,1.0,0.9130434782608695,0.08695652173913043,1.0
3940,dna-private,58,54,4,8014,759,1.2785749937609183,0.3545367831481368,0.8158654802031671,0.9310344827586207,0.06896551724137931,0.9920355729124783
3941,prot-private,534,455,79,7613,684,0.5174692855492021,-0.950454861069377,1.4503273244926267e-06,0.8520599250936329,0.14794007490636704,3.322568052474017e-05
3942,dna-private,33,31,2,8037,761,1.4676496205051637,0.5535075873268854,1.0,0.9393939393939394,0.06060606060606061,1.0
3943,dna-private,87,78,9,7990,754,0.8178556528994576,-0.29008185712673895,0.5627079342678971,0.896551724137931,0.10344827586206896,0.8774900955167703
3944,dna-private,64,54,10,8014,753,0.5073870726229099,-0.9788413324827635,0.06794827155251991,0.84375,0.15625,0.23737935902821186
3946,dna-private,107,96,11,7972,752,0.8232449938420836,-0.2806062610775618,0.49002128124394806,0.897196261682243,0.102803738317757,0.8046396364474907
3947,dna-private,62,58,4,8010,759,1.3739700374531836,0.458350543246966,0.8188517430519309,0.9354838709677419,0.06451612903225806,0.9933438988242294
3948,dna-private,64,62,2,8006,761,2.9466650012490634,1.5590830535028823,0.17420296078105713,0.96875,0.03125,0.4431273161187052
3950,prot-private,79,71,8,7997,755,0.8378923346254845,-0.2551632188397684,0.5497172254284567,0.8987341772151899,0.10126582278481013,0.8622120797176624
3951,dna-private,14,10,4,8058,759,0.23548026805658973,-2.0863219198457696,0.027437579526156688,0.7142857142857143,0.2857142857142857,0.1234691078677051
3952,prot-private,11,10,1,8058,762,0.9456440804169769,-0.08063080776791416,1.0,0.9090909090909091,0.09090909090909091,1.0
3953,dna-private,58,53,5,8015,758,1.0024703680598877,0.003559592805018051,1.0,0.9137931034482759,0.08620689655172414,1.0
3954,prot-private,19,19,0,8049,763,3.699173861730542,1.8872031089403754,0.4020724346383381,1.0,0.0,0.7185975427578808
3955,dna-private,12,11,1,8057,762,1.0403375946382027,0.05705176594078467,1.0,0.9166666666666666,0.08333333333333333,1.0
3956,prot-private,29,24,5,8044,758,0.45231228244654403,-1.1446089223004663,0.09997958225541735,0.8275862068965517,0.1724137931034483,0.3040355130800467
3957,dna-private,39,37,2,8031,761,1.7530195492466691,0.8098420847705613,0.7717129128023361,0.9487179487179487,0.05128205128205128,0.9659188113883544
3958,dna-private,481,459,22,7609,741,2.0317984683210075,1.0227573099974314,0.0005865226646602718,0.9542619542619543,0.04573804573804574,0.006192892939709016
3959,prot-private,13,13,0,8055,763,2.5590590279932965,1.3556134253808918,0.6199739488311733,1.0,0.0,0.8877285057891666
3960,dna-private,79,73,6,7995,757,1.1519908276005837,0.2041292297768983,1.0,0.9240506329113924,0.0759493670886076,1.0
3961,dna-private,19,16,3,8052,760,0.5033946017552575,-0.990238349311548,0.22277766157339868,0.8421052631578947,0.15789473684210525,0.5159923779089749
3962,dna-private,16,14,2,8054,761,0.6614104792649615,-0.5963821913846045,0.6433648787155277,0.875,0.125,0.8944167861510463
3963,dna-private,130,124,6,7944,757,1.9693689157435381,0.9777333921230769,0.11476546474997948,0.9538461538461539,0.046153846153846156,0.33140829393042204
3964,dna-private,55,49,6,8019,757,0.7709398511867648,-0.37530978958445066,0.47277276808572144,0.8909090909090909,0.10909090909090909,0.7855301377424294
3965,dna-private,15,14,1,8054,762,1.3245592252296996,0.40551235260517215,1.0,0.9333333333333333,0.06666666666666667,1.0
3966,dna-private,399,364,35,7704,728,0.9827622014537902,-0.025085724391033244,0.927268788386628,0.9122807017543859,0.08771929824561403,1.0
3967,dna-private,37,33,4,8035,759,0.7793092719352831,-0.3597321137885364,0.5570142951867847,0.8918918918918919,0.10810810810810811,0.8696877471317828
3968,dna-private,28,26,2,8042,761,1.2301666252176076,0.29885374084427707,1.0,0.9285714285714286,0.07142857142857142,1.0
3969,dna-private,14,13,1,8055,762,1.2297951582867783,0.29841803204048295,1.0,0.9285714285714286,0.07142857142857142,1.0
3970,dna-private,16,12,4,8056,759,0.2826464746772592,-1.8229293918701623,0.04347584763160735,0.75,0.25,0.1720824126151579
3971,prot-private,20,20,0,8048,763,3.8893582655153134,1.9595321337374263,0.4103003441798839,1.0,0.0,0.7243976184025975
3972,dna-private,79,74,5,7994,758,1.4033525143857895,0.48887745149223233,0.6851905369110363,0.9367088607594937,0.06329113924050633,0.9155250015990517
3973,dna-private,21,19,2,8049,761,0.8981861100757859,-0.15491368303454628,0.7021801097644735,0.9047619047619048,0.09523809523809523,0.9290003024430675
3974,dna-private,40,33,7,8035,756,0.4435594275046671,-1.172800687040534,0.07971035981555347,0.825,0.175,0.2620044870459062
3976,dna-private,16,16,0,8052,763,3.1289040670599193,1.6456574258851278,0.3903018394628883,1.0,0.0,0.7119955431576628
3977,prot-private,288,276,12,7792,751,2.2167607802874745,1.1484530914889426,0.0038408319259581733,0.9583333333333334,0.041666666666666664,0.02874919738637999
3978,dna-private,55,51,4,8017,759,1.2070911812398653,0.271534658490667,1.0,0.9272727272727272,0.07272727272727272,1.0
3979,dna-private,32,26,6,8042,757,0.4079001906656719,-1.2937119133946928,0.05320593297080169,0.8125,0.1875,0.19750641493945995
3980,dna-private,32,27,5,8041,758,0.5090411640343241,-0.9741457691425367,0.1928866945001127,0.84375,0.15625,0.4753009812323507
3982,dna-private,59,56,3,8012,760,1.7706773173572974,0.8243013238546881,0.4833287820344563,0.9491525423728814,0.05084745762711865,0.7978090812621157
3983,prot-private,12,8,4,8060,759,0.18833746898263026,-2.4086080479998633,0.0155844761709749,0.6666666666666666,0.3333333333333333,0.08308789834454883
3985,dna-private,24,21,3,8047,760,0.6611159438299987,-0.5970247869668049,0.45796208248726505,0.875,0.125,0.771541675614701
3986,dna-private,22,18,4,8050,759,0.42428571428571427,-1.236891991031563,0.11640137205561549,0.8181818181818182,0.18181818181818182,0.3334336119852689
3987,dna-private,11,11,0,8057,763,2.179398076326404,1.1239297349069568,0.6147434751291604,1.0,0.0,0.8877285057891666
3988,dna-private,68,57,11,8011,752,0.4864220787326517,-1.0397193805894318,0.045972362293924734,0.8382352941176471,0.16176470588235295,0.17896552983628786
3989,prot-private,10,9,1,8059,762,0.8509740662613228,-0.2328129289529579,0.59509736615207,0.9,0.1,0.8877285057891666
3990,prot-private,10,7,3,8061,760,0.21998924864574287,-2.1844950770669267,0.04865901572148691,0.7,0.3,0.18597682449668407
3991,dna-private,15,14,1,8054,762,1.3245592252296996,0.40551235260517215,1.0,0.9333333333333333,0.06666666666666667,1.0
3992,dna-private,262,226,36,7842,727,0.5819873048258665,-0.7809404116241195,0.004964140908982453,0.8625954198473282,0.13740458015267176,0.034748986362877175
3993,prot-private,285,261,24,7807,739,1.029412706545408,0.04182149565874431,1.0,0.9157894736842105,0.08421052631578947,1.0
3994,dna-private,18,15,3,8053,760,0.4718738358375761,-1.0835269148384212,0.19951958732975172,0.8333333333333334,0.16666666666666666,0.4834513077605523
3996,dna-private,390,368,22,7700,741,1.609728453364817,0.6868173392559235,0.03335690325900549,0.9435897435897436,0.05641025641025641,0.14215230475652846
3997,dna-private,54,49,5,8019,758,0.9263499189425115,-0.11037083556529682,0.8072869656177273,0.9074074074074074,0.09259259259259259,0.987235435145587
3998,dna-private,46,32,14,8036,749,0.21304131408661026,-2.2307948623321447,2.0021688505590004e-05,0.6956521739130435,0.30434782608695654,0.00032905209804839225
4000,dna-private,304,294,10,7774,753,2.8477231798302034,1.509808912281733,0.00024530418711015724,0.9671052631578947,0.03289473684210526,0.0030008085025126034
4002,dna-private,24,22,2,8046,761,1.0403927417350236,0.05712823951521257,1.0,0.9166666666666666,0.08333333333333333,1.0
4003,dna-private,94,92,2,7976,761,4.388916750250752,2.1338649051623624,0.0160518717646156,0.9787234042553191,0.02127659574468085,0.08431576376250839
4004,dna-private,16,12,4,8056,759,0.2826464746772592,-1.8229293918701623,0.04347584763160735,0.75,0.25,0.1720824126151579
4005,dna-private,29,22,7,8046,756,0.2953020134228188,-1.7597369018248643,0.010096313083237895,0.7586206896551724,0.2413793103448276,0.06029077954919311
4006,dna-private,66,58,8,8010,755,0.6833645443196005,-0.5492726979560592,0.27482086979898923,0.8787878787878788,0.12121212121212122,0.577637734577502
4007,dna-private,46,40,6,8028,757,0.6286331174223551,-0.6697098172106793,0.2861923865624174,0.8695652173913043,0.13043478260869565,0.5882584128362903
4008,prot-private,35,33,2,8035,761,1.5627255756067207,0.6440644542995428,0.7653062546149721,0.9428571428571428,0.05714285714285714,0.9627088941327722
4009,dna-private,362,350,12,7718,751,2.8380625377904467,1.50490638008419,7.50597335783642e-05,0.9668508287292817,0.03314917127071823,0.0010547427246327759
4010,dna-private,24,21,3,8047,760,0.6611159438299987,-0.5970247869668049,0.45796208248726505,0.875,0.125,0.771541675614701
4011,dna-private,23,17,6,8051,757,0.2664058295035813,-1.9083024430191375,0.011466431173097915,0.7391304347826086,0.2608695652173913,0.06688751517640451
4012,prot-private,12,11,1,8057,762,1.0403375946382027,0.05705176594078467,1.0,0.9166666666666666,0.08333333333333333,1.0
4013,dna-private,66,48,18,8020,745,0.24771404821280132,-2.013252406713915,7.581969164518329e-06,0.7272727272727273,0.2727272727272727,0.00014048942863666315
4014,dna-private,26,19,7,8049,756,0.254938501677227,-1.9717788243746233,0.00533995672421969,0.7307692307692307,0.2692307692307692,0.03703676406889987
4015,prot-private,24,19,5,8049,758,0.3578581190209964,-1.4825403832543624,0.050845175438360646,0.7916666666666666,0.20833333333333334,0.19257992300300927
4016,dna-private,47,41,6,8027,757,0.6444292180557286,-0.6339061883840059,0.2943612407633644,0.8723404255319149,0.1276595744680851,0.6008021004781411
4017,dna-private,235,219,16,7849,747,1.3026579819085233,0.3814583482387209,0.34799435660087596,0.9319148936170213,0.06808510638297872,0.6725044314679505
4018,dna-private,269,241,28,7827,735,0.8082598696818705,-0.307108875642524,0.31992615299904203,0.895910780669145,0.10408921933085502,0.6341483263431458
4019,dna-private,89,87,2,7981,761,4.1477884976819945,2.052342330717,0.03375519962008937,0.9775280898876404,0.02247191011235955,0.14352604562872645
4020,dna-private,20,17,3,8051,760,0.5349231979464248,-0.9025963246739215,0.24653007314042663,0.85,0.15,0.5452454052117999
4021,prot-private,34,27,7,8041,756,0.3626414625046636,-1.4633842102627974,0.023897733564864732,0.7941176470588235,0.20588235294117646,0.11218859492620603
4022,dna-private,40,34,6,8034,757,0.5339390921915194,-0.9052529155305519,0.15359564215460278,0.85,0.15,0.41031203345893885
4023,dna-private,29,24,5,8044,758,0.45231228244654403,-1.1446089223004663,0.09997958225541735,0.8275862068965517,0.1724137931034483,0.3040355130800467
4024,prot-private,145,140,5,7928,758,2.6770938446014125,1.4206677130422076,0.02392169510860372,0.9655172413793104,0.034482758620689655,0.11218859492620603
4025,dna-private,73,68,5,8000,758,1.2886,0.36580449987198166,0.8330946964386712,0.9315068493150684,0.0684931506849315,1.0
4026,dna-private,14,10,4,8058,759,0.23548026805658973,-2.0863219198457696,0.027437579526156688,0.7142857142857143,0.2857142857142857,0.1234691078677051
4027,prot-private,196,190,6,7878,757,3.042861978505543,1.6054288959814804,0.002805305188213582,0.9693877551020408,0.030612244897959183,0.022184212576249664
4028,prot-private,25,23,2,8045,761,1.0878185208203854,0.12143789394974983,1.0,0.92,0.08,1.0
4029,dna-private,57,52,5,8016,758,0.9834331337325349,-0.024101131770386884,1.0,0.9122807017543859,0.08771929824561403,1.0
4030,dna-private,243,239,4,7829,759,5.7925980329544,2.5342105552248175,7.0694696730259245e-06,0.9835390946502057,0.01646090534979424,0.00013163840080806895
4031,prot-private,19,18,1,8050,762,1.7038509316770187,0.7687991210462928,1.0,0.9473684210526315,0.05263157894736842,1.0
4032,dna-private,38,30,8,8038,755,0.3522331425727793,-1.5053974322377852,0.014215028816340472,0.7894736842105263,0.21052631578947367,0.07742479672300717
4033,dna-private,28,27,1,8041,762,2.5586369854495707,1.355375475067056,0.5093441065762562,0.9642857142857143,0.03571428571428571,0.8237951903101118
4036,dna-private,458,429,29,7639,734,1.4214082904875616,0.5073210190808636,0.07283191705274973,0.9366812227074236,0.06331877729257641,0.2489192101802839
4037,prot-private,188,184,4,7884,759,4.428462709284627,2.1468059704289932,0.0003348078676488992,0.9787234042553191,0.02127659574468085,0.003835071938523754
4038,dna-private,12,8,4,8060,759,0.18833746898263026,-2.4086080479998633,0.0155844761709749,0.6666666666666666,0.3333333333333333,0.08308789834454883
4040,prot-private,26,22,4,8046,759,0.5188292319164802,-0.9466683285728665,0.2775668458116302,0.8461538461538461,0.15384615384615385,0.577637734577502
4041,prot-private,20,20,0,8048,763,3.8893582655153134,1.9595321337374263,0.4103003441798839,1.0,0.0,0.7243976184025975
4042,prot-private,45,31,14,8037,749,0.20635809381610054,-2.276778069775513,1.5113678329662784e-05,0.6888888888888889,0.3111111111111111,0.0002550433218130595
4043,prot-private,11,10,1,8058,762,0.9456440804169769,-0.08063080776791416,1.0,0.9090909090909091,0.09090909090909091,1.0
4044,dna-private,75,50,25,8018,738,0.1840858069343976,-2.4415496960903744,1.4229963822885767e-09,0.6666666666666666,0.3333333333333333,6.254565494245139e-08
4045,prot-private,18,18,0,8050,763,3.509036705794671,1.8110750389315806,0.39580838671128105,1.0,0.0,0.7127945220431836
4046,dna-private,23,20,3,8048,760,0.629555997349238,-0.667593387308373,0.4442764268572269,0.8695652173913043,0.13043478260869565,0.7581782814990148
4047,dna-private,30,22,8,8046,755,0.25804747700720854,-1.9542915697758916,0.0031439857370636048,0.7333333333333333,0.26666666666666666,0.02430320263006222
4048,dna-private,409,393,16,7675,747,2.39064332247557,1.2573988999029395,0.0001976007535108687,0.960880195599022,0.039119804400977995,0.0024980964825119857
4049,dna-private,60,54,6,8014,757,0.8501372597953581,-0.2342323030027539,0.6441431249902982,0.9,0.1,0.8951694898762232
4051,dna-private,20,19,1,8049,762,1.798732761833768,0.8469808609552302,1.0,0.95,0.05,1.0
4052,dna-private,54,48,6,8020,757,0.7551122194513715,-0.4052370313565511,0.46542309281206906,0.8888888888888888,0.1111111111111111,0.7808696364090639
4053,dna-private,26,21,5,8047,758,0.39562569901826766,-1.3377919512928673,0.06832843727733481,0.8076923076923077,0.19230769230769232,0.23739107804074044
4054,prot-private,20,20,0,8048,763,3.8893582655153134,1.9595321337374263,0.4103003441798839,1.0,0.0,0.7243976184025975
4055,dna-private,22,19,3,8049,760,0.598003892823125,-0.7417732189283001,0.43163260794238584,0.8636363636363636,0.13636363636363635,0.7488214573864685
4056,dna-private,96,89,7,7979,756,1.2046622383757364,0.26862870220096874,0.8542993463368287,0.9270833333333334,0.07291666666666667,1.0
4057,prot-private,18,18,0,8050,763,3.509036705794671,1.8110750389315806,0.39580838671128105,1.0,0.0,0.7127945220431836
4058,dna-private,137,125,12,7943,751,0.9848818666330942,-0.021977406504618976,0.8787566988846072,0.9124087591240876,0.08759124087591241,1.0
4059,dna-private,44,44,0,8024,763,8.468004237024113,3.082021991208061,0.030121196927990236,1.0,0.0,0.13228591805961004
4060,prot-private,14,14,0,8054,763,2.748960208579055,1.4588860238748205,0.6261069302735234,1.0,0.0,0.8877285057891666
4061,dna-private,23,18,5,8050,758,0.33898136645962734,-1.5607221231633,0.043210400933891426,0.782608695652174,0.21739130434782608,0.1720824126151579
4062,dna-private,20,15,5,8053,758,0.28237923755122313,-1.8242940791644837,0.024659972710545527,0.75,0.25,0.11444583190434565
4063,dna-private,64,60,4,8008,759,1.4217032967032968,0.5076204121879914,0.6561070459326518,0.9375,0.0625,0.9008661945606334
4064,dna-private,28,24,4,8044,759,0.5661362506215813,-0.8207787901687292,0.2985886706930741,0.8571428571428571,0.14285714285714285,0.6074624193863403
4065,dna-private,21,13,8,8055,755,0.15231222842954686,-2.714896321240398,0.0002198507948276116,0.6190476190476191,0.38095238095238093,0.002733671067264381
4066,dna-private,25,22,3,8046,760,0.692683735189328,-0.5297312963785412,0.4725039628434682,0.88,0.12,0.7854287509007519
4067,dna-private,119,100,19,7968,744,0.4914394419784401,-1.0249144446289102,0.007822891832234464,0.8403361344537815,0.15966386554621848,0.04969837164007777
4068,dna-private,76,66,10,8002,753,0.6210697325668583,-0.6871728342025827,0.1521596788368733,0.868421052631579,0.13157894736842105,0.40849686505921956
4069,dna-private,20,18,2,8050,761,0.850807453416149,-0.2330954229434839,0.689509959490357,0.9,0.1,0.9164372879302213
4070,dna-private,43,35,8,8033,755,0.4111944479024026,-1.2821073100193527,0.028822847928819846,0.813953488372093,0.18604651162790697,0.12817690020110473
4072,prot-private,139,138,1,7930,762,13.260529634300125,3.72906649368015,9.240543570962592e-05,0.9928057553956835,0.007194244604316547,0.0012701547162995853
4073,prot-private,22,19,3,8049,760,0.598003892823125,-0.7417732189283001,0.43163260794238584,0.8636363636363636,0.13636363636363635,0.7488214573864685
4074,dna-private,377,369,8,7699,755,4.523233536822964,2.177354484963016,1.5927267604043406e-07,0.9787798408488063,0.021220159151193633,4.778180281213021e-06
4075,prot-private,12,11,1,8057,762,1.0403375946382027,0.05705176594078467,1.0,0.9166666666666666,0.08333333333333333,1.0
4076,dna-private,89,82,7,7986,756,1.1089406461307287,0.14918215014850422,1.0,0.9213483146067416,0.07865168539325842,1.0
4077,dna-private,58,49,9,8019,754,0.5119230715938535,-0.9660010670226741,0.09332902648320371,0.8448275862068966,0.15517241379310345,0.29035697128107824
4078,dna-private,118,115,3,7953,760,3.663187895553041,1.873099702965752,0.01248807242734809,0.9745762711864406,0.025423728813559324,0.07014103086980056
4079,dna-private,30,28,2,8040,761,1.3251243781094528,0.4061277794948587,1.0,0.9333333333333333,0.06666666666666667,1.0
4080,prot-private,121,110,11,7958,752,0.9449610454888163,-0.08167323712873774,0.8699680844107571,0.9090909090909091,0.09090909090909091,1.0
4081,prot-private,210,180,30,7888,733,0.5575557809330629,-0.8428119475229434,0.005811223188283686,0.8571428571428571,0.14285714285714285,0.039650584208867024
4082,dead,43,40,3,8028,760,1.2622487958810829,0.3359963011345369,1.0,0.9302325581395349,0.06976744186046512,1.0
4083,dna-private,26,23,3,8045,760,0.7242593743525999,-0.4654216419440042,0.48773304782795196,0.8846153846153846,0.11538461538461539,0.801927325267359
4084,dna-private,20,18,2,8050,761,0.850807453416149,-0.2330954229434839,0.689509959490357,0.9,0.1,0.9164372879302213
4085,dna-private,33,30,3,8038,760,0.9455088330430456,-0.08083715884043495,0.7604116415681585,0.9090909090909091,0.09090909090909091,0.960359507226074
4086,dna-private,25,22,3,8046,760,0.692683735189328,-0.5297312963785412,0.4725039628434682,0.88,0.12,0.7854287509007519
4087,dna-private,35,31,4,8037,759,0.7318962299365435,-0.4502889807611938,0.5400047448892422,0.8857142857142857,0.11428571428571428,0.8512168205510157
4088,dna-private,15,12,3,8056,760,0.37735849056603776,-1.4059923596758368,0.13412797121574013,0.8,0.2,0.36953624722703915
4089,dna-private,15,11,4,8057,759,0.2590604443341194,-1.948639346137071,0.03492376050102878,0.7333333333333333,0.26666666666666666,0.1468429529409219
4090,dna-private,69,60,9,8008,754,0.6277056277056277,-0.6718399514011232,0.1936148473682484,0.8695652173913043,0.13043478260869565,0.4764740384452988
4091,dna-private,13,11,2,8057,761,0.5194861611021472,-0.9448427780489919,0.31132490475252955,0.8461538461538461,0.15384615384615385,0.6226498095050591
4092,dna-private,14,9,5,8059,758,0.1693014021590768,-2.562334173162551,0.004911449152307102,0.6428571428571429,0.35714285714285715,0.03444392912007578
4093,dna-private,47,37,10,8031,753,0.34691819200597684,-1.5273325989484183,0.005956816311088072,0.7872340425531915,0.2127659574468085,0.04028043945601594
4094,dna-private,31,24,7,8044,756,0.32222774738935855,-1.6338473634207271,0.014629950189399336,0.7741935483870968,0.22580645161290322,0.07888903240503493
4095,dna-private,36,29,7,8039,756,0.3896006966040552,-1.3599318379334382,0.03193812350325204,0.8055555555555556,0.19444444444444445,0.1379726935340488
